dataset_id,stage,asset_class,instrument,frequency,source,path,format,file_count,total_bytes,row_count,start_date,end_date,columns,canonical_role,quality_status,overlap_key,overlaps_with,notes
raw_dhan_banknifty_week_expiry_code_1_call_atm,raw,index_options,BANKNIFTY,1min,dhan_rollingoption,data/raw/options/dhan/banknifty/week/expiry_code_1/call/ATM,json,61,89289932,,2021-05-01,2026-04-30,,options_cross_check_source,raw_vendor_response_missing_bid_ask,index_options|BANKNIFTY|1min|option_ohlcv,,week/expiry_code_1/call/ATM; contains OHLCV/OI/IV/spot when API returned data.
raw_dhan_banknifty_week_expiry_code_1_call_atmm1,raw,index_options,BANKNIFTY,1min,dhan_rollingoption,data/raw/options/dhan/banknifty/week/expiry_code_1/call/ATMm1,json,61,89233273,,2021-05-01,2026-04-30,,options_cross_check_source,raw_vendor_response_missing_bid_ask,index_options|BANKNIFTY|1min|option_ohlcv,,week/expiry_code_1/call/ATMm1; contains OHLCV/OI/IV/spot when API returned data.
raw_dhan_banknifty_week_expiry_code_1_call_atmm10,raw,index_options,BANKNIFTY,1min,dhan_rollingoption,data/raw/options/dhan/banknifty/week/expiry_code_1/call/ATMm10,json,61,87765296,,2021-05-01,2026-04-30,,options_cross_check_source,raw_vendor_response_missing_bid_ask,index_options|BANKNIFTY|1min|option_ohlcv,,week/expiry_code_1/call/ATMm10; contains OHLCV/OI/IV/spot when API returned data.
raw_dhan_banknifty_week_expiry_code_1_call_atmm2,raw,index_options,BANKNIFTY,1min,dhan_rollingoption,data/raw/options/dhan/banknifty/week/expiry_code_1/call/ATMm2,json,61,88970316,,2021-05-01,2026-04-30,,options_cross_check_source,raw_vendor_response_missing_bid_ask,index_options|BANKNIFTY|1min|option_ohlcv,,week/expiry_code_1/call/ATMm2; contains OHLCV/OI/IV/spot when API returned data.
raw_dhan_banknifty_week_expiry_code_1_call_atmm3,raw,index_options,BANKNIFTY,1min,dhan_rollingoption,data/raw/options/dhan/banknifty/week/expiry_code_1/call/ATMm3,json,61,88689014,,2021-05-01,2026-04-30,,options_cross_check_source,raw_vendor_response_missing_bid_ask,index_options|BANKNIFTY|1min|option_ohlcv,,week/expiry_code_1/call/ATMm3; contains OHLCV/OI/IV/spot when API returned data.
raw_dhan_banknifty_week_expiry_code_1_call_atmm4,raw,index_options,BANKNIFTY,1min,dhan_rollingoption,data/raw/options/dhan/banknifty/week/expiry_code_1/call/ATMm4,json,61,88426610,,2021-05-01,2026-04-30,,options_cross_check_source,raw_vendor_response_missing_bid_ask,index_options|BANKNIFTY|1min|option_ohlcv,,week/expiry_code_1/call/ATMm4; contains OHLCV/OI/IV/spot when API returned data.
raw_dhan_banknifty_week_expiry_code_1_call_atmm5,raw,index_options,BANKNIFTY,1min,dhan_rollingoption,data/raw/options/dhan/banknifty/week/expiry_code_1/call/ATMm5,json,61,88178541,,2021-05-01,2026-04-30,,options_cross_check_source,raw_vendor_response_missing_bid_ask,index_options|BANKNIFTY|1min|option_ohlcv,,week/expiry_code_1/call/ATMm5; contains OHLCV/OI/IV/spot when API returned data.
raw_dhan_banknifty_week_expiry_code_1_call_atmm6,raw,index_options,BANKNIFTY,1min,dhan_rollingoption,data/raw/options/dhan/banknifty/week/expiry_code_1/call/ATMm6,json,61,87947549,,2021-05-01,2026-04-30,,options_cross_check_source,raw_vendor_response_missing_bid_ask,index_options|BANKNIFTY|1min|option_ohlcv,,week/expiry_code_1/call/ATMm6; contains OHLCV/OI/IV/spot when API returned data.
raw_dhan_banknifty_week_expiry_code_1_call_atmm7,raw,index_options,BANKNIFTY,1min,dhan_rollingoption,data/raw/options/dhan/banknifty/week/expiry_code_1/call/ATMm7,json,61,87666356,,2021-05-01,2026-04-30,,options_cross_check_source,raw_vendor_response_missing_bid_ask,index_options|BANKNIFTY|1min|option_ohlcv,,week/expiry_code_1/call/ATMm7; contains OHLCV/OI/IV/spot when API returned data.
raw_dhan_banknifty_week_expiry_code_1_call_atmm8,raw,index_options,BANKNIFTY,1min,dhan_rollingoption,data/raw/options/dhan/banknifty/week/expiry_code_1/call/ATMm8,json,61,87423600,,2021-05-01,2026-04-30,,options_cross_check_source,raw_vendor_response_missing_bid_ask,index_options|BANKNIFTY|1min|option_ohlcv,,week/expiry_code_1/call/ATMm8; contains OHLCV/OI/IV/spot when API returned data.
raw_dhan_banknifty_week_expiry_code_1_call_atmm9,raw,index_options,BANKNIFTY,1min,dhan_rollingoption,data/raw/options/dhan/banknifty/week/expiry_code_1/call/ATMm9,json,61,87390758,,2021-05-01,2026-04-30,,options_cross_check_source,raw_vendor_response_missing_bid_ask,index_options|BANKNIFTY|1min|option_ohlcv,,week/expiry_code_1/call/ATMm9; contains OHLCV/OI/IV/spot when API returned data.
raw_dhan_banknifty_week_expiry_code_1_call_atmp1,raw,index_options,BANKNIFTY,1min,dhan_rollingoption,data/raw/options/dhan/banknifty/week/expiry_code_1/call/ATMp1,json,61,89133389,,2021-05-01,2026-04-30,,options_cross_check_source,raw_vendor_response_missing_bid_ask,index_options|BANKNIFTY|1min|option_ohlcv,,week/expiry_code_1/call/ATMp1; contains OHLCV/OI/IV/spot when API returned data.
raw_dhan_banknifty_week_expiry_code_1_call_atmp10,raw,index_options,BANKNIFTY,1min,dhan_rollingoption,data/raw/options/dhan/banknifty/week/expiry_code_1/call/ATMp10,json,61,87153603,,2021-05-01,2026-04-30,,options_cross_check_source,raw_vendor_response_missing_bid_ask,index_options|BANKNIFTY|1min|option_ohlcv,,week/expiry_code_1/call/ATMp10; contains OHLCV/OI/IV/spot when API returned data.
raw_dhan_banknifty_week_expiry_code_1_call_atmp2,raw,index_options,BANKNIFTY,1min,dhan_rollingoption,data/raw/options/dhan/banknifty/week/expiry_code_1/call/ATMp2,json,61,88888972,,2021-05-01,2026-04-30,,options_cross_check_source,raw_vendor_response_missing_bid_ask,index_options|BANKNIFTY|1min|option_ohlcv,,week/expiry_code_1/call/ATMp2; contains OHLCV/OI/IV/spot when API returned data.
raw_dhan_banknifty_week_expiry_code_1_call_atmp3,raw,index_options,BANKNIFTY,1min,dhan_rollingoption,data/raw/options/dhan/banknifty/week/expiry_code_1/call/ATMp3,json,61,88644722,,2021-05-01,2026-04-30,,options_cross_check_source,raw_vendor_response_missing_bid_ask,index_options|BANKNIFTY|1min|option_ohlcv,,week/expiry_code_1/call/ATMp3; contains OHLCV/OI/IV/spot when API returned data.
raw_dhan_banknifty_week_expiry_code_1_call_atmp4,raw,index_options,BANKNIFTY,1min,dhan_rollingoption,data/raw/options/dhan/banknifty/week/expiry_code_1/call/ATMp4,json,61,88394938,,2021-05-01,2026-04-30,,options_cross_check_source,raw_vendor_response_missing_bid_ask,index_options|BANKNIFTY|1min|option_ohlcv,,week/expiry_code_1/call/ATMp4; contains OHLCV/OI/IV/spot when API returned data.
raw_dhan_banknifty_week_expiry_code_1_call_atmp5,raw,index_options,BANKNIFTY,1min,dhan_rollingoption,data/raw/options/dhan/banknifty/week/expiry_code_1/call/ATMp5,json,61,88133820,,2021-05-01,2026-04-30,,options_cross_check_source,raw_vendor_response_missing_bid_ask,index_options|BANKNIFTY|1min|option_ohlcv,,week/expiry_code_1/call/ATMp5; contains OHLCV/OI/IV/spot when API returned data.
raw_dhan_banknifty_week_expiry_code_1_call_atmp6,raw,index_options,BANKNIFTY,1min,dhan_rollingoption,data/raw/options/dhan/banknifty/week/expiry_code_1/call/ATMp6,json,61,87910510,,2021-05-01,2026-04-30,,options_cross_check_source,raw_vendor_response_missing_bid_ask,index_options|BANKNIFTY|1min|option_ohlcv,,week/expiry_code_1/call/ATMp6; contains OHLCV/OI/IV/spot when API returned data.
raw_dhan_banknifty_week_expiry_code_1_call_atmp7,raw,index_options,BANKNIFTY,1min,dhan_rollingoption,data/raw/options/dhan/banknifty/week/expiry_code_1/call/ATMp7,json,61,87706625,,2021-05-01,2026-04-30,,options_cross_check_source,raw_vendor_response_missing_bid_ask,index_options|BANKNIFTY|1min|option_ohlcv,,week/expiry_code_1/call/ATMp7; contains OHLCV/OI/IV/spot when API returned data.
raw_dhan_banknifty_week_expiry_code_1_call_atmp8,raw,index_options,BANKNIFTY,1min,dhan_rollingoption,data/raw/options/dhan/banknifty/week/expiry_code_1/call/ATMp8,json,61,87527767,,2021-05-01,2026-04-30,,options_cross_check_source,raw_vendor_response_missing_bid_ask,index_options|BANKNIFTY|1min|option_ohlcv,,week/expiry_code_1/call/ATMp8; contains OHLCV/OI/IV/spot when API returned data.
raw_dhan_banknifty_week_expiry_code_1_call_atmp9,raw,index_options,BANKNIFTY,1min,dhan_rollingoption,data/raw/options/dhan/banknifty/week/expiry_code_1/call/ATMp9,json,61,87343866,,2021-05-01,2026-04-30,,options_cross_check_source,raw_vendor_response_missing_bid_ask,index_options|BANKNIFTY|1min|option_ohlcv,,week/expiry_code_1/call/ATMp9; contains OHLCV/OI/IV/spot when API returned data.
raw_dhan_banknifty_week_expiry_code_1_put_atm,raw,index_options,BANKNIFTY,1min,dhan_rollingoption,data/raw/options/dhan/banknifty/week/expiry_code_1/put/ATM,json,61,89261472,,2021-05-01,2026-04-30,,options_cross_check_source,raw_vendor_response_missing_bid_ask,index_options|BANKNIFTY|1min|option_ohlcv,,week/expiry_code_1/put/ATM; contains OHLCV/OI/IV/spot when API returned data.
raw_dhan_banknifty_week_expiry_code_1_put_atmm1,raw,index_options,BANKNIFTY,1min,dhan_rollingoption,data/raw/options/dhan/banknifty/week/expiry_code_1/put/ATMm1,json,61,89072247,,2021-05-01,2026-04-30,,options_cross_check_source,raw_vendor_response_missing_bid_ask,index_options|BANKNIFTY|1min|option_ohlcv,,week/expiry_code_1/put/ATMm1; contains OHLCV/OI/IV/spot when API returned data.
raw_dhan_banknifty_week_expiry_code_1_put_atmm10,raw,index_options,BANKNIFTY,1min,dhan_rollingoption,data/raw/options/dhan/banknifty/week/expiry_code_1/put/ATMm10,json,61,87210221,,2021-05-01,2026-04-30,,options_cross_check_source,raw_vendor_response_missing_bid_ask,index_options|BANKNIFTY|1min|option_ohlcv,,week/expiry_code_1/put/ATMm10; contains OHLCV/OI/IV/spot when API returned data.
raw_dhan_banknifty_week_expiry_code_1_put_atmm2,raw,index_options,BANKNIFTY,1min,dhan_rollingoption,data/raw/options/dhan/banknifty/week/expiry_code_1/put/ATMm2,json,61,88815397,,2021-05-01,2026-04-30,,options_cross_check_source,raw_vendor_response_missing_bid_ask,index_options|BANKNIFTY|1min|option_ohlcv,,week/expiry_code_1/put/ATMm2; contains OHLCV/OI/IV/spot when API returned data.
raw_dhan_banknifty_week_expiry_code_1_put_atmm3,raw,index_options,BANKNIFTY,1min,dhan_rollingoption,data/raw/options/dhan/banknifty/week/expiry_code_1/put/ATMm3,json,61,88569426,,2021-05-01,2026-04-30,,options_cross_check_source,raw_vendor_response_missing_bid_ask,index_options|BANKNIFTY|1min|option_ohlcv,,week/expiry_code_1/put/ATMm3; contains OHLCV/OI/IV/spot when API returned data.
raw_dhan_banknifty_week_expiry_code_1_put_atmm4,raw,index_options,BANKNIFTY,1min,dhan_rollingoption,data/raw/options/dhan/banknifty/week/expiry_code_1/put/ATMm4,json,61,88335010,,2021-05-01,2026-04-30,,options_cross_check_source,raw_vendor_response_missing_bid_ask,index_options|BANKNIFTY|1min|option_ohlcv,,week/expiry_code_1/put/ATMm4; contains OHLCV/OI/IV/spot when API returned data.
raw_dhan_banknifty_week_expiry_code_1_put_atmm5,raw,index_options,BANKNIFTY,1min,dhan_rollingoption,data/raw/options/dhan/banknifty/week/expiry_code_1/put/ATMm5,json,61,88108598,,2021-05-01,2026-04-30,,options_cross_check_source,raw_vendor_response_missing_bid_ask,index_options|BANKNIFTY|1min|option_ohlcv,,week/expiry_code_1/put/ATMm5; contains OHLCV/OI/IV/spot when API returned data.
raw_dhan_banknifty_week_expiry_code_1_put_atmm6,raw,index_options,BANKNIFTY,1min,dhan_rollingoption,data/raw/options/dhan/banknifty/week/expiry_code_1/put/ATMm6,json,61,87907289,,2021-05-01,2026-04-30,,options_cross_check_source,raw_vendor_response_missing_bid_ask,index_options|BANKNIFTY|1min|option_ohlcv,,week/expiry_code_1/put/ATMm6; contains OHLCV/OI/IV/spot when API returned data.
raw_dhan_banknifty_week_expiry_code_1_put_atmm7,raw,index_options,BANKNIFTY,1min,dhan_rollingoption,data/raw/options/dhan/banknifty/week/expiry_code_1/put/ATMm7,json,61,87709186,,2021-05-01,2026-04-30,,options_cross_check_source,raw_vendor_response_missing_bid_ask,index_options|BANKNIFTY|1min|option_ohlcv,,week/expiry_code_1/put/ATMm7; contains OHLCV/OI/IV/spot when API returned data.
raw_dhan_banknifty_week_expiry_code_1_put_atmm8,raw,index_options,BANKNIFTY,1min,dhan_rollingoption,data/raw/options/dhan/banknifty/week/expiry_code_1/put/ATMm8,json,61,87533195,,2021-05-01,2026-04-30,,options_cross_check_source,raw_vendor_response_missing_bid_ask,index_options|BANKNIFTY|1min|option_ohlcv,,week/expiry_code_1/put/ATMm8; contains OHLCV/OI/IV/spot when API returned data.
raw_dhan_banknifty_week_expiry_code_1_put_atmm9,raw,index_options,BANKNIFTY,1min,dhan_rollingoption,data/raw/options/dhan/banknifty/week/expiry_code_1/put/ATMm9,json,61,87365905,,2021-05-01,2026-04-30,,options_cross_check_source,raw_vendor_response_missing_bid_ask,index_options|BANKNIFTY|1min|option_ohlcv,,week/expiry_code_1/put/ATMm9; contains OHLCV/OI/IV/spot when API returned data.
raw_dhan_banknifty_week_expiry_code_1_put_atmp1,raw,index_options,BANKNIFTY,1min,dhan_rollingoption,data/raw/options/dhan/banknifty/week/expiry_code_1/put/ATMp1,json,61,89205441,,2021-05-01,2026-04-30,,options_cross_check_source,raw_vendor_response_missing_bid_ask,index_options|BANKNIFTY|1min|option_ohlcv,,week/expiry_code_1/put/ATMp1; contains OHLCV/OI/IV/spot when API returned data.
raw_dhan_banknifty_week_expiry_code_1_put_atmp10,raw,index_options,BANKNIFTY,1min,dhan_rollingoption,data/raw/options/dhan/banknifty/week/expiry_code_1/put/ATMp10,json,61,87762576,,2021-05-01,2026-04-30,,options_cross_check_source,raw_vendor_response_missing_bid_ask,index_options|BANKNIFTY|1min|option_ohlcv,,week/expiry_code_1/put/ATMp10; contains OHLCV/OI/IV/spot when API returned data.
raw_dhan_banknifty_week_expiry_code_1_put_atmp2,raw,index_options,BANKNIFTY,1min,dhan_rollingoption,data/raw/options/dhan/banknifty/week/expiry_code_1/put/ATMp2,json,61,88985114,,2021-05-01,2026-04-30,,options_cross_check_source,raw_vendor_response_missing_bid_ask,index_options|BANKNIFTY|1min|option_ohlcv,,week/expiry_code_1/put/ATMp2; contains OHLCV/OI/IV/spot when API returned data.
raw_dhan_banknifty_week_expiry_code_1_put_atmp3,raw,index_options,BANKNIFTY,1min,dhan_rollingoption,data/raw/options/dhan/banknifty/week/expiry_code_1/put/ATMp3,json,61,88724113,,2021-05-01,2026-04-30,,options_cross_check_source,raw_vendor_response_missing_bid_ask,index_options|BANKNIFTY|1min|option_ohlcv,,week/expiry_code_1/put/ATMp3; contains OHLCV/OI/IV/spot when API returned data.
raw_dhan_banknifty_week_expiry_code_1_put_atmp4,raw,index_options,BANKNIFTY,1min,dhan_rollingoption,data/raw/options/dhan/banknifty/week/expiry_code_1/put/ATMp4,json,61,88457872,,2021-05-01,2026-04-30,,options_cross_check_source,raw_vendor_response_missing_bid_ask,index_options|BANKNIFTY|1min|option_ohlcv,,week/expiry_code_1/put/ATMp4; contains OHLCV/OI/IV/spot when API returned data.
raw_dhan_banknifty_week_expiry_code_1_put_atmp5,raw,index_options,BANKNIFTY,1min,dhan_rollingoption,data/raw/options/dhan/banknifty/week/expiry_code_1/put/ATMp5,json,61,88172117,,2021-05-01,2026-04-30,,options_cross_check_source,raw_vendor_response_missing_bid_ask,index_options|BANKNIFTY|1min|option_ohlcv,,week/expiry_code_1/put/ATMp5; contains OHLCV/OI/IV/spot when API returned data.
raw_dhan_banknifty_week_expiry_code_1_put_atmp6,raw,index_options,BANKNIFTY,1min,dhan_rollingoption,data/raw/options/dhan/banknifty/week/expiry_code_1/put/ATMp6,json,61,87932997,,2021-05-01,2026-04-30,,options_cross_check_source,raw_vendor_response_missing_bid_ask,index_options|BANKNIFTY|1min|option_ohlcv,,week/expiry_code_1/put/ATMp6; contains OHLCV/OI/IV/spot when API returned data.
raw_dhan_banknifty_week_expiry_code_1_put_atmp7,raw,index_options,BANKNIFTY,1min,dhan_rollingoption,data/raw/options/dhan/banknifty/week/expiry_code_1/put/ATMp7,json,61,87688987,,2021-05-01,2026-04-30,,options_cross_check_source,raw_vendor_response_missing_bid_ask,index_options|BANKNIFTY|1min|option_ohlcv,,week/expiry_code_1/put/ATMp7; contains OHLCV/OI/IV/spot when API returned data.
raw_dhan_banknifty_week_expiry_code_1_put_atmp8,raw,index_options,BANKNIFTY,1min,dhan_rollingoption,data/raw/options/dhan/banknifty/week/expiry_code_1/put/ATMp8,json,61,87460070,,2021-05-01,2026-04-30,,options_cross_check_source,raw_vendor_response_missing_bid_ask,index_options|BANKNIFTY|1min|option_ohlcv,,week/expiry_code_1/put/ATMp8; contains OHLCV/OI/IV/spot when API returned data.
raw_dhan_banknifty_week_expiry_code_1_put_atmp9,raw,index_options,BANKNIFTY,1min,dhan_rollingoption,data/raw/options/dhan/banknifty/week/expiry_code_1/put/ATMp9,json,61,87355744,,2021-05-01,2026-04-30,,options_cross_check_source,raw_vendor_response_missing_bid_ask,index_options|BANKNIFTY|1min|option_ohlcv,,week/expiry_code_1/put/ATMp9; contains OHLCV/OI/IV/spot when API returned data.
raw_dhan_finnifty_week_expiry_code_1_call_atm,raw,index_options,FINNIFTY,1min,dhan_rollingoption,data/raw/options/dhan/finnifty/week/expiry_code_1/call/ATM,json,61,81908114,,2021-05-01,2026-04-30,,options_cross_check_source,raw_vendor_response_missing_bid_ask,index_options|FINNIFTY|1min|option_ohlcv,,week/expiry_code_1/call/ATM; contains OHLCV/OI/IV/spot when API returned data.
raw_dhan_finnifty_week_expiry_code_1_call_atmm1,raw,index_options,FINNIFTY,1min,dhan_rollingoption,data/raw/options/dhan/finnifty/week/expiry_code_1/call/ATMm1,json,61,77642693,,2021-05-01,2026-04-30,,options_cross_check_source,raw_vendor_response_missing_bid_ask,index_options|FINNIFTY|1min|option_ohlcv,,week/expiry_code_1/call/ATMm1; contains OHLCV/OI/IV/spot when API returned data.
raw_dhan_finnifty_week_expiry_code_1_call_atmm10,raw,index_options,FINNIFTY,1min,dhan_rollingoption,data/raw/options/dhan/finnifty/week/expiry_code_1/call/ATMm10,json,61,54122290,,2021-05-01,2026-04-30,,options_cross_check_source,raw_vendor_response_missing_bid_ask,index_options|FINNIFTY|1min|option_ohlcv,,week/expiry_code_1/call/ATMm10; contains OHLCV/OI/IV/spot when API returned data.
raw_dhan_finnifty_week_expiry_code_1_call_atmm2,raw,index_options,FINNIFTY,1min,dhan_rollingoption,data/raw/options/dhan/finnifty/week/expiry_code_1/call/ATMm2,json,61,75257881,,2021-05-01,2026-04-30,,options_cross_check_source,raw_vendor_response_missing_bid_ask,index_options|FINNIFTY|1min|option_ohlcv,,week/expiry_code_1/call/ATMm2; contains OHLCV/OI/IV/spot when API returned data.
raw_dhan_finnifty_week_expiry_code_1_call_atmm3,raw,index_options,FINNIFTY,1min,dhan_rollingoption,data/raw/options/dhan/finnifty/week/expiry_code_1/call/ATMm3,json,61,72268468,,2021-05-01,2026-04-30,,options_cross_check_source,raw_vendor_response_missing_bid_ask,index_options|FINNIFTY|1min|option_ohlcv,,week/expiry_code_1/call/ATMm3; contains OHLCV/OI/IV/spot when API returned data.
raw_dhan_finnifty_week_expiry_code_1_call_atmm4,raw,index_options,FINNIFTY,1min,dhan_rollingoption,data/raw/options/dhan/finnifty/week/expiry_code_1/call/ATMm4,json,61,70160319,,2021-05-01,2026-04-30,,options_cross_check_source,raw_vendor_response_missing_bid_ask,index_options|FINNIFTY|1min|option_ohlcv,,week/expiry_code_1/call/ATMm4; contains OHLCV/OI/IV/spot when API returned data.
raw_dhan_finnifty_week_expiry_code_1_call_atmm5,raw,index_options,FINNIFTY,1min,dhan_rollingoption,data/raw/options/dhan/finnifty/week/expiry_code_1/call/ATMm5,json,61,67523994,,2021-05-01,2026-04-30,,options_cross_check_source,raw_vendor_response_missing_bid_ask,index_options|FINNIFTY|1min|option_ohlcv,,week/expiry_code_1/call/ATMm5; contains OHLCV/OI/IV/spot when API returned data.
raw_dhan_finnifty_week_expiry_code_1_call_atmm6,raw,index_options,FINNIFTY,1min,dhan_rollingoption,data/raw/options/dhan/finnifty/week/expiry_code_1/call/ATMm6,json,61,65293379,,2021-05-01,2026-04-30,,options_cross_check_source,raw_vendor_response_missing_bid_ask,index_options|FINNIFTY|1min|option_ohlcv,,week/expiry_code_1/call/ATMm6; contains OHLCV/OI/IV/spot when API returned data.
raw_dhan_finnifty_week_expiry_code_1_call_atmm7,raw,index_options,FINNIFTY,1min,dhan_rollingoption,data/raw/options/dhan/finnifty/week/expiry_code_1/call/ATMm7,json,61,62505492,,2021-05-01,2026-04-30,,options_cross_check_source,raw_vendor_response_missing_bid_ask,index_options|FINNIFTY|1min|option_ohlcv,,week/expiry_code_1/call/ATMm7; contains OHLCV/OI/IV/spot when API returned data.
raw_dhan_finnifty_week_expiry_code_1_call_atmm8,raw,index_options,FINNIFTY,1min,dhan_rollingoption,data/raw/options/dhan/finnifty/week/expiry_code_1/call/ATMm8,json,61,59675609,,2021-05-01,2026-04-30,,options_cross_check_source,raw_vendor_response_missing_bid_ask,index_options|FINNIFTY|1min|option_ohlcv,,week/expiry_code_1/call/ATMm8; contains OHLCV/OI/IV/spot when API returned data.
raw_dhan_finnifty_week_expiry_code_1_call_atmm9,raw,index_options,FINNIFTY,1min,dhan_rollingoption,data/raw/options/dhan/finnifty/week/expiry_code_1/call/ATMm9,json,61,56043127,,2021-05-01,2026-04-30,,options_cross_check_source,raw_vendor_response_missing_bid_ask,index_options|FINNIFTY|1min|option_ohlcv,,week/expiry_code_1/call/ATMm9; contains OHLCV/OI/IV/spot when API returned data.
raw_dhan_finnifty_week_expiry_code_1_call_atmp1,raw,index_options,FINNIFTY,1min,dhan_rollingoption,data/raw/options/dhan/finnifty/week/expiry_code_1/call/ATMp1,json,61,80911617,,2021-05-01,2026-04-30,,options_cross_check_source,raw_vendor_response_missing_bid_ask,index_options|FINNIFTY|1min|option_ohlcv,,week/expiry_code_1/call/ATMp1; contains OHLCV/OI/IV/spot when API returned data.
raw_dhan_finnifty_week_expiry_code_1_call_atmp10,raw,index_options,FINNIFTY,1min,dhan_rollingoption,data/raw/options/dhan/finnifty/week/expiry_code_1/call/ATMp10,json,61,75280845,,2021-05-01,2026-04-30,,options_cross_check_source,raw_vendor_response_missing_bid_ask,index_options|FINNIFTY|1min|option_ohlcv,,week/expiry_code_1/call/ATMp10; contains OHLCV/OI/IV/spot when API returned data.
raw_dhan_finnifty_week_expiry_code_1_call_atmp2,raw,index_options,FINNIFTY,1min,dhan_rollingoption,data/raw/options/dhan/finnifty/week/expiry_code_1/call/ATMp2,json,61,81092947,,2021-05-01,2026-04-30,,options_cross_check_source,raw_vendor_response_missing_bid_ask,index_options|FINNIFTY|1min|option_ohlcv,,week/expiry_code_1/call/ATMp2; contains OHLCV/OI/IV/spot when API returned data.
raw_dhan_finnifty_week_expiry_code_1_call_atmp3,raw,index_options,FINNIFTY,1min,dhan_rollingoption,data/raw/options/dhan/finnifty/week/expiry_code_1/call/ATMp3,json,61,81128940,,2021-05-01,2026-04-30,,options_cross_check_source,raw_vendor_response_missing_bid_ask,index_options|FINNIFTY|1min|option_ohlcv,,week/expiry_code_1/call/ATMp3; contains OHLCV/OI/IV/spot when API returned data.
raw_dhan_finnifty_week_expiry_code_1_call_atmp4,raw,index_options,FINNIFTY,1min,dhan_rollingoption,data/raw/options/dhan/finnifty/week/expiry_code_1/call/ATMp4,json,61,80420640,,2021-05-01,2026-04-30,,options_cross_check_source,raw_vendor_response_missing_bid_ask,index_options|FINNIFTY|1min|option_ohlcv,,week/expiry_code_1/call/ATMp4; contains OHLCV/OI/IV/spot when API returned data.
raw_dhan_finnifty_week_expiry_code_1_call_atmp5,raw,index_options,FINNIFTY,1min,dhan_rollingoption,data/raw/options/dhan/finnifty/week/expiry_code_1/call/ATMp5,json,61,79804837,,2021-05-01,2026-04-30,,options_cross_check_source,raw_vendor_response_missing_bid_ask,index_options|FINNIFTY|1min|option_ohlcv,,week/expiry_code_1/call/ATMp5; contains OHLCV/OI/IV/spot when API returned data.
raw_dhan_finnifty_week_expiry_code_1_call_atmp6,raw,index_options,FINNIFTY,1min,dhan_rollingoption,data/raw/options/dhan/finnifty/week/expiry_code_1/call/ATMp6,json,61,79499220,,2021-05-01,2026-04-30,,options_cross_check_source,raw_vendor_response_missing_bid_ask,index_options|FINNIFTY|1min|option_ohlcv,,week/expiry_code_1/call/ATMp6; contains OHLCV/OI/IV/spot when API returned data.
raw_dhan_finnifty_week_expiry_code_1_call_atmp7,raw,index_options,FINNIFTY,1min,dhan_rollingoption,data/raw/options/dhan/finnifty/week/expiry_code_1/call/ATMp7,json,61,78286395,,2021-05-01,2026-04-30,,options_cross_check_source,raw_vendor_response_missing_bid_ask,index_options|FINNIFTY|1min|option_ohlcv,,week/expiry_code_1/call/ATMp7; contains OHLCV/OI/IV/spot when API returned data.
raw_dhan_finnifty_week_expiry_code_1_call_atmp8,raw,index_options,FINNIFTY,1min,dhan_rollingoption,data/raw/options/dhan/finnifty/week/expiry_code_1/call/ATMp8,json,61,77438023,,2021-05-01,2026-04-30,,options_cross_check_source,raw_vendor_response_missing_bid_ask,index_options|FINNIFTY|1min|option_ohlcv,,week/expiry_code_1/call/ATMp8; contains OHLCV/OI/IV/spot when API returned data.
raw_dhan_finnifty_week_expiry_code_1_call_atmp9,raw,index_options,FINNIFTY,1min,dhan_rollingoption,data/raw/options/dhan/finnifty/week/expiry_code_1/call/ATMp9,json,61,76634157,,2021-05-01,2026-04-30,,options_cross_check_source,raw_vendor_response_missing_bid_ask,index_options|FINNIFTY|1min|option_ohlcv,,week/expiry_code_1/call/ATMp9; contains OHLCV/OI/IV/spot when API returned data.
raw_dhan_finnifty_week_expiry_code_1_put_atm,raw,index_options,FINNIFTY,1min,dhan_rollingoption,data/raw/options/dhan/finnifty/week/expiry_code_1/put/ATM,json,61,80859391,,2021-05-01,2026-04-30,,options_cross_check_source,raw_vendor_response_missing_bid_ask,index_options|FINNIFTY|1min|option_ohlcv,,week/expiry_code_1/put/ATM; contains OHLCV/OI/IV/spot when API returned data.
raw_dhan_finnifty_week_expiry_code_1_put_atmm1,raw,index_options,FINNIFTY,1min,dhan_rollingoption,data/raw/options/dhan/finnifty/week/expiry_code_1/put/ATMm1,json,61,79703268,,2021-05-01,2026-04-30,,options_cross_check_source,raw_vendor_response_missing_bid_ask,index_options|FINNIFTY|1min|option_ohlcv,,week/expiry_code_1/put/ATMm1; contains OHLCV/OI/IV/spot when API returned data.
raw_dhan_finnifty_week_expiry_code_1_put_atmm10,raw,index_options,FINNIFTY,1min,dhan_rollingoption,data/raw/options/dhan/finnifty/week/expiry_code_1/put/ATMm10,json,61,77608982,,2021-05-01,2026-04-30,,options_cross_check_source,raw_vendor_response_missing_bid_ask,index_options|FINNIFTY|1min|option_ohlcv,,week/expiry_code_1/put/ATMm10; contains OHLCV/OI/IV/spot when API returned data.
raw_dhan_finnifty_week_expiry_code_1_put_atmm2,raw,index_options,FINNIFTY,1min,dhan_rollingoption,data/raw/options/dhan/finnifty/week/expiry_code_1/put/ATMm2,json,61,80000082,,2021-05-01,2026-04-30,,options_cross_check_source,raw_vendor_response_missing_bid_ask,index_options|FINNIFTY|1min|option_ohlcv,,week/expiry_code_1/put/ATMm2; contains OHLCV/OI/IV/spot when API returned data.
raw_dhan_finnifty_week_expiry_code_1_put_atmm3,raw,index_options,FINNIFTY,1min,dhan_rollingoption,data/raw/options/dhan/finnifty/week/expiry_code_1/put/ATMm3,json,61,79726053,,2021-05-01,2026-04-30,,options_cross_check_source,raw_vendor_response_missing_bid_ask,index_options|FINNIFTY|1min|option_ohlcv,,week/expiry_code_1/put/ATMm3; contains OHLCV/OI/IV/spot when API returned data.
raw_dhan_finnifty_week_expiry_code_1_put_atmm4,raw,index_options,FINNIFTY,1min,dhan_rollingoption,data/raw/options/dhan/finnifty/week/expiry_code_1/put/ATMm4,json,61,79954990,,2021-05-01,2026-04-30,,options_cross_check_source,raw_vendor_response_missing_bid_ask,index_options|FINNIFTY|1min|option_ohlcv,,week/expiry_code_1/put/ATMm4; contains OHLCV/OI/IV/spot when API returned data.
raw_dhan_finnifty_week_expiry_code_1_put_atmm5,raw,index_options,FINNIFTY,1min,dhan_rollingoption,data/raw/options/dhan/finnifty/week/expiry_code_1/put/ATMm5,json,61,80155330,,2021-05-01,2026-04-30,,options_cross_check_source,raw_vendor_response_missing_bid_ask,index_options|FINNIFTY|1min|option_ohlcv,,week/expiry_code_1/put/ATMm5; contains OHLCV/OI/IV/spot when API returned data.
raw_dhan_finnifty_week_expiry_code_1_put_atmm6,raw,index_options,FINNIFTY,1min,dhan_rollingoption,data/raw/options/dhan/finnifty/week/expiry_code_1/put/ATMm6,json,61,79224534,,2021-05-01,2026-04-30,,options_cross_check_source,raw_vendor_response_missing_bid_ask,index_options|FINNIFTY|1min|option_ohlcv,,week/expiry_code_1/put/ATMm6; contains OHLCV/OI/IV/spot when API returned data.
raw_dhan_finnifty_week_expiry_code_1_put_atmm7,raw,index_options,FINNIFTY,1min,dhan_rollingoption,data/raw/options/dhan/finnifty/week/expiry_code_1/put/ATMm7,json,61,79184981,,2021-05-01,2026-04-30,,options_cross_check_source,raw_vendor_response_missing_bid_ask,index_options|FINNIFTY|1min|option_ohlcv,,week/expiry_code_1/put/ATMm7; contains OHLCV/OI/IV/spot when API returned data.
raw_dhan_finnifty_week_expiry_code_1_put_atmm8,raw,index_options,FINNIFTY,1min,dhan_rollingoption,data/raw/options/dhan/finnifty/week/expiry_code_1/put/ATMm8,json,61,78711487,,2021-05-01,2026-04-30,,options_cross_check_source,raw_vendor_response_missing_bid_ask,index_options|FINNIFTY|1min|option_ohlcv,,week/expiry_code_1/put/ATMm8; contains OHLCV/OI/IV/spot when API returned data.
raw_dhan_finnifty_week_expiry_code_1_put_atmm9,raw,index_options,FINNIFTY,1min,dhan_rollingoption,data/raw/options/dhan/finnifty/week/expiry_code_1/put/ATMm9,json,61,78068096,,2021-05-01,2026-04-30,,options_cross_check_source,raw_vendor_response_missing_bid_ask,index_options|FINNIFTY|1min|option_ohlcv,,week/expiry_code_1/put/ATMm9; contains OHLCV/OI/IV/spot when API returned data.
raw_dhan_finnifty_week_expiry_code_1_put_atmp1,raw,index_options,FINNIFTY,1min,dhan_rollingoption,data/raw/options/dhan/finnifty/week/expiry_code_1/put/ATMp1,json,61,77722934,,2021-05-01,2026-04-30,,options_cross_check_source,raw_vendor_response_missing_bid_ask,index_options|FINNIFTY|1min|option_ohlcv,,week/expiry_code_1/put/ATMp1; contains OHLCV/OI/IV/spot when API returned data.
raw_dhan_finnifty_week_expiry_code_1_put_atmp10,raw,index_options,FINNIFTY,1min,dhan_rollingoption,data/raw/options/dhan/finnifty/week/expiry_code_1/put/ATMp10,json,61,56323458,,2021-05-01,2026-04-30,,options_cross_check_source,raw_vendor_response_missing_bid_ask,index_options|FINNIFTY|1min|option_ohlcv,,week/expiry_code_1/put/ATMp10; contains OHLCV/OI/IV/spot when API returned data.
raw_dhan_finnifty_week_expiry_code_1_put_atmp2,raw,index_options,FINNIFTY,1min,dhan_rollingoption,data/raw/options/dhan/finnifty/week/expiry_code_1/put/ATMp2,json,61,75269794,,2021-05-01,2026-04-30,,options_cross_check_source,raw_vendor_response_missing_bid_ask,index_options|FINNIFTY|1min|option_ohlcv,,week/expiry_code_1/put/ATMp2; contains OHLCV/OI/IV/spot when API returned data.
raw_dhan_finnifty_week_expiry_code_1_put_atmp3,raw,index_options,FINNIFTY,1min,dhan_rollingoption,data/raw/options/dhan/finnifty/week/expiry_code_1/put/ATMp3,json,61,72348762,,2021-05-01,2026-04-30,,options_cross_check_source,raw_vendor_response_missing_bid_ask,index_options|FINNIFTY|1min|option_ohlcv,,week/expiry_code_1/put/ATMp3; contains OHLCV/OI/IV/spot when API returned data.
raw_dhan_finnifty_week_expiry_code_1_put_atmp4,raw,index_options,FINNIFTY,1min,dhan_rollingoption,data/raw/options/dhan/finnifty/week/expiry_code_1/put/ATMp4,json,61,70341400,,2021-05-01,2026-04-30,,options_cross_check_source,raw_vendor_response_missing_bid_ask,index_options|FINNIFTY|1min|option_ohlcv,,week/expiry_code_1/put/ATMp4; contains OHLCV/OI/IV/spot when API returned data.
raw_dhan_finnifty_week_expiry_code_1_put_atmp5,raw,index_options,FINNIFTY,1min,dhan_rollingoption,data/raw/options/dhan/finnifty/week/expiry_code_1/put/ATMp5,json,61,67998020,,2021-05-01,2026-04-30,,options_cross_check_source,raw_vendor_response_missing_bid_ask,index_options|FINNIFTY|1min|option_ohlcv,,week/expiry_code_1/put/ATMp5; contains OHLCV/OI/IV/spot when API returned data.
raw_dhan_finnifty_week_expiry_code_1_put_atmp6,raw,index_options,FINNIFTY,1min,dhan_rollingoption,data/raw/options/dhan/finnifty/week/expiry_code_1/put/ATMp6,json,61,65919292,,2021-05-01,2026-04-30,,options_cross_check_source,raw_vendor_response_missing_bid_ask,index_options|FINNIFTY|1min|option_ohlcv,,week/expiry_code_1/put/ATMp6; contains OHLCV/OI/IV/spot when API returned data.
raw_dhan_finnifty_week_expiry_code_1_put_atmp7,raw,index_options,FINNIFTY,1min,dhan_rollingoption,data/raw/options/dhan/finnifty/week/expiry_code_1/put/ATMp7,json,61,63791202,,2021-05-01,2026-04-30,,options_cross_check_source,raw_vendor_response_missing_bid_ask,index_options|FINNIFTY|1min|option_ohlcv,,week/expiry_code_1/put/ATMp7; contains OHLCV/OI/IV/spot when API returned data.
raw_dhan_finnifty_week_expiry_code_1_put_atmp8,raw,index_options,FINNIFTY,1min,dhan_rollingoption,data/raw/options/dhan/finnifty/week/expiry_code_1/put/ATMp8,json,61,61131385,,2021-05-01,2026-04-30,,options_cross_check_source,raw_vendor_response_missing_bid_ask,index_options|FINNIFTY|1min|option_ohlcv,,week/expiry_code_1/put/ATMp8; contains OHLCV/OI/IV/spot when API returned data.
raw_dhan_finnifty_week_expiry_code_1_put_atmp9,raw,index_options,FINNIFTY,1min,dhan_rollingoption,data/raw/options/dhan/finnifty/week/expiry_code_1/put/ATMp9,json,61,58919598,,2021-05-01,2026-04-30,,options_cross_check_source,raw_vendor_response_missing_bid_ask,index_options|FINNIFTY|1min|option_ohlcv,,week/expiry_code_1/put/ATMp9; contains OHLCV/OI/IV/spot when API returned data.
raw_dhan_midcpnifty_week_expiry_code_1_call_atm,raw,index_options,MIDCPNIFTY,1min,dhan_rollingoption,data/raw/options/dhan/midcpnifty/week/expiry_code_1/call/ATM,json,61,55987772,,2021-05-01,2026-04-30,,options_cross_check_source,raw_vendor_response_missing_bid_ask,index_options|MIDCPNIFTY|1min|option_ohlcv,,week/expiry_code_1/call/ATM; contains OHLCV/OI/IV/spot when API returned data.
raw_dhan_midcpnifty_week_expiry_code_1_call_atmm1,raw,index_options,MIDCPNIFTY,1min,dhan_rollingoption,data/raw/options/dhan/midcpnifty/week/expiry_code_1/call/ATMm1,json,61,53846429,,2021-05-01,2026-04-30,,options_cross_check_source,raw_vendor_response_missing_bid_ask,index_options|MIDCPNIFTY|1min|option_ohlcv,,week/expiry_code_1/call/ATMm1; contains OHLCV/OI/IV/spot when API returned data.
raw_dhan_midcpnifty_week_expiry_code_1_call_atmm10,raw,index_options,MIDCPNIFTY,1min,dhan_rollingoption,data/raw/options/dhan/midcpnifty/week/expiry_code_1/call/ATMm10,json,61,48064748,,2021-05-01,2026-04-30,,options_cross_check_source,raw_vendor_response_missing_bid_ask,index_options|MIDCPNIFTY|1min|option_ohlcv,,week/expiry_code_1/call/ATMm10; contains OHLCV/OI/IV/spot when API returned data.
raw_dhan_midcpnifty_week_expiry_code_1_call_atmm2,raw,index_options,MIDCPNIFTY,1min,dhan_rollingoption,data/raw/options/dhan/midcpnifty/week/expiry_code_1/call/ATMm2,json,61,53317944,,2021-05-01,2026-04-30,,options_cross_check_source,raw_vendor_response_missing_bid_ask,index_options|MIDCPNIFTY|1min|option_ohlcv,,week/expiry_code_1/call/ATMm2; contains OHLCV/OI/IV/spot when API returned data.
raw_dhan_midcpnifty_week_expiry_code_1_call_atmm3,raw,index_options,MIDCPNIFTY,1min,dhan_rollingoption,data/raw/options/dhan/midcpnifty/week/expiry_code_1/call/ATMm3,json,61,53157460,,2021-05-01,2026-04-30,,options_cross_check_source,raw_vendor_response_missing_bid_ask,index_options|MIDCPNIFTY|1min|option_ohlcv,,week/expiry_code_1/call/ATMm3; contains OHLCV/OI/IV/spot when API returned data.
raw_dhan_midcpnifty_week_expiry_code_1_call_atmm4,raw,index_options,MIDCPNIFTY,1min,dhan_rollingoption,data/raw/options/dhan/midcpnifty/week/expiry_code_1/call/ATMm4,json,61,52745360,,2021-05-01,2026-04-30,,options_cross_check_source,raw_vendor_response_missing_bid_ask,index_options|MIDCPNIFTY|1min|option_ohlcv,,week/expiry_code_1/call/ATMm4; contains OHLCV/OI/IV/spot when API returned data.
raw_dhan_midcpnifty_week_expiry_code_1_call_atmm5,raw,index_options,MIDCPNIFTY,1min,dhan_rollingoption,data/raw/options/dhan/midcpnifty/week/expiry_code_1/call/ATMm5,json,61,52148017,,2021-05-01,2026-04-30,,options_cross_check_source,raw_vendor_response_missing_bid_ask,index_options|MIDCPNIFTY|1min|option_ohlcv,,week/expiry_code_1/call/ATMm5; contains OHLCV/OI/IV/spot when API returned data.
raw_dhan_midcpnifty_week_expiry_code_1_call_atmm6,raw,index_options,MIDCPNIFTY,1min,dhan_rollingoption,data/raw/options/dhan/midcpnifty/week/expiry_code_1/call/ATMm6,json,61,50986389,,2021-05-01,2026-04-30,,options_cross_check_source,raw_vendor_response_missing_bid_ask,index_options|MIDCPNIFTY|1min|option_ohlcv,,week/expiry_code_1/call/ATMm6; contains OHLCV/OI/IV/spot when API returned data.
raw_dhan_midcpnifty_week_expiry_code_1_call_atmm7,raw,index_options,MIDCPNIFTY,1min,dhan_rollingoption,data/raw/options/dhan/midcpnifty/week/expiry_code_1/call/ATMm7,json,61,49941835,,2021-05-01,2026-04-30,,options_cross_check_source,raw_vendor_response_missing_bid_ask,index_options|MIDCPNIFTY|1min|option_ohlcv,,week/expiry_code_1/call/ATMm7; contains OHLCV/OI/IV/spot when API returned data.
raw_dhan_midcpnifty_week_expiry_code_1_call_atmm8,raw,index_options,MIDCPNIFTY,1min,dhan_rollingoption,data/raw/options/dhan/midcpnifty/week/expiry_code_1/call/ATMm8,json,61,49396608,,2021-05-01,2026-04-30,,options_cross_check_source,raw_vendor_response_missing_bid_ask,index_options|MIDCPNIFTY|1min|option_ohlcv,,week/expiry_code_1/call/ATMm8; contains OHLCV/OI/IV/spot when API returned data.
raw_dhan_midcpnifty_week_expiry_code_1_call_atmm9,raw,index_options,MIDCPNIFTY,1min,dhan_rollingoption,data/raw/options/dhan/midcpnifty/week/expiry_code_1/call/ATMm9,json,61,48798187,,2021-05-01,2026-04-30,,options_cross_check_source,raw_vendor_response_missing_bid_ask,index_options|MIDCPNIFTY|1min|option_ohlcv,,week/expiry_code_1/call/ATMm9; contains OHLCV/OI/IV/spot when API returned data.
raw_dhan_midcpnifty_week_expiry_code_1_call_atmp1,raw,index_options,MIDCPNIFTY,1min,dhan_rollingoption,data/raw/options/dhan/midcpnifty/week/expiry_code_1/call/ATMp1,json,61,53885299,,2021-05-01,2026-04-30,,options_cross_check_source,raw_vendor_response_missing_bid_ask,index_options|MIDCPNIFTY|1min|option_ohlcv,,week/expiry_code_1/call/ATMp1; contains OHLCV/OI/IV/spot when API returned data.
raw_dhan_midcpnifty_week_expiry_code_1_call_atmp10,raw,index_options,MIDCPNIFTY,1min,dhan_rollingoption,data/raw/options/dhan/midcpnifty/week/expiry_code_1/call/ATMp10,json,61,51430021,,2021-05-01,2026-04-30,,options_cross_check_source,raw_vendor_response_missing_bid_ask,index_options|MIDCPNIFTY|1min|option_ohlcv,,week/expiry_code_1/call/ATMp10; contains OHLCV/OI/IV/spot when API returned data.
raw_dhan_midcpnifty_week_expiry_code_1_call_atmp2,raw,index_options,MIDCPNIFTY,1min,dhan_rollingoption,data/raw/options/dhan/midcpnifty/week/expiry_code_1/call/ATMp2,json,61,53583029,,2021-05-01,2026-04-30,,options_cross_check_source,raw_vendor_response_missing_bid_ask,index_options|MIDCPNIFTY|1min|option_ohlcv,,week/expiry_code_1/call/ATMp2; contains OHLCV/OI/IV/spot when API returned data.
raw_dhan_midcpnifty_week_expiry_code_1_call_atmp3,raw,index_options,MIDCPNIFTY,1min,dhan_rollingoption,data/raw/options/dhan/midcpnifty/week/expiry_code_1/call/ATMp3,json,61,53359035,,2021-05-01,2026-04-30,,options_cross_check_source,raw_vendor_response_missing_bid_ask,index_options|MIDCPNIFTY|1min|option_ohlcv,,week/expiry_code_1/call/ATMp3; contains OHLCV/OI/IV/spot when API returned data.
raw_dhan_midcpnifty_week_expiry_code_1_call_atmp4,raw,index_options,MIDCPNIFTY,1min,dhan_rollingoption,data/raw/options/dhan/midcpnifty/week/expiry_code_1/call/ATMp4,json,61,53235649,,2021-05-01,2026-04-30,,options_cross_check_source,raw_vendor_response_missing_bid_ask,index_options|MIDCPNIFTY|1min|option_ohlcv,,week/expiry_code_1/call/ATMp4; contains OHLCV/OI/IV/spot when API returned data.
raw_dhan_midcpnifty_week_expiry_code_1_call_atmp5,raw,index_options,MIDCPNIFTY,1min,dhan_rollingoption,data/raw/options/dhan/midcpnifty/week/expiry_code_1/call/ATMp5,json,61,52969731,,2021-05-01,2026-04-30,,options_cross_check_source,raw_vendor_response_missing_bid_ask,index_options|MIDCPNIFTY|1min|option_ohlcv,,week/expiry_code_1/call/ATMp5; contains OHLCV/OI/IV/spot when API returned data.
raw_dhan_midcpnifty_week_expiry_code_1_call_atmp6,raw,index_options,MIDCPNIFTY,1min,dhan_rollingoption,data/raw/options/dhan/midcpnifty/week/expiry_code_1/call/ATMp6,json,61,52567067,,2021-05-01,2026-04-30,,options_cross_check_source,raw_vendor_response_missing_bid_ask,index_options|MIDCPNIFTY|1min|option_ohlcv,,week/expiry_code_1/call/ATMp6; contains OHLCV/OI/IV/spot when API returned data.
raw_dhan_midcpnifty_week_expiry_code_1_call_atmp7,raw,index_options,MIDCPNIFTY,1min,dhan_rollingoption,data/raw/options/dhan/midcpnifty/week/expiry_code_1/call/ATMp7,json,61,52137539,,2021-05-01,2026-04-30,,options_cross_check_source,raw_vendor_response_missing_bid_ask,index_options|MIDCPNIFTY|1min|option_ohlcv,,week/expiry_code_1/call/ATMp7; contains OHLCV/OI/IV/spot when API returned data.
raw_dhan_midcpnifty_week_expiry_code_1_call_atmp8,raw,index_options,MIDCPNIFTY,1min,dhan_rollingoption,data/raw/options/dhan/midcpnifty/week/expiry_code_1/call/ATMp8,json,61,51946493,,2021-05-01,2026-04-30,,options_cross_check_source,raw_vendor_response_missing_bid_ask,index_options|MIDCPNIFTY|1min|option_ohlcv,,week/expiry_code_1/call/ATMp8; contains OHLCV/OI/IV/spot when API returned data.
raw_dhan_midcpnifty_week_expiry_code_1_call_atmp9,raw,index_options,MIDCPNIFTY,1min,dhan_rollingoption,data/raw/options/dhan/midcpnifty/week/expiry_code_1/call/ATMp9,json,61,51695336,,2021-05-01,2026-04-30,,options_cross_check_source,raw_vendor_response_missing_bid_ask,index_options|MIDCPNIFTY|1min|option_ohlcv,,week/expiry_code_1/call/ATMp9; contains OHLCV/OI/IV/spot when API returned data.
raw_dhan_midcpnifty_week_expiry_code_1_put_atm,raw,index_options,MIDCPNIFTY,1min,dhan_rollingoption,data/raw/options/dhan/midcpnifty/week/expiry_code_1/put/ATM,json,61,54830934,,2021-05-01,2026-04-30,,options_cross_check_source,raw_vendor_response_missing_bid_ask,index_options|MIDCPNIFTY|1min|option_ohlcv,,week/expiry_code_1/put/ATM; contains OHLCV/OI/IV/spot when API returned data.
raw_dhan_midcpnifty_week_expiry_code_1_put_atmm1,raw,index_options,MIDCPNIFTY,1min,dhan_rollingoption,data/raw/options/dhan/midcpnifty/week/expiry_code_1/put/ATMm1,json,61,53848232,,2021-05-01,2026-04-30,,options_cross_check_source,raw_vendor_response_missing_bid_ask,index_options|MIDCPNIFTY|1min|option_ohlcv,,week/expiry_code_1/put/ATMm1; contains OHLCV/OI/IV/spot when API returned data.
raw_dhan_midcpnifty_week_expiry_code_1_put_atmm10,raw,index_options,MIDCPNIFTY,1min,dhan_rollingoption,data/raw/options/dhan/midcpnifty/week/expiry_code_1/put/ATMm10,json,61,51337680,,2021-05-01,2026-04-30,,options_cross_check_source,raw_vendor_response_missing_bid_ask,index_options|MIDCPNIFTY|1min|option_ohlcv,,week/expiry_code_1/put/ATMm10; contains OHLCV/OI/IV/spot when API returned data.
raw_dhan_midcpnifty_week_expiry_code_1_put_atmm2,raw,index_options,MIDCPNIFTY,1min,dhan_rollingoption,data/raw/options/dhan/midcpnifty/week/expiry_code_1/put/ATMm2,json,61,53349923,,2021-05-01,2026-04-30,,options_cross_check_source,raw_vendor_response_missing_bid_ask,index_options|MIDCPNIFTY|1min|option_ohlcv,,week/expiry_code_1/put/ATMm2; contains OHLCV/OI/IV/spot when API returned data.
raw_dhan_midcpnifty_week_expiry_code_1_put_atmm3,raw,index_options,MIDCPNIFTY,1min,dhan_rollingoption,data/raw/options/dhan/midcpnifty/week/expiry_code_1/put/ATMm3,json,61,53312928,,2021-05-01,2026-04-30,,options_cross_check_source,raw_vendor_response_missing_bid_ask,index_options|MIDCPNIFTY|1min|option_ohlcv,,week/expiry_code_1/put/ATMm3; contains OHLCV/OI/IV/spot when API returned data.
raw_dhan_midcpnifty_week_expiry_code_1_put_atmm4,raw,index_options,MIDCPNIFTY,1min,dhan_rollingoption,data/raw/options/dhan/midcpnifty/week/expiry_code_1/put/ATMm4,json,61,53005325,,2021-05-01,2026-04-30,,options_cross_check_source,raw_vendor_response_missing_bid_ask,index_options|MIDCPNIFTY|1min|option_ohlcv,,week/expiry_code_1/put/ATMm4; contains OHLCV/OI/IV/spot when API returned data.
raw_dhan_midcpnifty_week_expiry_code_1_put_atmm5,raw,index_options,MIDCPNIFTY,1min,dhan_rollingoption,data/raw/options/dhan/midcpnifty/week/expiry_code_1/put/ATMm5,json,61,52716027,,2021-05-01,2026-04-30,,options_cross_check_source,raw_vendor_response_missing_bid_ask,index_options|MIDCPNIFTY|1min|option_ohlcv,,week/expiry_code_1/put/ATMm5; contains OHLCV/OI/IV/spot when API returned data.
raw_dhan_midcpnifty_week_expiry_code_1_put_atmm6,raw,index_options,MIDCPNIFTY,1min,dhan_rollingoption,data/raw/options/dhan/midcpnifty/week/expiry_code_1/put/ATMm6,json,61,52417025,,2021-05-01,2026-04-30,,options_cross_check_source,raw_vendor_response_missing_bid_ask,index_options|MIDCPNIFTY|1min|option_ohlcv,,week/expiry_code_1/put/ATMm6; contains OHLCV/OI/IV/spot when API returned data.
raw_dhan_midcpnifty_week_expiry_code_1_put_atmm7,raw,index_options,MIDCPNIFTY,1min,dhan_rollingoption,data/raw/options/dhan/midcpnifty/week/expiry_code_1/put/ATMm7,json,61,52080681,,2021-05-01,2026-04-30,,options_cross_check_source,raw_vendor_response_missing_bid_ask,index_options|MIDCPNIFTY|1min|option_ohlcv,,week/expiry_code_1/put/ATMm7; contains OHLCV/OI/IV/spot when API returned data.
raw_dhan_midcpnifty_week_expiry_code_1_put_atmm8,raw,index_options,MIDCPNIFTY,1min,dhan_rollingoption,data/raw/options/dhan/midcpnifty/week/expiry_code_1/put/ATMm8,json,61,51735279,,2021-05-01,2026-04-30,,options_cross_check_source,raw_vendor_response_missing_bid_ask,index_options|MIDCPNIFTY|1min|option_ohlcv,,week/expiry_code_1/put/ATMm8; contains OHLCV/OI/IV/spot when API returned data.
raw_dhan_midcpnifty_week_expiry_code_1_put_atmm9,raw,index_options,MIDCPNIFTY,1min,dhan_rollingoption,data/raw/options/dhan/midcpnifty/week/expiry_code_1/put/ATMm9,json,61,51392870,,2021-05-01,2026-04-30,,options_cross_check_source,raw_vendor_response_missing_bid_ask,index_options|MIDCPNIFTY|1min|option_ohlcv,,week/expiry_code_1/put/ATMm9; contains OHLCV/OI/IV/spot when API returned data.
raw_dhan_midcpnifty_week_expiry_code_1_put_atmp1,raw,index_options,MIDCPNIFTY,1min,dhan_rollingoption,data/raw/options/dhan/midcpnifty/week/expiry_code_1/put/ATMp1,json,61,53494225,,2021-05-01,2026-04-30,,options_cross_check_source,raw_vendor_response_missing_bid_ask,index_options|MIDCPNIFTY|1min|option_ohlcv,,week/expiry_code_1/put/ATMp1; contains OHLCV/OI/IV/spot when API returned data.
raw_dhan_midcpnifty_week_expiry_code_1_put_atmp10,raw,index_options,MIDCPNIFTY,1min,dhan_rollingoption,data/raw/options/dhan/midcpnifty/week/expiry_code_1/put/ATMp10,json,61,47922004,,2021-05-01,2026-04-30,,options_cross_check_source,raw_vendor_response_missing_bid_ask,index_options|MIDCPNIFTY|1min|option_ohlcv,,week/expiry_code_1/put/ATMp10; contains OHLCV/OI/IV/spot when API returned data.
raw_dhan_midcpnifty_week_expiry_code_1_put_atmp2,raw,index_options,MIDCPNIFTY,1min,dhan_rollingoption,data/raw/options/dhan/midcpnifty/week/expiry_code_1/put/ATMp2,json,61,52888134,,2021-05-01,2026-04-30,,options_cross_check_source,raw_vendor_response_missing_bid_ask,index_options|MIDCPNIFTY|1min|option_ohlcv,,week/expiry_code_1/put/ATMp2; contains OHLCV/OI/IV/spot when API returned data.
raw_dhan_midcpnifty_week_expiry_code_1_put_atmp3,raw,index_options,MIDCPNIFTY,1min,dhan_rollingoption,data/raw/options/dhan/midcpnifty/week/expiry_code_1/put/ATMp3,json,61,52831822,,2021-05-01,2026-04-30,,options_cross_check_source,raw_vendor_response_missing_bid_ask,index_options|MIDCPNIFTY|1min|option_ohlcv,,week/expiry_code_1/put/ATMp3; contains OHLCV/OI/IV/spot when API returned data.
raw_dhan_midcpnifty_week_expiry_code_1_put_atmp4,raw,index_options,MIDCPNIFTY,1min,dhan_rollingoption,data/raw/options/dhan/midcpnifty/week/expiry_code_1/put/ATMp4,json,61,52411585,,2021-05-01,2026-04-30,,options_cross_check_source,raw_vendor_response_missing_bid_ask,index_options|MIDCPNIFTY|1min|option_ohlcv,,week/expiry_code_1/put/ATMp4; contains OHLCV/OI/IV/spot when API returned data.
raw_dhan_midcpnifty_week_expiry_code_1_put_atmp5,raw,index_options,MIDCPNIFTY,1min,dhan_rollingoption,data/raw/options/dhan/midcpnifty/week/expiry_code_1/put/ATMp5,json,61,52275503,,2021-05-01,2026-04-30,,options_cross_check_source,raw_vendor_response_missing_bid_ask,index_options|MIDCPNIFTY|1min|option_ohlcv,,week/expiry_code_1/put/ATMp5; contains OHLCV/OI/IV/spot when API returned data.
raw_dhan_midcpnifty_week_expiry_code_1_put_atmp6,raw,index_options,MIDCPNIFTY,1min,dhan_rollingoption,data/raw/options/dhan/midcpnifty/week/expiry_code_1/put/ATMp6,json,61,50525938,,2021-05-01,2026-04-30,,options_cross_check_source,raw_vendor_response_missing_bid_ask,index_options|MIDCPNIFTY|1min|option_ohlcv,,week/expiry_code_1/put/ATMp6; contains OHLCV/OI/IV/spot when API returned data.
raw_dhan_midcpnifty_week_expiry_code_1_put_atmp7,raw,index_options,MIDCPNIFTY,1min,dhan_rollingoption,data/raw/options/dhan/midcpnifty/week/expiry_code_1/put/ATMp7,json,61,49656119,,2021-05-01,2026-04-30,,options_cross_check_source,raw_vendor_response_missing_bid_ask,index_options|MIDCPNIFTY|1min|option_ohlcv,,week/expiry_code_1/put/ATMp7; contains OHLCV/OI/IV/spot when API returned data.
raw_dhan_midcpnifty_week_expiry_code_1_put_atmp8,raw,index_options,MIDCPNIFTY,1min,dhan_rollingoption,data/raw/options/dhan/midcpnifty/week/expiry_code_1/put/ATMp8,json,61,48966102,,2021-05-01,2026-04-30,,options_cross_check_source,raw_vendor_response_missing_bid_ask,index_options|MIDCPNIFTY|1min|option_ohlcv,,week/expiry_code_1/put/ATMp8; contains OHLCV/OI/IV/spot when API returned data.
raw_dhan_midcpnifty_week_expiry_code_1_put_atmp9,raw,index_options,MIDCPNIFTY,1min,dhan_rollingoption,data/raw/options/dhan/midcpnifty/week/expiry_code_1/put/ATMp9,json,61,48438973,,2021-05-01,2026-04-30,,options_cross_check_source,raw_vendor_response_missing_bid_ask,index_options|MIDCPNIFTY|1min|option_ohlcv,,week/expiry_code_1/put/ATMp9; contains OHLCV/OI/IV/spot when API returned data.
raw_dhan_nifty_month_expiry_code_1_call_atm,raw,index_options,NIFTY,1min,dhan_rollingoption,data/raw/options/dhan/nifty/month/expiry_code_1/call/ATM,json,61,93769883,,2021-05-01,2026-04-30,,options_cross_check_source,raw_vendor_response_missing_bid_ask,index_options|NIFTY|1min|option_ohlcv,raw_shoonya_nifty_options_1min,month/expiry_code_1/call/ATM; contains OHLCV/OI/IV/spot when API returned data.
raw_dhan_nifty_month_expiry_code_1_call_atmm1,raw,index_options,NIFTY,1min,dhan_rollingoption,data/raw/options/dhan/nifty/month/expiry_code_1/call/ATMm1,json,61,93656027,,2021-05-01,2026-04-30,,options_cross_check_source,raw_vendor_response_missing_bid_ask,index_options|NIFTY|1min|option_ohlcv,raw_shoonya_nifty_options_1min,month/expiry_code_1/call/ATMm1; contains OHLCV/OI/IV/spot when API returned data.
raw_dhan_nifty_month_expiry_code_1_call_atmm10,raw,index_options,NIFTY,1min,dhan_rollingoption,data/raw/options/dhan/nifty/month/expiry_code_1/call/ATMm10,json,61,90900377,,2021-05-01,2026-04-30,,options_cross_check_source,raw_vendor_response_missing_bid_ask,index_options|NIFTY|1min|option_ohlcv,raw_shoonya_nifty_options_1min,month/expiry_code_1/call/ATMm10; contains OHLCV/OI/IV/spot when API returned data.
raw_dhan_nifty_month_expiry_code_1_call_atmm2,raw,index_options,NIFTY,1min,dhan_rollingoption,data/raw/options/dhan/nifty/month/expiry_code_1/call/ATMm2,json,61,93438495,,2021-05-01,2026-04-30,,options_cross_check_source,raw_vendor_response_missing_bid_ask,index_options|NIFTY|1min|option_ohlcv,raw_shoonya_nifty_options_1min,month/expiry_code_1/call/ATMm2; contains OHLCV/OI/IV/spot when API returned data.
raw_dhan_nifty_month_expiry_code_1_call_atmm3,raw,index_options,NIFTY,1min,dhan_rollingoption,data/raw/options/dhan/nifty/month/expiry_code_1/call/ATMm3,json,61,93203742,,2021-05-01,2026-04-30,,options_cross_check_source,raw_vendor_response_missing_bid_ask,index_options|NIFTY|1min|option_ohlcv,raw_shoonya_nifty_options_1min,month/expiry_code_1/call/ATMm3; contains OHLCV/OI/IV/spot when API returned data.
raw_dhan_nifty_month_expiry_code_1_call_atmm4,raw,index_options,NIFTY,1min,dhan_rollingoption,data/raw/options/dhan/nifty/month/expiry_code_1/call/ATMm4,json,61,92906923,,2021-05-01,2026-04-30,,options_cross_check_source,raw_vendor_response_missing_bid_ask,index_options|NIFTY|1min|option_ohlcv,raw_shoonya_nifty_options_1min,month/expiry_code_1/call/ATMm4; contains OHLCV/OI/IV/spot when API returned data.
raw_dhan_nifty_month_expiry_code_1_call_atmm5,raw,index_options,NIFTY,1min,dhan_rollingoption,data/raw/options/dhan/nifty/month/expiry_code_1/call/ATMm5,json,61,92655247,,2021-05-01,2026-04-30,,options_cross_check_source,raw_vendor_response_missing_bid_ask,index_options|NIFTY|1min|option_ohlcv,raw_shoonya_nifty_options_1min,month/expiry_code_1/call/ATMm5; contains OHLCV/OI/IV/spot when API returned data.
raw_dhan_nifty_month_expiry_code_1_call_atmm6,raw,index_options,NIFTY,1min,dhan_rollingoption,data/raw/options/dhan/nifty/month/expiry_code_1/call/ATMm6,json,61,92338618,,2021-05-01,2026-04-30,,options_cross_check_source,raw_vendor_response_missing_bid_ask,index_options|NIFTY|1min|option_ohlcv,raw_shoonya_nifty_options_1min,month/expiry_code_1/call/ATMm6; contains OHLCV/OI/IV/spot when API returned data.
raw_dhan_nifty_month_expiry_code_1_call_atmm7,raw,index_options,NIFTY,1min,dhan_rollingoption,data/raw/options/dhan/nifty/month/expiry_code_1/call/ATMm7,json,61,92042422,,2021-05-01,2026-04-30,,options_cross_check_source,raw_vendor_response_missing_bid_ask,index_options|NIFTY|1min|option_ohlcv,raw_shoonya_nifty_options_1min,month/expiry_code_1/call/ATMm7; contains OHLCV/OI/IV/spot when API returned data.
raw_dhan_nifty_month_expiry_code_1_call_atmm8,raw,index_options,NIFTY,1min,dhan_rollingoption,data/raw/options/dhan/nifty/month/expiry_code_1/call/ATMm8,json,61,91610196,,2021-05-01,2026-04-30,,options_cross_check_source,raw_vendor_response_missing_bid_ask,index_options|NIFTY|1min|option_ohlcv,raw_shoonya_nifty_options_1min,month/expiry_code_1/call/ATMm8; contains OHLCV/OI/IV/spot when API returned data.
raw_dhan_nifty_month_expiry_code_1_call_atmm9,raw,index_options,NIFTY,1min,dhan_rollingoption,data/raw/options/dhan/nifty/month/expiry_code_1/call/ATMm9,json,61,91264217,,2021-05-01,2026-04-30,,options_cross_check_source,raw_vendor_response_missing_bid_ask,index_options|NIFTY|1min|option_ohlcv,raw_shoonya_nifty_options_1min,month/expiry_code_1/call/ATMm9; contains OHLCV/OI/IV/spot when API returned data.
raw_dhan_nifty_month_expiry_code_1_call_atmp1,raw,index_options,NIFTY,1min,dhan_rollingoption,data/raw/options/dhan/nifty/month/expiry_code_1/call/ATMp1,json,61,93627690,,2021-05-01,2026-04-30,,options_cross_check_source,raw_vendor_response_missing_bid_ask,index_options|NIFTY|1min|option_ohlcv,raw_shoonya_nifty_options_1min,month/expiry_code_1/call/ATMp1; contains OHLCV/OI/IV/spot when API returned data.
raw_dhan_nifty_month_expiry_code_1_call_atmp10,raw,index_options,NIFTY,1min,dhan_rollingoption,data/raw/options/dhan/nifty/month/expiry_code_1/call/ATMp10,json,61,91781286,,2021-05-01,2026-04-30,,options_cross_check_source,raw_vendor_response_missing_bid_ask,index_options|NIFTY|1min|option_ohlcv,raw_shoonya_nifty_options_1min,month/expiry_code_1/call/ATMp10; contains OHLCV/OI/IV/spot when API returned data.
raw_dhan_nifty_month_expiry_code_1_call_atmp2,raw,index_options,NIFTY,1min,dhan_rollingoption,data/raw/options/dhan/nifty/month/expiry_code_1/call/ATMp2,json,61,93407852,,2021-05-01,2026-04-30,,options_cross_check_source,raw_vendor_response_missing_bid_ask,index_options|NIFTY|1min|option_ohlcv,raw_shoonya_nifty_options_1min,month/expiry_code_1/call/ATMp2; contains OHLCV/OI/IV/spot when API returned data.
raw_dhan_nifty_month_expiry_code_1_call_atmp3,raw,index_options,NIFTY,1min,dhan_rollingoption,data/raw/options/dhan/nifty/month/expiry_code_1/call/ATMp3,json,61,93209462,,2021-05-01,2026-04-30,,options_cross_check_source,raw_vendor_response_missing_bid_ask,index_options|NIFTY|1min|option_ohlcv,raw_shoonya_nifty_options_1min,month/expiry_code_1/call/ATMp3; contains OHLCV/OI/IV/spot when API returned data.
raw_dhan_nifty_month_expiry_code_1_call_atmp4,raw,index_options,NIFTY,1min,dhan_rollingoption,data/raw/options/dhan/nifty/month/expiry_code_1/call/ATMp4,json,61,92965409,,2021-05-01,2026-04-30,,options_cross_check_source,raw_vendor_response_missing_bid_ask,index_options|NIFTY|1min|option_ohlcv,raw_shoonya_nifty_options_1min,month/expiry_code_1/call/ATMp4; contains OHLCV/OI/IV/spot when API returned data.
raw_dhan_nifty_month_expiry_code_1_call_atmp5,raw,index_options,NIFTY,1min,dhan_rollingoption,data/raw/options/dhan/nifty/month/expiry_code_1/call/ATMp5,json,61,92783136,,2021-05-01,2026-04-30,,options_cross_check_source,raw_vendor_response_missing_bid_ask,index_options|NIFTY|1min|option_ohlcv,raw_shoonya_nifty_options_1min,month/expiry_code_1/call/ATMp5; contains OHLCV/OI/IV/spot when API returned data.
raw_dhan_nifty_month_expiry_code_1_call_atmp6,raw,index_options,NIFTY,1min,dhan_rollingoption,data/raw/options/dhan/nifty/month/expiry_code_1/call/ATMp6,json,61,92570469,,2021-05-01,2026-04-30,,options_cross_check_source,raw_vendor_response_missing_bid_ask,index_options|NIFTY|1min|option_ohlcv,raw_shoonya_nifty_options_1min,month/expiry_code_1/call/ATMp6; contains OHLCV/OI/IV/spot when API returned data.
raw_dhan_nifty_month_expiry_code_1_call_atmp7,raw,index_options,NIFTY,1min,dhan_rollingoption,data/raw/options/dhan/nifty/month/expiry_code_1/call/ATMp7,json,61,92377365,,2021-05-01,2026-04-30,,options_cross_check_source,raw_vendor_response_missing_bid_ask,index_options|NIFTY|1min|option_ohlcv,raw_shoonya_nifty_options_1min,month/expiry_code_1/call/ATMp7; contains OHLCV/OI/IV/spot when API returned data.
raw_dhan_nifty_month_expiry_code_1_call_atmp8,raw,index_options,NIFTY,1min,dhan_rollingoption,data/raw/options/dhan/nifty/month/expiry_code_1/call/ATMp8,json,61,92167412,,2021-05-01,2026-04-30,,options_cross_check_source,raw_vendor_response_missing_bid_ask,index_options|NIFTY|1min|option_ohlcv,raw_shoonya_nifty_options_1min,month/expiry_code_1/call/ATMp8; contains OHLCV/OI/IV/spot when API returned data.
raw_dhan_nifty_month_expiry_code_1_call_atmp9,raw,index_options,NIFTY,1min,dhan_rollingoption,data/raw/options/dhan/nifty/month/expiry_code_1/call/ATMp9,json,61,91993599,,2021-05-01,2026-04-30,,options_cross_check_source,raw_vendor_response_missing_bid_ask,index_options|NIFTY|1min|option_ohlcv,raw_shoonya_nifty_options_1min,month/expiry_code_1/call/ATMp9; contains OHLCV/OI/IV/spot when API returned data.
raw_dhan_nifty_month_expiry_code_1_put_atm,raw,index_options,NIFTY,1min,dhan_rollingoption,data/raw/options/dhan/nifty/month/expiry_code_1/put/ATM,json,61,93836194,,2021-05-01,2026-04-30,,options_cross_check_source,raw_vendor_response_missing_bid_ask,index_options|NIFTY|1min|option_ohlcv,raw_shoonya_nifty_options_1min,month/expiry_code_1/put/ATM; contains OHLCV/OI/IV/spot when API returned data.
raw_dhan_nifty_month_expiry_code_1_put_atmm1,raw,index_options,NIFTY,1min,dhan_rollingoption,data/raw/options/dhan/nifty/month/expiry_code_1/put/ATMm1,json,61,93654506,,2021-05-01,2026-04-30,,options_cross_check_source,raw_vendor_response_missing_bid_ask,index_options|NIFTY|1min|option_ohlcv,raw_shoonya_nifty_options_1min,month/expiry_code_1/put/ATMm1; contains OHLCV/OI/IV/spot when API returned data.
raw_dhan_nifty_month_expiry_code_1_put_atmm10,raw,index_options,NIFTY,1min,dhan_rollingoption,data/raw/options/dhan/nifty/month/expiry_code_1/put/ATMm10,json,61,91923537,,2021-05-01,2026-04-30,,options_cross_check_source,raw_vendor_response_missing_bid_ask,index_options|NIFTY|1min|option_ohlcv,raw_shoonya_nifty_options_1min,month/expiry_code_1/put/ATMm10; contains OHLCV/OI/IV/spot when API returned data.
raw_dhan_nifty_month_expiry_code_1_put_atmm2,raw,index_options,NIFTY,1min,dhan_rollingoption,data/raw/options/dhan/nifty/month/expiry_code_1/put/ATMm2,json,61,93374320,,2021-05-01,2026-04-30,,options_cross_check_source,raw_vendor_response_missing_bid_ask,index_options|NIFTY|1min|option_ohlcv,raw_shoonya_nifty_options_1min,month/expiry_code_1/put/ATMm2; contains OHLCV/OI/IV/spot when API returned data.
raw_dhan_nifty_month_expiry_code_1_put_atmm3,raw,index_options,NIFTY,1min,dhan_rollingoption,data/raw/options/dhan/nifty/month/expiry_code_1/put/ATMm3,json,61,93168244,,2021-05-01,2026-04-30,,options_cross_check_source,raw_vendor_response_missing_bid_ask,index_options|NIFTY|1min|option_ohlcv,raw_shoonya_nifty_options_1min,month/expiry_code_1/put/ATMm3; contains OHLCV/OI/IV/spot when API returned data.
raw_dhan_nifty_month_expiry_code_1_put_atmm4,raw,index_options,NIFTY,1min,dhan_rollingoption,data/raw/options/dhan/nifty/month/expiry_code_1/put/ATMm4,json,61,92938578,,2021-05-01,2026-04-30,,options_cross_check_source,raw_vendor_response_missing_bid_ask,index_options|NIFTY|1min|option_ohlcv,raw_shoonya_nifty_options_1min,month/expiry_code_1/put/ATMm4; contains OHLCV/OI/IV/spot when API returned data.
raw_dhan_nifty_month_expiry_code_1_put_atmm5,raw,index_options,NIFTY,1min,dhan_rollingoption,data/raw/options/dhan/nifty/month/expiry_code_1/put/ATMm5,json,61,92773290,,2021-05-01,2026-04-30,,options_cross_check_source,raw_vendor_response_missing_bid_ask,index_options|NIFTY|1min|option_ohlcv,raw_shoonya_nifty_options_1min,month/expiry_code_1/put/ATMm5; contains OHLCV/OI/IV/spot when API returned data.
raw_dhan_nifty_month_expiry_code_1_put_atmm6,raw,index_options,NIFTY,1min,dhan_rollingoption,data/raw/options/dhan/nifty/month/expiry_code_1/put/ATMm6,json,61,92556927,,2021-05-01,2026-04-30,,options_cross_check_source,raw_vendor_response_missing_bid_ask,index_options|NIFTY|1min|option_ohlcv,raw_shoonya_nifty_options_1min,month/expiry_code_1/put/ATMm6; contains OHLCV/OI/IV/spot when API returned data.
raw_dhan_nifty_month_expiry_code_1_put_atmm7,raw,index_options,NIFTY,1min,dhan_rollingoption,data/raw/options/dhan/nifty/month/expiry_code_1/put/ATMm7,json,61,92378602,,2021-05-01,2026-04-30,,options_cross_check_source,raw_vendor_response_missing_bid_ask,index_options|NIFTY|1min|option_ohlcv,raw_shoonya_nifty_options_1min,month/expiry_code_1/put/ATMm7; contains OHLCV/OI/IV/spot when API returned data.
raw_dhan_nifty_month_expiry_code_1_put_atmm8,raw,index_options,NIFTY,1min,dhan_rollingoption,data/raw/options/dhan/nifty/month/expiry_code_1/put/ATMm8,json,61,92188895,,2021-05-01,2026-04-30,,options_cross_check_source,raw_vendor_response_missing_bid_ask,index_options|NIFTY|1min|option_ohlcv,raw_shoonya_nifty_options_1min,month/expiry_code_1/put/ATMm8; contains OHLCV/OI/IV/spot when API returned data.
raw_dhan_nifty_month_expiry_code_1_put_atmm9,raw,index_options,NIFTY,1min,dhan_rollingoption,data/raw/options/dhan/nifty/month/expiry_code_1/put/ATMm9,json,61,92076350,,2021-05-01,2026-04-30,,options_cross_check_source,raw_vendor_response_missing_bid_ask,index_options|NIFTY|1min|option_ohlcv,raw_shoonya_nifty_options_1min,month/expiry_code_1/put/ATMm9; contains OHLCV/OI/IV/spot when API returned data.
raw_dhan_nifty_month_expiry_code_1_put_atmp1,raw,index_options,NIFTY,1min,dhan_rollingoption,data/raw/options/dhan/nifty/month/expiry_code_1/put/ATMp1,json,61,93776494,,2021-05-01,2026-04-30,,options_cross_check_source,raw_vendor_response_missing_bid_ask,index_options|NIFTY|1min|option_ohlcv,raw_shoonya_nifty_options_1min,month/expiry_code_1/put/ATMp1; contains OHLCV/OI/IV/spot when API returned data.
raw_dhan_nifty_month_expiry_code_1_put_atmp10,raw,index_options,NIFTY,1min,dhan_rollingoption,data/raw/options/dhan/nifty/month/expiry_code_1/put/ATMp10,json,61,91500703,,2021-05-01,2026-04-30,,options_cross_check_source,raw_vendor_response_missing_bid_ask,index_options|NIFTY|1min|option_ohlcv,raw_shoonya_nifty_options_1min,month/expiry_code_1/put/ATMp10; contains OHLCV/OI/IV/spot when API returned data.
raw_dhan_nifty_month_expiry_code_1_put_atmp2,raw,index_options,NIFTY,1min,dhan_rollingoption,data/raw/options/dhan/nifty/month/expiry_code_1/put/ATMp2,json,61,93627146,,2021-05-01,2026-04-30,,options_cross_check_source,raw_vendor_response_missing_bid_ask,index_options|NIFTY|1min|option_ohlcv,raw_shoonya_nifty_options_1min,month/expiry_code_1/put/ATMp2; contains OHLCV/OI/IV/spot when API returned data.
raw_dhan_nifty_month_expiry_code_1_put_atmp3,raw,index_options,NIFTY,1min,dhan_rollingoption,data/raw/options/dhan/nifty/month/expiry_code_1/put/ATMp3,json,61,93422951,,2021-05-01,2026-04-30,,options_cross_check_source,raw_vendor_response_missing_bid_ask,index_options|NIFTY|1min|option_ohlcv,raw_shoonya_nifty_options_1min,month/expiry_code_1/put/ATMp3; contains OHLCV/OI/IV/spot when API returned data.
raw_dhan_nifty_month_expiry_code_1_put_atmp4,raw,index_options,NIFTY,1min,dhan_rollingoption,data/raw/options/dhan/nifty/month/expiry_code_1/put/ATMp4,json,61,93149519,,2021-05-01,2026-04-30,,options_cross_check_source,raw_vendor_response_missing_bid_ask,index_options|NIFTY|1min|option_ohlcv,raw_shoonya_nifty_options_1min,month/expiry_code_1/put/ATMp4; contains OHLCV/OI/IV/spot when API returned data.
raw_dhan_nifty_month_expiry_code_1_put_atmp5,raw,index_options,NIFTY,1min,dhan_rollingoption,data/raw/options/dhan/nifty/month/expiry_code_1/put/ATMp5,json,61,92935612,,2021-05-01,2026-04-30,,options_cross_check_source,raw_vendor_response_missing_bid_ask,index_options|NIFTY|1min|option_ohlcv,raw_shoonya_nifty_options_1min,month/expiry_code_1/put/ATMp5; contains OHLCV/OI/IV/spot when API returned data.
raw_dhan_nifty_month_expiry_code_1_put_atmp6,raw,index_options,NIFTY,1min,dhan_rollingoption,data/raw/options/dhan/nifty/month/expiry_code_1/put/ATMp6,json,61,92648490,,2021-05-01,2026-04-30,,options_cross_check_source,raw_vendor_response_missing_bid_ask,index_options|NIFTY|1min|option_ohlcv,raw_shoonya_nifty_options_1min,month/expiry_code_1/put/ATMp6; contains OHLCV/OI/IV/spot when API returned data.
raw_dhan_nifty_month_expiry_code_1_put_atmp7,raw,index_options,NIFTY,1min,dhan_rollingoption,data/raw/options/dhan/nifty/month/expiry_code_1/put/ATMp7,json,61,92398490,,2021-05-01,2026-04-30,,options_cross_check_source,raw_vendor_response_missing_bid_ask,index_options|NIFTY|1min|option_ohlcv,raw_shoonya_nifty_options_1min,month/expiry_code_1/put/ATMp7; contains OHLCV/OI/IV/spot when API returned data.
raw_dhan_nifty_month_expiry_code_1_put_atmp8,raw,index_options,NIFTY,1min,dhan_rollingoption,data/raw/options/dhan/nifty/month/expiry_code_1/put/ATMp8,json,61,92142111,,2021-05-01,2026-04-30,,options_cross_check_source,raw_vendor_response_missing_bid_ask,index_options|NIFTY|1min|option_ohlcv,raw_shoonya_nifty_options_1min,month/expiry_code_1/put/ATMp8; contains OHLCV/OI/IV/spot when API returned data.
raw_dhan_nifty_month_expiry_code_1_put_atmp9,raw,index_options,NIFTY,1min,dhan_rollingoption,data/raw/options/dhan/nifty/month/expiry_code_1/put/ATMp9,json,61,91869877,,2021-05-01,2026-04-30,,options_cross_check_source,raw_vendor_response_missing_bid_ask,index_options|NIFTY|1min|option_ohlcv,raw_shoonya_nifty_options_1min,month/expiry_code_1/put/ATMp9; contains OHLCV/OI/IV/spot when API returned data.
raw_dhan_nifty_week_expiry_code_1_call_atm,raw,index_options,NIFTY,1min,dhan_rollingoption,data/raw/options/dhan/nifty/week/expiry_code_1/call/ATM,json,65,100247020,,2021-01-01,2026-04-30,,options_cross_check_source,raw_vendor_response_missing_bid_ask,index_options|NIFTY|1min|option_ohlcv,raw_shoonya_nifty_options_1min,week/expiry_code_1/call/ATM; contains OHLCV/OI/IV/spot when API returned data.
raw_dhan_nifty_week_expiry_code_1_call_atmm1,raw,index_options,NIFTY,1min,dhan_rollingoption,data/raw/options/dhan/nifty/week/expiry_code_1/call/ATMm1,json,65,100398667,,2021-01-01,2026-04-30,,options_cross_check_source,raw_vendor_response_missing_bid_ask,index_options|NIFTY|1min|option_ohlcv,raw_shoonya_nifty_options_1min,week/expiry_code_1/call/ATMm1; contains OHLCV/OI/IV/spot when API returned data.
raw_dhan_nifty_week_expiry_code_1_call_atmm10,raw,index_options,NIFTY,1min,dhan_rollingoption,data/raw/options/dhan/nifty/week/expiry_code_1/call/ATMm10,json,65,96951815,,2021-01-01,2026-04-30,,options_cross_check_source,raw_vendor_response_missing_bid_ask,index_options|NIFTY|1min|option_ohlcv,raw_shoonya_nifty_options_1min,week/expiry_code_1/call/ATMm10; contains OHLCV/OI/IV/spot when API returned data.
raw_dhan_nifty_week_expiry_code_1_call_atmm2,raw,index_options,NIFTY,1min,dhan_rollingoption,data/raw/options/dhan/nifty/week/expiry_code_1/call/ATMm2,json,65,100434881,,2021-01-01,2026-04-30,,options_cross_check_source,raw_vendor_response_missing_bid_ask,index_options|NIFTY|1min|option_ohlcv,raw_shoonya_nifty_options_1min,week/expiry_code_1/call/ATMm2; contains OHLCV/OI/IV/spot when API returned data.
raw_dhan_nifty_week_expiry_code_1_call_atmm3,raw,index_options,NIFTY,1min,dhan_rollingoption,data/raw/options/dhan/nifty/week/expiry_code_1/call/ATMm3,json,65,100125867,,2021-01-01,2026-04-30,,options_cross_check_source,raw_vendor_response_missing_bid_ask,index_options|NIFTY|1min|option_ohlcv,raw_shoonya_nifty_options_1min,week/expiry_code_1/call/ATMm3; contains OHLCV/OI/IV/spot when API returned data.
raw_dhan_nifty_week_expiry_code_1_call_atmm4,raw,index_options,NIFTY,1min,dhan_rollingoption,data/raw/options/dhan/nifty/week/expiry_code_1/call/ATMm4,json,65,99639973,,2021-01-01,2026-04-30,,options_cross_check_source,raw_vendor_response_missing_bid_ask,index_options|NIFTY|1min|option_ohlcv,raw_shoonya_nifty_options_1min,week/expiry_code_1/call/ATMm4; contains OHLCV/OI/IV/spot when API returned data.
raw_dhan_nifty_week_expiry_code_1_call_atmm5,raw,index_options,NIFTY,1min,dhan_rollingoption,data/raw/options/dhan/nifty/week/expiry_code_1/call/ATMm5,json,65,99161213,,2021-01-01,2026-04-30,,options_cross_check_source,raw_vendor_response_missing_bid_ask,index_options|NIFTY|1min|option_ohlcv,raw_shoonya_nifty_options_1min,week/expiry_code_1/call/ATMm5; contains OHLCV/OI/IV/spot when API returned data.
raw_dhan_nifty_week_expiry_code_1_call_atmm6,raw,index_options,NIFTY,1min,dhan_rollingoption,data/raw/options/dhan/nifty/week/expiry_code_1/call/ATMm6,json,65,98684841,,2021-01-01,2026-04-30,,options_cross_check_source,raw_vendor_response_missing_bid_ask,index_options|NIFTY|1min|option_ohlcv,raw_shoonya_nifty_options_1min,week/expiry_code_1/call/ATMm6; contains OHLCV/OI/IV/spot when API returned data.
raw_dhan_nifty_week_expiry_code_1_call_atmm7,raw,index_options,NIFTY,1min,dhan_rollingoption,data/raw/options/dhan/nifty/week/expiry_code_1/call/ATMm7,json,65,98249627,,2021-01-01,2026-04-30,,options_cross_check_source,raw_vendor_response_missing_bid_ask,index_options|NIFTY|1min|option_ohlcv,raw_shoonya_nifty_options_1min,week/expiry_code_1/call/ATMm7; contains OHLCV/OI/IV/spot when API returned data.
raw_dhan_nifty_week_expiry_code_1_call_atmm8,raw,index_options,NIFTY,1min,dhan_rollingoption,data/raw/options/dhan/nifty/week/expiry_code_1/call/ATMm8,json,65,97781428,,2021-01-01,2026-04-30,,options_cross_check_source,raw_vendor_response_missing_bid_ask,index_options|NIFTY|1min|option_ohlcv,raw_shoonya_nifty_options_1min,week/expiry_code_1/call/ATMm8; contains OHLCV/OI/IV/spot when API returned data.
raw_dhan_nifty_week_expiry_code_1_call_atmm9,raw,index_options,NIFTY,1min,dhan_rollingoption,data/raw/options/dhan/nifty/week/expiry_code_1/call/ATMm9,json,65,97395809,,2021-01-01,2026-04-30,,options_cross_check_source,raw_vendor_response_missing_bid_ask,index_options|NIFTY|1min|option_ohlcv,raw_shoonya_nifty_options_1min,week/expiry_code_1/call/ATMm9; contains OHLCV/OI/IV/spot when API returned data.
raw_dhan_nifty_week_expiry_code_1_call_atmp1,raw,index_options,NIFTY,1min,dhan_rollingoption,data/raw/options/dhan/nifty/week/expiry_code_1/call/ATMp1,json,65,99817570,,2021-01-01,2026-04-30,,options_cross_check_source,raw_vendor_response_missing_bid_ask,index_options|NIFTY|1min|option_ohlcv,raw_shoonya_nifty_options_1min,week/expiry_code_1/call/ATMp1; contains OHLCV/OI/IV/spot when API returned data.
raw_dhan_nifty_week_expiry_code_1_call_atmp10,raw,index_options,NIFTY,1min,dhan_rollingoption,data/raw/options/dhan/nifty/week/expiry_code_1/call/ATMp10,json,65,97150938,,2021-01-01,2026-04-30,,options_cross_check_source,raw_vendor_response_missing_bid_ask,index_options|NIFTY|1min|option_ohlcv,raw_shoonya_nifty_options_1min,week/expiry_code_1/call/ATMp10; contains OHLCV/OI/IV/spot when API returned data.
raw_dhan_nifty_week_expiry_code_1_call_atmp2,raw,index_options,NIFTY,1min,dhan_rollingoption,data/raw/options/dhan/nifty/week/expiry_code_1/call/ATMp2,json,65,99354563,,2021-01-01,2026-04-30,,options_cross_check_source,raw_vendor_response_missing_bid_ask,index_options|NIFTY|1min|option_ohlcv,raw_shoonya_nifty_options_1min,week/expiry_code_1/call/ATMp2; contains OHLCV/OI/IV/spot when API returned data.
raw_dhan_nifty_week_expiry_code_1_call_atmp3,raw,index_options,NIFTY,1min,dhan_rollingoption,data/raw/options/dhan/nifty/week/expiry_code_1/call/ATMp3,json,65,99015558,,2021-01-01,2026-04-30,,options_cross_check_source,raw_vendor_response_missing_bid_ask,index_options|NIFTY|1min|option_ohlcv,raw_shoonya_nifty_options_1min,week/expiry_code_1/call/ATMp3; contains OHLCV/OI/IV/spot when API returned data.
raw_dhan_nifty_week_expiry_code_1_call_atmp4,raw,index_options,NIFTY,1min,dhan_rollingoption,data/raw/options/dhan/nifty/week/expiry_code_1/call/ATMp4,json,65,98710652,,2021-01-01,2026-04-30,,options_cross_check_source,raw_vendor_response_missing_bid_ask,index_options|NIFTY|1min|option_ohlcv,raw_shoonya_nifty_options_1min,week/expiry_code_1/call/ATMp4; contains OHLCV/OI/IV/spot when API returned data.
raw_dhan_nifty_week_expiry_code_1_call_atmp5,raw,index_options,NIFTY,1min,dhan_rollingoption,data/raw/options/dhan/nifty/week/expiry_code_1/call/ATMp5,json,65,98420953,,2021-01-01,2026-04-30,,options_cross_check_source,raw_vendor_response_missing_bid_ask,index_options|NIFTY|1min|option_ohlcv,raw_shoonya_nifty_options_1min,week/expiry_code_1/call/ATMp5; contains OHLCV/OI/IV/spot when API returned data.
raw_dhan_nifty_week_expiry_code_1_call_atmp6,raw,index_options,NIFTY,1min,dhan_rollingoption,data/raw/options/dhan/nifty/week/expiry_code_1/call/ATMp6,json,65,98097460,,2021-01-01,2026-04-30,,options_cross_check_source,raw_vendor_response_missing_bid_ask,index_options|NIFTY|1min|option_ohlcv,raw_shoonya_nifty_options_1min,week/expiry_code_1/call/ATMp6; contains OHLCV/OI/IV/spot when API returned data.
raw_dhan_nifty_week_expiry_code_1_call_atmp7,raw,index_options,NIFTY,1min,dhan_rollingoption,data/raw/options/dhan/nifty/week/expiry_code_1/call/ATMp7,json,65,97827446,,2021-01-01,2026-04-30,,options_cross_check_source,raw_vendor_response_missing_bid_ask,index_options|NIFTY|1min|option_ohlcv,raw_shoonya_nifty_options_1min,week/expiry_code_1/call/ATMp7; contains OHLCV/OI/IV/spot when API returned data.
raw_dhan_nifty_week_expiry_code_1_call_atmp8,raw,index_options,NIFTY,1min,dhan_rollingoption,data/raw/options/dhan/nifty/week/expiry_code_1/call/ATMp8,json,65,97581685,,2021-01-01,2026-04-30,,options_cross_check_source,raw_vendor_response_missing_bid_ask,index_options|NIFTY|1min|option_ohlcv,raw_shoonya_nifty_options_1min,week/expiry_code_1/call/ATMp8; contains OHLCV/OI/IV/spot when API returned data.
raw_dhan_nifty_week_expiry_code_1_call_atmp9,raw,index_options,NIFTY,1min,dhan_rollingoption,data/raw/options/dhan/nifty/week/expiry_code_1/call/ATMp9,json,65,97357345,,2021-01-01,2026-04-30,,options_cross_check_source,raw_vendor_response_missing_bid_ask,index_options|NIFTY|1min|option_ohlcv,raw_shoonya_nifty_options_1min,week/expiry_code_1/call/ATMp9; contains OHLCV/OI/IV/spot when API returned data.
raw_dhan_nifty_week_expiry_code_1_put_atm,raw,index_options,NIFTY,1min,dhan_rollingoption,data/raw/options/dhan/nifty/week/expiry_code_1/put/ATM,json,65,100080251,,2021-01-01,2026-04-30,,options_cross_check_source,raw_vendor_response_missing_bid_ask,index_options|NIFTY|1min|option_ohlcv,raw_shoonya_nifty_options_1min,week/expiry_code_1/put/ATM; contains OHLCV/OI/IV/spot when API returned data.
raw_dhan_nifty_week_expiry_code_1_put_atmm1,raw,index_options,NIFTY,1min,dhan_rollingoption,data/raw/options/dhan/nifty/week/expiry_code_1/put/ATMm1,json,65,99713395,,2021-01-01,2026-04-30,,options_cross_check_source,raw_vendor_response_missing_bid_ask,index_options|NIFTY|1min|option_ohlcv,raw_shoonya_nifty_options_1min,week/expiry_code_1/put/ATMm1; contains OHLCV/OI/IV/spot when API returned data.
raw_dhan_nifty_week_expiry_code_1_put_atmm10,raw,index_options,NIFTY,1min,dhan_rollingoption,data/raw/options/dhan/nifty/week/expiry_code_1/put/ATMm10,json,65,97370069,,2021-01-01,2026-04-30,,options_cross_check_source,raw_vendor_response_missing_bid_ask,index_options|NIFTY|1min|option_ohlcv,raw_shoonya_nifty_options_1min,week/expiry_code_1/put/ATMm10; contains OHLCV/OI/IV/spot when API returned data.
raw_dhan_nifty_week_expiry_code_1_put_atmm2,raw,index_options,NIFTY,1min,dhan_rollingoption,data/raw/options/dhan/nifty/week/expiry_code_1/put/ATMm2,json,65,99321413,,2021-01-01,2026-04-30,,options_cross_check_source,raw_vendor_response_missing_bid_ask,index_options|NIFTY|1min|option_ohlcv,raw_shoonya_nifty_options_1min,week/expiry_code_1/put/ATMm2; contains OHLCV/OI/IV/spot when API returned data.
raw_dhan_nifty_week_expiry_code_1_put_atmm3,raw,index_options,NIFTY,1min,dhan_rollingoption,data/raw/options/dhan/nifty/week/expiry_code_1/put/ATMm3,json,65,99023807,,2021-01-01,2026-04-30,,options_cross_check_source,raw_vendor_response_missing_bid_ask,index_options|NIFTY|1min|option_ohlcv,raw_shoonya_nifty_options_1min,week/expiry_code_1/put/ATMm3; contains OHLCV/OI/IV/spot when API returned data.
raw_dhan_nifty_week_expiry_code_1_put_atmm4,raw,index_options,NIFTY,1min,dhan_rollingoption,data/raw/options/dhan/nifty/week/expiry_code_1/put/ATMm4,json,65,98764337,,2021-01-01,2026-04-30,,options_cross_check_source,raw_vendor_response_missing_bid_ask,index_options|NIFTY|1min|option_ohlcv,raw_shoonya_nifty_options_1min,week/expiry_code_1/put/ATMm4; contains OHLCV/OI/IV/spot when API returned data.
raw_dhan_nifty_week_expiry_code_1_put_atmm5,raw,index_options,NIFTY,1min,dhan_rollingoption,data/raw/options/dhan/nifty/week/expiry_code_1/put/ATMm5,json,65,98518609,,2021-01-01,2026-04-30,,options_cross_check_source,raw_vendor_response_missing_bid_ask,index_options|NIFTY|1min|option_ohlcv,raw_shoonya_nifty_options_1min,week/expiry_code_1/put/ATMm5; contains OHLCV/OI/IV/spot when API returned data.
raw_dhan_nifty_week_expiry_code_1_put_atmm6,raw,index_options,NIFTY,1min,dhan_rollingoption,data/raw/options/dhan/nifty/week/expiry_code_1/put/ATMm6,json,65,98279755,,2021-01-01,2026-04-30,,options_cross_check_source,raw_vendor_response_missing_bid_ask,index_options|NIFTY|1min|option_ohlcv,raw_shoonya_nifty_options_1min,week/expiry_code_1/put/ATMm6; contains OHLCV/OI/IV/spot when API returned data.
raw_dhan_nifty_week_expiry_code_1_put_atmm7,raw,index_options,NIFTY,1min,dhan_rollingoption,data/raw/options/dhan/nifty/week/expiry_code_1/put/ATMm7,json,65,98032973,,2021-01-01,2026-04-30,,options_cross_check_source,raw_vendor_response_missing_bid_ask,index_options|NIFTY|1min|option_ohlcv,raw_shoonya_nifty_options_1min,week/expiry_code_1/put/ATMm7; contains OHLCV/OI/IV/spot when API returned data.
raw_dhan_nifty_week_expiry_code_1_put_atmm8,raw,index_options,NIFTY,1min,dhan_rollingoption,data/raw/options/dhan/nifty/week/expiry_code_1/put/ATMm8,json,65,97783509,,2021-01-01,2026-04-30,,options_cross_check_source,raw_vendor_response_missing_bid_ask,index_options|NIFTY|1min|option_ohlcv,raw_shoonya_nifty_options_1min,week/expiry_code_1/put/ATMm8; contains OHLCV/OI/IV/spot when API returned data.
raw_dhan_nifty_week_expiry_code_1_put_atmm9,raw,index_options,NIFTY,1min,dhan_rollingoption,data/raw/options/dhan/nifty/week/expiry_code_1/put/ATMm9,json,65,97572081,,2021-01-01,2026-04-30,,options_cross_check_source,raw_vendor_response_missing_bid_ask,index_options|NIFTY|1min|option_ohlcv,raw_shoonya_nifty_options_1min,week/expiry_code_1/put/ATMm9; contains OHLCV/OI/IV/spot when API returned data.
raw_dhan_nifty_week_expiry_code_1_put_atmp1,raw,index_options,NIFTY,1min,dhan_rollingoption,data/raw/options/dhan/nifty/week/expiry_code_1/put/ATMp1,json,65,100254305,,2021-01-01,2026-04-30,,options_cross_check_source,raw_vendor_response_missing_bid_ask,index_options|NIFTY|1min|option_ohlcv,raw_shoonya_nifty_options_1min,week/expiry_code_1/put/ATMp1; contains OHLCV/OI/IV/spot when API returned data.
raw_dhan_nifty_week_expiry_code_1_put_atmp10,raw,index_options,NIFTY,1min,dhan_rollingoption,data/raw/options/dhan/nifty/week/expiry_code_1/put/ATMp10,json,65,97220097,,2021-01-01,2026-04-30,,options_cross_check_source,raw_vendor_response_missing_bid_ask,index_options|NIFTY|1min|option_ohlcv,raw_shoonya_nifty_options_1min,week/expiry_code_1/put/ATMp10; contains OHLCV/OI/IV/spot when API returned data.
raw_dhan_nifty_week_expiry_code_1_put_atmp2,raw,index_options,NIFTY,1min,dhan_rollingoption,data/raw/options/dhan/nifty/week/expiry_code_1/put/ATMp2,json,65,100477582,,2021-01-01,2026-04-30,,options_cross_check_source,raw_vendor_response_missing_bid_ask,index_options|NIFTY|1min|option_ohlcv,raw_shoonya_nifty_options_1min,week/expiry_code_1/put/ATMp2; contains OHLCV/OI/IV/spot when API returned data.
raw_dhan_nifty_week_expiry_code_1_put_atmp3,raw,index_options,NIFTY,1min,dhan_rollingoption,data/raw/options/dhan/nifty/week/expiry_code_1/put/ATMp3,json,65,100244347,,2021-01-01,2026-04-30,,options_cross_check_source,raw_vendor_response_missing_bid_ask,index_options|NIFTY|1min|option_ohlcv,raw_shoonya_nifty_options_1min,week/expiry_code_1/put/ATMp3; contains OHLCV/OI/IV/spot when API returned data.
raw_dhan_nifty_week_expiry_code_1_put_atmp4,raw,index_options,NIFTY,1min,dhan_rollingoption,data/raw/options/dhan/nifty/week/expiry_code_1/put/ATMp4,json,65,99809368,,2021-01-01,2026-04-30,,options_cross_check_source,raw_vendor_response_missing_bid_ask,index_options|NIFTY|1min|option_ohlcv,raw_shoonya_nifty_options_1min,week/expiry_code_1/put/ATMp4; contains OHLCV/OI/IV/spot when API returned data.
raw_dhan_nifty_week_expiry_code_1_put_atmp5,raw,index_options,NIFTY,1min,dhan_rollingoption,data/raw/options/dhan/nifty/week/expiry_code_1/put/ATMp5,json,65,99367399,,2021-01-01,2026-04-30,,options_cross_check_source,raw_vendor_response_missing_bid_ask,index_options|NIFTY|1min|option_ohlcv,raw_shoonya_nifty_options_1min,week/expiry_code_1/put/ATMp5; contains OHLCV/OI/IV/spot when API returned data.
raw_dhan_nifty_week_expiry_code_1_put_atmp6,raw,index_options,NIFTY,1min,dhan_rollingoption,data/raw/options/dhan/nifty/week/expiry_code_1/put/ATMp6,json,65,98917152,,2021-01-01,2026-04-30,,options_cross_check_source,raw_vendor_response_missing_bid_ask,index_options|NIFTY|1min|option_ohlcv,raw_shoonya_nifty_options_1min,week/expiry_code_1/put/ATMp6; contains OHLCV/OI/IV/spot when API returned data.
raw_dhan_nifty_week_expiry_code_1_put_atmp7,raw,index_options,NIFTY,1min,dhan_rollingoption,data/raw/options/dhan/nifty/week/expiry_code_1/put/ATMp7,json,65,98492772,,2021-01-01,2026-04-30,,options_cross_check_source,raw_vendor_response_missing_bid_ask,index_options|NIFTY|1min|option_ohlcv,raw_shoonya_nifty_options_1min,week/expiry_code_1/put/ATMp7; contains OHLCV/OI/IV/spot when API returned data.
raw_dhan_nifty_week_expiry_code_1_put_atmp8,raw,index_options,NIFTY,1min,dhan_rollingoption,data/raw/options/dhan/nifty/week/expiry_code_1/put/ATMp8,json,65,98101011,,2021-01-01,2026-04-30,,options_cross_check_source,raw_vendor_response_missing_bid_ask,index_options|NIFTY|1min|option_ohlcv,raw_shoonya_nifty_options_1min,week/expiry_code_1/put/ATMp8; contains OHLCV/OI/IV/spot when API returned data.
raw_dhan_nifty_week_expiry_code_1_put_atmp9,raw,index_options,NIFTY,1min,dhan_rollingoption,data/raw/options/dhan/nifty/week/expiry_code_1/put/ATMp9,json,65,97672257,,2021-01-01,2026-04-30,,options_cross_check_source,raw_vendor_response_missing_bid_ask,index_options|NIFTY|1min|option_ohlcv,raw_shoonya_nifty_options_1min,week/expiry_code_1/put/ATMp9; contains OHLCV/OI/IV/spot when API returned data.
raw_shoonya_nifty_options_1min,raw,index_options,NIFTY,1min,shoonya_public_expired_options,data/raw/options/shoonya/nifty,csv,23943,7122153615,,20240104,20260421,,first_options_research_source,raw_public_archive,index_options|NIFTY|1min|option_ohlcv,raw/dhan_rollingoption:84_datasets,Expiry-folder option-chain CSVs; no bid/ask; useful overlap with Dhan NIFTY options.
raw_nse_fo_bhavcopy_2008,raw,index_options,NIFTY,daily_eod,nse_fo_bhavcopy,data/raw/nse/bhavcopy/fo/2008,csv,246,11472267,,20080101,20081231,,eod_cross_check,raw_exchange_archive_filtered,index_options|NIFTY|daily_eod|csv,,NSE F&O bhavcopy files; useful for EOD option OHLC/OI/volume checks.
raw_nse_fo_bhavcopy_2009,raw,index_options,NIFTY,daily_eod,nse_fo_bhavcopy,data/raw/nse/bhavcopy/fo/2009,csv,242,14792967,,20090101,20091231,,eod_cross_check,raw_exchange_archive_filtered,index_options|NIFTY|daily_eod|csv,,NSE F&O bhavcopy files; useful for EOD option OHLC/OI/volume checks.
raw_nse_fo_bhavcopy_2010,raw,index_options,NIFTY,daily_eod,nse_fo_bhavcopy,data/raw/nse/bhavcopy/fo/2010,csv,251,15071917,,20100104,20101231,,eod_cross_check,raw_exchange_archive_filtered,index_options|NIFTY|daily_eod|csv,,NSE F&O bhavcopy files; useful for EOD option OHLC/OI/volume checks.
raw_nse_fo_bhavcopy_2011,raw,index_options,NIFTY,daily_eod,nse_fo_bhavcopy,data/raw/nse/bhavcopy/fo/2011,csv,247,28055347,,20110103,20111230,,eod_cross_check,raw_exchange_archive_filtered,index_options|NIFTY|daily_eod|csv,,NSE F&O bhavcopy files; useful for EOD option OHLC/OI/volume checks.
raw_nse_fo_bhavcopy_2012,raw,index_options,NIFTY,daily_eod,nse_fo_bhavcopy,data/raw/nse/bhavcopy/fo/2012,csv,246,27594889,,20120102,20121231,,eod_cross_check,raw_exchange_archive_filtered,index_options|NIFTY|daily_eod|csv,,NSE F&O bhavcopy files; useful for EOD option OHLC/OI/volume checks.
raw_nse_fo_bhavcopy_2013,raw,index_options,NIFTY,daily_eod,nse_fo_bhavcopy,data/raw/nse/bhavcopy/fo/2013,csv,247,30067340,,20130101,20131231,,eod_cross_check,raw_exchange_archive_filtered,index_options|NIFTY|daily_eod|csv,,NSE F&O bhavcopy files; useful for EOD option OHLC/OI/volume checks.
raw_nse_fo_bhavcopy_2014,raw,index_options,NIFTY,daily_eod,nse_fo_bhavcopy,data/raw/nse/bhavcopy/fo/2014,csv,242,36688957,,20140101,20141231,,eod_cross_check,raw_exchange_archive_filtered,index_options|NIFTY|daily_eod|csv,,NSE F&O bhavcopy files; useful for EOD option OHLC/OI/volume checks.
raw_nse_fo_bhavcopy_2015,raw,index_options,NIFTY,daily_eod,nse_fo_bhavcopy,data/raw/nse/bhavcopy/fo/2015,csv,246,41251963,,20150101,20151231,,eod_cross_check,raw_exchange_archive_filtered,index_options|NIFTY|daily_eod|csv,,NSE F&O bhavcopy files; useful for EOD option OHLC/OI/volume checks.
raw_nse_fo_bhavcopy_2016,raw,index_options,NIFTY,daily_eod,nse_fo_bhavcopy,data/raw/nse/bhavcopy/fo/2016,csv,246,40016257,,20160101,20161230,,eod_cross_check,raw_exchange_archive_filtered,index_options|NIFTY|daily_eod|csv,,NSE F&O bhavcopy files; useful for EOD option OHLC/OI/volume checks.
raw_nse_fo_bhavcopy_2017,raw,index_options,NIFTY,daily_eod,nse_fo_bhavcopy,data/raw/nse/bhavcopy/fo/2017,csv,248,40938979,,20170102,20171229,,eod_cross_check,raw_exchange_archive_filtered,index_options|NIFTY|daily_eod|csv,,NSE F&O bhavcopy files; useful for EOD option OHLC/OI/volume checks.
raw_nse_fo_bhavcopy_2018,raw,index_options,NIFTY,daily_eod,nse_fo_bhavcopy,data/raw/nse/bhavcopy/fo/2018,csv,245,44051472,,20180101,20181231,,eod_cross_check,raw_exchange_archive_filtered,index_options|NIFTY|daily_eod|csv,,NSE F&O bhavcopy files; useful for EOD option OHLC/OI/volume checks.
raw_nse_fo_bhavcopy_2019,raw,index_options,NIFTY,daily_eod,nse_fo_bhavcopy,data/raw/nse/bhavcopy/fo/2019,csv,244,60219640,,20190101,20191231,,eod_cross_check,raw_exchange_archive_filtered,index_options|NIFTY|daily_eod|csv,,NSE F&O bhavcopy files; useful for EOD option OHLC/OI/volume checks.
raw_nse_fo_bhavcopy_2020,raw,index_options,NIFTY,daily_eod,nse_fo_bhavcopy,data/raw/nse/bhavcopy/fo/2020,csv,250,58420124,,20200101,20201231,,eod_cross_check,raw_exchange_archive_filtered,index_options|NIFTY|daily_eod|csv,,NSE F&O bhavcopy files; useful for EOD option OHLC/OI/volume checks.
raw_nse_fo_bhavcopy_2021,raw,index_options,NIFTY,daily_eod,nse_fo_bhavcopy,data/raw/nse/bhavcopy/fo/2021,csv,247,42944014,,20210101,20211231,,eod_cross_check,raw_exchange_archive_filtered,index_options|NIFTY|daily_eod|csv,,NSE F&O bhavcopy files; useful for EOD option OHLC/OI/volume checks.
raw_nse_fo_bhavcopy_2022,raw,index_options,NIFTY,daily_eod,nse_fo_bhavcopy,data/raw/nse/bhavcopy/fo/2022,csv,248,47895916,,20220103,20221230,,eod_cross_check,raw_exchange_archive_filtered,index_options|NIFTY|daily_eod|csv,,NSE F&O bhavcopy files; useful for EOD option OHLC/OI/volume checks.
raw_nse_fo_bhavcopy_2023,raw,index_options,NIFTY,daily_eod,nse_fo_bhavcopy,data/raw/nse/bhavcopy/fo/2023,csv,245,30376507,,20230102,20231229,,eod_cross_check,raw_exchange_archive_filtered,index_options|NIFTY|daily_eod|csv,,NSE F&O bhavcopy files; useful for EOD option OHLC/OI/volume checks.
raw_nse_fo_bhavcopy_2024,raw,index_options,NIFTY,daily_eod,nse_fo_bhavcopy,data/raw/nse/bhavcopy/fo/2024,csv,246,785865529,,20240101,20241231,,eod_cross_check,raw_exchange_archive_filtered,index_options|NIFTY|daily_eod|csv,,NSE F&O bhavcopy files; useful for EOD option OHLC/OI/volume checks.
raw_nse_fo_bhavcopy_2025,raw,index_options,NIFTY,daily_eod,nse_fo_bhavcopy,data/raw/nse/bhavcopy/fo/2025,csv,248,1600943542,,20250101,20251231,,eod_cross_check,raw_exchange_archive_filtered,index_options|NIFTY|daily_eod|csv,,NSE F&O bhavcopy files; useful for EOD option OHLC/OI/volume checks.
raw_nse_fo_bhavcopy_2026,raw,index_options,NIFTY,daily_eod,nse_fo_bhavcopy,data/raw/nse/bhavcopy/fo/2026,csv,78,644429115,,20260101,20260429,,eod_cross_check,raw_exchange_archive_filtered,index_options|NIFTY|daily_eod|csv,,NSE F&O bhavcopy files; useful for EOD option OHLC/OI/volume checks.
processed_market_archive_cleaned_banknifty_15min,processed,index_spot,BANKNIFTY,15min,market_archive_cleaned,data/processed/market_archive_cleaned/NIFTY BANK_15minute.csv,csv,1,3950212,69306,2015-01-09,2026-04-08,datetime|open|high|low|close|volume,research_ready_cleaned,cleaned_non_destructive,index_spot|BANKNIFTY|15min|ohlcv,raw_market_archive_banknifty_15min,Archive-derived index/VIX OHLCV file.
raw_market_archive_banknifty_15min,raw,index_spot,BANKNIFTY,15min,market_archive,data/raw/market_archive/NIFTY BANK_15minute.csv,csv,1,3880901,69306,2015-01-09,2026-04-08,date|open|high|low|close|volume,,raw_untouched,index_spot|BANKNIFTY|15min|ohlcv,processed_market_archive_cleaned_banknifty_15min,Archive-derived index/VIX OHLCV file.
processed_market_archive_cleaned_banknifty_1min,processed,index_spot,BANKNIFTY,1min,market_archive_cleaned,data/processed/market_archive_cleaned/NIFTY BANK_minute.csv,csv,1,59229975,1039145,2015-01-09,2026-04-08,datetime|open|high|low|close|volume,research_ready_cleaned,cleaned_non_destructive,index_spot|BANKNIFTY|1min|ohlcv,raw_market_archive_banknifty_1min,Archive-derived index/VIX OHLCV file.
raw_dhan_spot_intraday_banknifty,raw,index_spot,BANKNIFTY,1min,dhan_charts_intraday,data/raw/spot/intraday/BANKNIFTY,json,21,52148695,,2021-05-01,2026-04-30,,cross_check,raw_vendor_response,index_spot|BANKNIFTY|1min|json,,Dhan intraday spot/VIX JSON responses.
raw_market_archive_banknifty_1min,raw,index_spot,BANKNIFTY,1min,market_archive,data/raw/market_archive/NIFTY BANK_minute.csv,csv,1,58191051,1039149,2015-01-09,2026-04-08,date|open|high|low|close|volume,,raw_untouched,index_spot|BANKNIFTY|1min|ohlcv,processed_market_archive_cleaned_banknifty_1min,Archive-derived index/VIX OHLCV file.
processed_market_archive_cleaned_banknifty_30min,processed,index_spot,BANKNIFTY,30min,market_archive_cleaned,data/processed/market_archive_cleaned/NIFTY BANK_30minute.csv,csv,1,2054573,36046,2015-01-09,2026-04-08,datetime|open|high|low|close|volume,research_ready_cleaned,cleaned_non_destructive,index_spot|BANKNIFTY|30min|ohlcv,raw_market_archive_banknifty_30min,Archive-derived index/VIX OHLCV file.
raw_market_archive_banknifty_30min,raw,index_spot,BANKNIFTY,30min,market_archive,data/raw/market_archive/NIFTY BANK_30minute.csv,csv,1,2018522,36046,2015-01-09,2026-04-08,date|open|high|low|close|volume,,raw_untouched,index_spot|BANKNIFTY|30min|ohlcv,processed_market_archive_cleaned_banknifty_30min,Archive-derived index/VIX OHLCV file.
processed_market_archive_cleaned_banknifty_5min,processed,index_spot,BANKNIFTY,5min,market_archive_cleaned,data/processed/market_archive_cleaned/NIFTY BANK_5minute.csv,csv,1,11848241,207872,2015-01-09,2026-04-08,datetime|open|high|low|close|volume,research_ready_cleaned,cleaned_non_destructive,index_spot|BANKNIFTY|5min|ohlcv,raw_market_archive_banknifty_5min,Archive-derived index/VIX OHLCV file.
raw_market_archive_banknifty_5min,raw,index_spot,BANKNIFTY,5min,market_archive,data/raw/market_archive/NIFTY BANK_5minute.csv,csv,1,11640364,207872,2015-01-09,2026-04-08,date|open|high|low|close|volume,,raw_untouched,index_spot|BANKNIFTY|5min|ohlcv,processed_market_archive_cleaned_banknifty_5min,Archive-derived index/VIX OHLCV file.
processed_market_archive_cleaned_banknifty_60min,processed,index_spot,BANKNIFTY,60min,market_archive_cleaned,data/processed/market_archive_cleaned/NIFTY BANK_60minute.csv,csv,1,1106621,19412,2015-01-09,2026-04-08,datetime|open|high|low|close|volume,research_ready_cleaned,cleaned_non_destructive,index_spot|BANKNIFTY|60min|ohlcv,raw_market_archive_banknifty_60min,Archive-derived index/VIX OHLCV file.
raw_market_archive_banknifty_60min,raw,index_spot,BANKNIFTY,60min,market_archive,data/raw/market_archive/NIFTY BANK_60minute.csv,csv,1,1087204,19412,2015-01-09,2026-04-08,date|open|high|low|close|volume,,raw_untouched,index_spot|BANKNIFTY|60min|ohlcv,processed_market_archive_cleaned_banknifty_60min,Archive-derived index/VIX OHLCV file.
processed_market_archive_cleaned_banknifty_daily,processed,index_spot,BANKNIFTY,daily,market_archive_cleaned,data/processed/market_archive_cleaned/NIFTY BANK_day.csv,csv,1,134015,2791,2015-01-01,2026-04-08,datetime|open|high|low|close|volume,research_ready_cleaned,cleaned_non_destructive,index_spot|BANKNIFTY|daily|ohlcv,raw_market_archive_banknifty_daily,Archive-derived index/VIX OHLCV file.
raw_market_archive_banknifty_daily,raw,index_spot,BANKNIFTY,daily,market_archive,data/raw/market_archive/NIFTY BANK_day.csv,csv,1,156559,2795,2015-01-01,2026-04-08,date|open|high|low|close|volume,,raw_untouched,index_spot|BANKNIFTY|daily|ohlcv,processed_market_archive_cleaned_banknifty_daily,Archive-derived index/VIX OHLCV file.
processed_market_archive_cleaned_finnifty_15min,processed,index_spot,FINNIFTY,15min,market_archive_cleaned,data/processed/market_archive_cleaned/NIFTY FIN SERVICE_15minute.csv,csv,1,3879975,69282,2015-01-09,2026-04-08,datetime|open|high|low|close|volume,,cleaned_non_destructive,index_spot|FINNIFTY|15min|ohlcv,raw_market_archive_finnifty_15min,Archive-derived index/VIX OHLCV file.
raw_market_archive_finnifty_15min,raw,index_spot,FINNIFTY,15min,market_archive,data/raw/market_archive/NIFTY FIN SERVICE_15minute.csv,csv,1,3810688,69282,2015-01-09,2026-04-08,date|open|high|low|close|volume,,raw_untouched,index_spot|FINNIFTY|15min|ohlcv,processed_market_archive_cleaned_finnifty_15min,Archive-derived index/VIX OHLCV file.
processed_market_archive_cleaned_finnifty_1min,processed,index_spot,FINNIFTY,1min,market_archive_cleaned,data/processed/market_archive_cleaned/NIFTY FIN SERVICE_minute.csv,csv,1,58169801,1038789,2015-01-09,2026-04-08,datetime|open|high|low|close|volume,,cleaned_non_destructive,index_spot|FINNIFTY|1min|ohlcv,raw_market_archive_finnifty_1min,Archive-derived index/VIX OHLCV file.
raw_dhan_spot_intraday_finnifty,raw,index_spot,FINNIFTY,1min,dhan_charts_intraday,data/raw/spot/intraday/FINNIFTY,json,21,52237218,,2021-05-01,2026-04-30,,cross_check,raw_vendor_response,index_spot|FINNIFTY|1min|json,,Dhan intraday spot/VIX JSON responses.
raw_market_archive_finnifty_1min,raw,index_spot,FINNIFTY,1min,market_archive,data/raw/market_archive/NIFTY FIN SERVICE_minute.csv,csv,1,57131213,1038793,2015-01-09,2026-04-08,date|open|high|low|close|volume,,raw_untouched,index_spot|FINNIFTY|1min|ohlcv,processed_market_archive_cleaned_finnifty_1min,Archive-derived index/VIX OHLCV file.
processed_market_archive_cleaned_finnifty_30min,processed,index_spot,FINNIFTY,30min,market_archive_cleaned,data/processed/market_archive_cleaned/NIFTY FIN SERVICE_30minute.csv,csv,1,2018007,36034,2015-01-09,2026-04-08,datetime|open|high|low|close|volume,,cleaned_non_destructive,index_spot|FINNIFTY|30min|ohlcv,raw_market_archive_finnifty_30min,Archive-derived index/VIX OHLCV file.
raw_market_archive_finnifty_30min,raw,index_spot,FINNIFTY,30min,market_archive,data/raw/market_archive/NIFTY FIN SERVICE_30minute.csv,csv,1,1981968,36034,2015-01-09,2026-04-08,date|open|high|low|close|volume,,raw_untouched,index_spot|FINNIFTY|30min|ohlcv,processed_market_archive_cleaned_finnifty_30min,Archive-derived index/VIX OHLCV file.
processed_market_archive_cleaned_finnifty_5min,processed,index_spot,FINNIFTY,5min,market_archive_cleaned,data/processed/market_archive_cleaned/NIFTY FIN SERVICE_5minute.csv,csv,1,11636227,207799,2015-01-09,2026-04-08,datetime|open|high|low|close|volume,,cleaned_non_destructive,index_spot|FINNIFTY|5min|ohlcv,raw_market_archive_finnifty_5min,Archive-derived index/VIX OHLCV file.
raw_market_archive_finnifty_5min,raw,index_spot,FINNIFTY,5min,market_archive,data/raw/market_archive/NIFTY FIN SERVICE_5minute.csv,csv,1,11428423,207799,2015-01-09,2026-04-08,date|open|high|low|close|volume,,raw_untouched,index_spot|FINNIFTY|5min|ohlcv,processed_market_archive_cleaned_finnifty_5min,Archive-derived index/VIX OHLCV file.
processed_market_archive_cleaned_finnifty_60min,processed,index_spot,FINNIFTY,60min,market_archive_cleaned,data/processed/market_archive_cleaned/NIFTY FIN SERVICE_60minute.csv,csv,1,1086752,19405,2015-01-09,2026-04-08,datetime|open|high|low|close|volume,,cleaned_non_destructive,index_spot|FINNIFTY|60min|ohlcv,raw_market_archive_finnifty_60min,Archive-derived index/VIX OHLCV file.
raw_market_archive_finnifty_60min,raw,index_spot,FINNIFTY,60min,market_archive,data/raw/market_archive/NIFTY FIN SERVICE_60minute.csv,csv,1,1067342,19405,2015-01-09,2026-04-08,date|open|high|low|close|volume,,raw_untouched,index_spot|FINNIFTY|60min|ohlcv,processed_market_archive_cleaned_finnifty_60min,Archive-derived index/VIX OHLCV file.
processed_market_archive_cleaned_finnifty_daily,processed,index_spot,FINNIFTY,daily,market_archive_cleaned,data/processed/market_archive_cleaned/NIFTY FIN SERVICE_day.csv,csv,1,131148,2790,2015-01-01,2026-04-08,datetime|open|high|low|close|volume,,cleaned_non_destructive,index_spot|FINNIFTY|daily|ohlcv,raw_market_archive_finnifty_daily,Archive-derived index/VIX OHLCV file.
raw_market_archive_finnifty_daily,raw,index_spot,FINNIFTY,daily,market_archive,data/raw/market_archive/NIFTY FIN SERVICE_day.csv,csv,1,153673,2794,2015-01-01,2026-04-08,date|open|high|low|close|volume,,raw_untouched,index_spot|FINNIFTY|daily|ohlcv,processed_market_archive_cleaned_finnifty_daily,Archive-derived index/VIX OHLCV file.
raw_dhan_spot_intraday_indiavix,raw,index_spot,INDIAVIX,1min,dhan_charts_intraday,data/raw/spot/intraday/INDIAVIX,json,21,45434575,,2021-05-01,2026-04-30,,cross_check,raw_vendor_response,index_spot|INDIAVIX|1min|json,,Dhan intraday spot/VIX JSON responses.
raw_dhan_spot_intraday_midcpnifty,raw,index_spot,MIDCPNIFTY,1min,dhan_charts_intraday,data/raw/spot/intraday/MIDCPNIFTY,json,21,42645430,,2021-05-01,2026-04-30,,cross_check,raw_vendor_response,index_spot|MIDCPNIFTY|1min|json,,Dhan intraday spot/VIX JSON responses.
raw_dhan_spot_daily,raw,index_spot,MULTIPLE,daily,dhan_charts_historical,data/raw/spot/daily,json,4,483427,,,,,cross_check,raw_vendor_response,index_spot|MULTIPLE|daily|json,,Dhan daily spot/VIX JSON responses grouped by symbol.
raw_nse_index_archive_upto_2024,raw,index_spot,MULTIPLE,mixed,nse_index_archive_folder,data/raw/nse/index_archive_upto_2024,mixed,1,1048576,,,,,legacy_reference,raw_untouched_may_include_partial_files,index_spot|MULTIPLE|mixed|mixed,,Legacy NSE index-data folder preserved as-is.
processed_market_archive_cleaned_nifty_15min,processed,index_spot,NIFTY,15min,market_archive_cleaned,data/processed/market_archive_cleaned/NIFTY 50_15minute.csv,csv,1,3878951,69308,2015-01-09,2026-04-08,datetime|open|high|low|close|volume,research_ready_cleaned,cleaned_non_destructive,index_spot|NIFTY|15min|ohlcv,raw_market_archive_nifty_15min,Archive-derived index/VIX OHLCV file.
raw_market_archive_nifty_15min,raw,index_spot,NIFTY,15min,market_archive,data/raw/market_archive/NIFTY 50_15minute.csv,csv,1,3809638,69308,2015-01-09,2026-04-08,date|open|high|low|close|volume,,raw_untouched,index_spot|NIFTY|15min|ohlcv,processed_market_archive_cleaned_nifty_15min,Archive-derived index/VIX OHLCV file.
processed_market_archive_cleaned_nifty_1min,processed,index_spot,NIFTY,1min,market_archive_cleaned,data/processed/market_archive_cleaned/NIFTY 50_minute.csv,csv,1,58154270,1039196,2015-01-09,2026-04-08,datetime|open|high|low|close|volume,research_ready_cleaned,cleaned_non_destructive,index_spot|NIFTY|1min|ohlcv,processed_nifty_1min_canonical;raw_market_archive_nifty_1min,Archive-derived index/VIX OHLCV file.
processed_nifty_1min_canonical,processed,index_spot,NIFTY,1min,market_archive_plus_recent,data/processed/spot/nifty50_1min_CANONICAL.csv,csv,1,66665250,1041264,2015-01-09,2026-04-28,datetime|open|high|low|close|volume|source,canonical_live_master,cleaned_deduplicated_no_bad_ohlc_in_last_audit,index_spot|NIFTY|1min|ohlcv,processed_market_archive_cleaned_nifty_1min;raw_market_archive_nifty_1min,Primary NIFTY 1-minute research/live collector target.
raw_market_archive_nifty_1min,raw,index_spot,NIFTY,1min,market_archive,data/raw/market_archive/NIFTY 50_minute.csv,csv,1,57115278,1039200,2015-01-09,2026-04-08,date|open|high|low|close|volume,,raw_untouched,index_spot|NIFTY|1min|ohlcv,processed_market_archive_cleaned_nifty_1min;processed_nifty_1min_canonical,Archive-derived index/VIX OHLCV file.
processed_market_archive_cleaned_nifty_30min,processed,index_spot,NIFTY,30min,market_archive_cleaned,data/processed/market_archive_cleaned/NIFTY 50_30minute.csv,csv,1,2017659,36047,2015-01-09,2026-04-08,datetime|open|high|low|close|volume,research_ready_cleaned,cleaned_non_destructive,index_spot|NIFTY|30min|ohlcv,raw_market_archive_nifty_30min,Archive-derived index/VIX OHLCV file.
raw_market_archive_nifty_30min,raw,index_spot,NIFTY,30min,market_archive,data/raw/market_archive/NIFTY 50_30minute.csv,csv,1,1981607,36047,2015-01-09,2026-04-08,date|open|high|low|close|volume,,raw_untouched,index_spot|NIFTY|30min|ohlcv,processed_market_archive_cleaned_nifty_30min,Archive-derived index/VIX OHLCV file.
processed_market_archive_cleaned_nifty_5min,processed,index_spot,NIFTY,5min,market_archive_cleaned,data/processed/market_archive_cleaned/NIFTY 50_5minute.csv,csv,1,11633615,207881,2015-01-09,2026-04-08,datetime|open|high|low|close|volume,research_ready_cleaned,cleaned_non_destructive,index_spot|NIFTY|5min|ohlcv,raw_market_archive_nifty_5min,Archive-derived index/VIX OHLCV file.
raw_market_archive_nifty_5min,raw,index_spot,NIFTY,5min,market_archive,data/raw/market_archive/NIFTY 50_5minute.csv,csv,1,11425729,207881,2015-01-09,2026-04-08,date|open|high|low|close|volume,,raw_untouched,index_spot|NIFTY|5min|ohlcv,processed_market_archive_cleaned_nifty_5min,Archive-derived index/VIX OHLCV file.
processed_market_archive_cleaned_nifty_60min,processed,index_spot,NIFTY,60min,market_archive_cleaned,data/processed/market_archive_cleaned/NIFTY 50_60minute.csv,csv,1,1086415,19412,2015-01-09,2026-04-08,datetime|open|high|low|close|volume,research_ready_cleaned,cleaned_non_destructive,index_spot|NIFTY|60min|ohlcv,raw_market_archive_nifty_60min,Archive-derived index/VIX OHLCV file.
raw_market_archive_nifty_60min,raw,index_spot,NIFTY,60min,market_archive,data/raw/market_archive/NIFTY 50_60minute.csv,csv,1,1066998,19412,2015-01-09,2026-04-08,date|open|high|low|close|volume,,raw_untouched,index_spot|NIFTY|60min|ohlcv,processed_market_archive_cleaned_nifty_60min,Archive-derived index/VIX OHLCV file.
processed_market_archive_cleaned_nifty_daily,processed,index_spot,NIFTY,daily,market_archive_cleaned,data/processed/market_archive_cleaned/NIFTY 50_day.csv,csv,1,131267,2791,2015-01-01,2026-04-08,datetime|open|high|low|close|volume,research_ready_cleaned,cleaned_non_destructive,index_spot|NIFTY|daily|ohlcv,raw_market_archive_nifty_daily,Archive-derived index/VIX OHLCV file.
raw_market_archive_nifty_daily,raw,index_spot,NIFTY,daily,market_archive,data/raw/market_archive/NIFTY 50_day.csv,csv,1,153590,2791,2015-01-01,2026-04-08,date|open|high|low|close|volume,,raw_untouched,index_spot|NIFTY|daily|ohlcv,processed_market_archive_cleaned_nifty_daily,Archive-derived index/VIX OHLCV file.
processed_market_archive_cleaned_nifty100_15min,processed,index_spot,NIFTY100,15min,market_archive_cleaned,data/processed/market_archive_cleaned/NIFTY 100_15minute.csv,csv,1,3883140,69281,2015-01-09,2026-04-08,datetime|open|high|low|close|volume,,cleaned_non_destructive,index_spot|NIFTY100|15min|ohlcv,raw_market_archive_nifty100_15min,Archive-derived index/VIX OHLCV file.
raw_market_archive_nifty100_15min,raw,index_spot,NIFTY100,15min,market_archive,data/raw/market_archive/NIFTY 100_15minute.csv,csv,1,3813854,69281,2015-01-09,2026-04-08,date|open|high|low|close|volume,,raw_untouched,index_spot|NIFTY100|15min|ohlcv,processed_market_archive_cleaned_nifty100_15min,Archive-derived index/VIX OHLCV file.
processed_market_archive_cleaned_nifty100_1min,processed,index_spot,NIFTY100,1min,market_archive_cleaned,data/processed/market_archive_cleaned/NIFTY 100_minute.csv,csv,1,58214637,1038777,2015-01-09,2026-04-08,datetime|open|high|low|close|volume,,cleaned_non_destructive,index_spot|NIFTY100|1min|ohlcv,raw_market_archive_nifty100_1min,Archive-derived index/VIX OHLCV file.
raw_market_archive_nifty100_1min,raw,index_spot,NIFTY100,1min,market_archive,data/raw/market_archive/NIFTY 100_minute.csv,csv,1,57176064,1038781,2015-01-09,2026-04-08,date|open|high|low|close|volume,,raw_untouched,index_spot|NIFTY100|1min|ohlcv,processed_market_archive_cleaned_nifty100_1min,Archive-derived index/VIX OHLCV file.
processed_market_archive_cleaned_nifty100_30min,processed,index_spot,NIFTY100,30min,market_archive_cleaned,data/processed/market_archive_cleaned/NIFTY 100_30minute.csv,csv,1,2019758,36033,2015-01-09,2026-04-08,datetime|open|high|low|close|volume,,cleaned_non_destructive,index_spot|NIFTY100|30min|ohlcv,raw_market_archive_nifty100_30min,Archive-derived index/VIX OHLCV file.
raw_market_archive_nifty100_30min,raw,index_spot,NIFTY100,30min,market_archive,data/raw/market_archive/NIFTY 100_30minute.csv,csv,1,1983720,36033,2015-01-09,2026-04-08,date|open|high|low|close|volume,,raw_untouched,index_spot|NIFTY100|30min|ohlcv,processed_market_archive_cleaned_nifty100_30min,Archive-derived index/VIX OHLCV file.
processed_market_archive_cleaned_nifty100_5min,processed,index_spot,NIFTY100,5min,market_archive_cleaned,data/processed/market_archive_cleaned/NIFTY 100_5minute.csv,csv,1,11646892,207819,2015-01-09,2026-04-08,datetime|open|high|low|close|volume,,cleaned_non_destructive,index_spot|NIFTY100|5min|ohlcv,raw_market_archive_nifty100_5min,Archive-derived index/VIX OHLCV file.
raw_market_archive_nifty100_5min,raw,index_spot,NIFTY100,5min,market_archive,data/raw/market_archive/NIFTY 100_5minute.csv,csv,1,11439068,207819,2015-01-09,2026-04-08,date|open|high|low|close|volume,,raw_untouched,index_spot|NIFTY100|5min|ohlcv,processed_market_archive_cleaned_nifty100_5min,Archive-derived index/VIX OHLCV file.
processed_market_archive_cleaned_nifty100_60min,processed,index_spot,NIFTY100,60min,market_archive_cleaned,data/processed/market_archive_cleaned/NIFTY 100_60minute.csv,csv,1,1087918,19405,2015-01-09,2026-04-08,datetime|open|high|low|close|volume,,cleaned_non_destructive,index_spot|NIFTY100|60min|ohlcv,raw_market_archive_nifty100_60min,Archive-derived index/VIX OHLCV file.
raw_market_archive_nifty100_60min,raw,index_spot,NIFTY100,60min,market_archive,data/raw/market_archive/NIFTY 100_60minute.csv,csv,1,1068508,19405,2015-01-09,2026-04-08,date|open|high|low|close|volume,,raw_untouched,index_spot|NIFTY100|60min|ohlcv,processed_market_archive_cleaned_nifty100_60min,Archive-derived index/VIX OHLCV file.
processed_market_archive_cleaned_nifty100_daily,processed,index_spot,NIFTY100,daily,market_archive_cleaned,data/processed/market_archive_cleaned/NIFTY 100_day.csv,csv,1,131413,2791,2015-01-01,2026-04-08,datetime|open|high|low|close|volume,,cleaned_non_destructive,index_spot|NIFTY100|daily|ohlcv,raw_market_archive_nifty100_daily,Archive-derived index/VIX OHLCV file.
raw_market_archive_nifty100_daily,raw,index_spot,NIFTY100,daily,market_archive,data/raw/market_archive/NIFTY 100_day.csv,csv,1,200591,3668,2015-01-01,2026-04-08,date|open|high|low|close|volume,,raw_untouched,index_spot|NIFTY100|daily|ohlcv,processed_market_archive_cleaned_nifty100_daily,Archive-derived index/VIX OHLCV file.
processed_market_archive_cleaned_nifty200_15min,processed,index_spot,NIFTY200,15min,market_archive_cleaned,data/processed/market_archive_cleaned/NIFTY 200_15minute.csv,csv,1,3740565,69283,2015-01-09,2026-04-08,datetime|open|high|low|close|volume,,cleaned_non_destructive,index_spot|NIFTY200|15min|ohlcv,raw_market_archive_nifty200_15min,Archive-derived index/VIX OHLCV file.
raw_market_archive_nifty200_15min,raw,index_spot,NIFTY200,15min,market_archive,data/raw/market_archive/NIFTY 200_15minute.csv,csv,1,3671277,69283,2015-01-09,2026-04-08,date|open|high|low|close|volume,,raw_untouched,index_spot|NIFTY200|15min|ohlcv,processed_market_archive_cleaned_nifty200_15min,Archive-derived index/VIX OHLCV file.
processed_market_archive_cleaned_nifty200_1min,processed,index_spot,NIFTY200,1min,market_archive_cleaned,data/processed/market_archive_cleaned/NIFTY 200_minute.csv,csv,1,56091828,1038919,2015-01-09,2026-04-08,datetime|open|high|low|close|volume,,cleaned_non_destructive,index_spot|NIFTY200|1min|ohlcv,raw_market_archive_nifty200_1min,Archive-derived index/VIX OHLCV file.
raw_market_archive_nifty200_1min,raw,index_spot,NIFTY200,1min,market_archive,data/raw/market_archive/NIFTY 200_minute.csv,csv,1,55053115,1038923,2015-01-09,2026-04-08,date|open|high|low|close|volume,,raw_untouched,index_spot|NIFTY200|1min|ohlcv,processed_market_archive_cleaned_nifty200_1min,Archive-derived index/VIX OHLCV file.
processed_market_archive_cleaned_nifty200_30min,processed,index_spot,NIFTY200,30min,market_archive_cleaned,data/processed/market_archive_cleaned/NIFTY 200_30minute.csv,csv,1,1945565,36034,2015-01-09,2026-04-08,datetime|open|high|low|close|volume,,cleaned_non_destructive,index_spot|NIFTY200|30min|ohlcv,raw_market_archive_nifty200_30min,Archive-derived index/VIX OHLCV file.
raw_market_archive_nifty200_30min,raw,index_spot,NIFTY200,30min,market_archive,data/raw/market_archive/NIFTY 200_30minute.csv,csv,1,1909526,36034,2015-01-09,2026-04-08,date|open|high|low|close|volume,,raw_untouched,index_spot|NIFTY200|30min|ohlcv,processed_market_archive_cleaned_nifty200_30min,Archive-derived index/VIX OHLCV file.
processed_market_archive_cleaned_nifty200_5min,processed,index_spot,NIFTY200,5min,market_archive_cleaned,data/processed/market_archive_cleaned/NIFTY 200_5minute.csv,csv,1,11219228,207803,2015-01-09,2026-04-08,datetime|open|high|low|close|volume,,cleaned_non_destructive,index_spot|NIFTY200|5min|ohlcv,raw_market_archive_nifty200_5min,Archive-derived index/VIX OHLCV file.
raw_market_archive_nifty200_5min,raw,index_spot,NIFTY200,5min,market_archive,data/raw/market_archive/NIFTY 200_5minute.csv,csv,1,11011420,207803,2015-01-09,2026-04-08,date|open|high|low|close|volume,,raw_untouched,index_spot|NIFTY200|5min|ohlcv,processed_market_archive_cleaned_nifty200_5min,Archive-derived index/VIX OHLCV file.
processed_market_archive_cleaned_nifty200_60min,processed,index_spot,NIFTY200,60min,market_archive_cleaned,data/processed/market_archive_cleaned/NIFTY 200_60minute.csv,csv,1,1047860,19405,2015-01-09,2026-04-08,datetime|open|high|low|close|volume,,cleaned_non_destructive,index_spot|NIFTY200|60min|ohlcv,raw_market_archive_nifty200_60min,Archive-derived index/VIX OHLCV file.
raw_market_archive_nifty200_60min,raw,index_spot,NIFTY200,60min,market_archive,data/raw/market_archive/NIFTY 200_60minute.csv,csv,1,1028450,19405,2015-01-09,2026-04-08,date|open|high|low|close|volume,,raw_untouched,index_spot|NIFTY200|60min|ohlcv,processed_market_archive_cleaned_nifty200_60min,Archive-derived index/VIX OHLCV file.
processed_market_archive_cleaned_nifty200_daily,processed,index_spot,NIFTY200,daily,market_archive_cleaned,data/processed/market_archive_cleaned/NIFTY 200_day.csv,csv,1,125778,2791,2015-01-01,2026-04-08,datetime|open|high|low|close|volume,,cleaned_non_destructive,index_spot|NIFTY200|daily|ohlcv,raw_market_archive_nifty200_daily,Archive-derived index/VIX OHLCV file.
raw_market_archive_nifty200_daily,raw,index_spot,NIFTY200,daily,market_archive,data/raw/market_archive/NIFTY 200_day.csv,csv,1,193567,3668,2015-01-01,2026-04-08,date|open|high|low|close|volume,,raw_untouched,index_spot|NIFTY200|daily|ohlcv,processed_market_archive_cleaned_nifty200_daily,Archive-derived index/VIX OHLCV file.
processed_market_archive_cleaned_nifty500_15min,processed,index_spot,NIFTY500,15min,market_archive_cleaned,data/processed/market_archive_cleaned/NIFTY 500_15minute.csv,csv,1,2350353,41793,2015-11-09,2026-04-08,datetime|open|high|low|close|volume,,cleaned_non_destructive,index_spot|NIFTY500|15min|ohlcv,raw_market_archive_nifty500_15min,Archive-derived index/VIX OHLCV file.
raw_market_archive_nifty500_15min,raw,index_spot,NIFTY500,15min,market_archive,data/raw/market_archive/NIFTY 500_15minute.csv,csv,1,2308555,41793,2015-11-09,2026-04-08,date|open|high|low|close|volume,,raw_untouched,index_spot|NIFTY500|15min|ohlcv,processed_market_archive_cleaned_nifty500_15min,Archive-derived index/VIX OHLCV file.
processed_market_archive_cleaned_nifty500_1min,processed,index_spot,NIFTY500,1min,market_archive_cleaned,data/processed/market_archive_cleaned/NIFTY 500_minute.csv,csv,1,35239848,626688,2015-11-09,2026-04-08,datetime|open|high|low|close|volume,,cleaned_non_destructive,index_spot|NIFTY500|1min|ohlcv,raw_market_archive_nifty500_1min,Archive-derived index/VIX OHLCV file.
raw_market_archive_nifty500_1min,raw,index_spot,NIFTY500,1min,market_archive,data/raw/market_archive/NIFTY 500_minute.csv,csv,1,34613155,626688,2015-11-09,2026-04-08,date|open|high|low|close|volume,,raw_untouched,index_spot|NIFTY500|1min|ohlcv,processed_market_archive_cleaned_nifty500_1min,Archive-derived index/VIX OHLCV file.
processed_market_archive_cleaned_nifty500_30min,processed,index_spot,NIFTY500,30min,market_archive_cleaned,data/processed/market_archive_cleaned/NIFTY 500_30minute.csv,csv,1,1222561,21736,2015-11-09,2026-04-08,datetime|open|high|low|close|volume,,cleaned_non_destructive,index_spot|NIFTY500|30min|ohlcv,raw_market_archive_nifty500_30min,Archive-derived index/VIX OHLCV file.
raw_market_archive_nifty500_30min,raw,index_spot,NIFTY500,30min,market_archive,data/raw/market_archive/NIFTY 500_30minute.csv,csv,1,1200820,21736,2015-11-09,2026-04-08,date|open|high|low|close|volume,,raw_untouched,index_spot|NIFTY500|30min|ohlcv,processed_market_archive_cleaned_nifty500_30min,Archive-derived index/VIX OHLCV file.
processed_market_archive_cleaned_nifty500_5min,processed,index_spot,NIFTY500,5min,market_archive_cleaned,data/processed/market_archive_cleaned/NIFTY 500_5minute.csv,csv,1,7049165,125350,2015-11-09,2026-04-08,datetime|open|high|low|close|volume,,cleaned_non_destructive,index_spot|NIFTY500|5min|ohlcv,raw_market_archive_nifty500_5min,Archive-derived index/VIX OHLCV file.
raw_market_archive_nifty500_5min,raw,index_spot,NIFTY500,5min,market_archive,data/raw/market_archive/NIFTY 500_5minute.csv,csv,1,6923810,125350,2015-11-09,2026-04-08,date|open|high|low|close|volume,,raw_untouched,index_spot|NIFTY500|5min|ohlcv,processed_market_archive_cleaned_nifty500_5min,Archive-derived index/VIX OHLCV file.
processed_market_archive_cleaned_nifty500_60min,processed,index_spot,NIFTY500,60min,market_archive_cleaned,data/processed/market_archive_cleaned/NIFTY 500_60minute.csv,csv,1,658303,11705,2015-11-09,2026-04-08,datetime|open|high|low|close|volume,,cleaned_non_destructive,index_spot|NIFTY500|60min|ohlcv,raw_market_archive_nifty500_60min,Archive-derived index/VIX OHLCV file.
raw_market_archive_nifty500_60min,raw,index_spot,NIFTY500,60min,market_archive,data/raw/market_archive/NIFTY 500_60minute.csv,csv,1,646593,11705,2015-11-09,2026-04-08,date|open|high|low|close|volume,,raw_untouched,index_spot|NIFTY500|60min|ohlcv,processed_market_archive_cleaned_nifty500_60min,Archive-derived index/VIX OHLCV file.
processed_market_archive_cleaned_nifty500_daily,processed,index_spot,NIFTY500,daily,market_archive_cleaned,data/processed/market_archive_cleaned/NIFTY 500_day.csv,csv,1,128445,2790,2015-01-01,2026-04-08,datetime|open|high|low|close|volume,,cleaned_non_destructive,index_spot|NIFTY500|daily|ohlcv,raw_market_archive_nifty500_daily,Archive-derived index/VIX OHLCV file.
raw_market_archive_nifty500_daily,raw,index_spot,NIFTY500,daily,market_archive,data/raw/market_archive/NIFTY 500_day.csv,csv,1,150760,2790,2015-01-01,2026-04-08,date|open|high|low|close|volume,,raw_untouched,index_spot|NIFTY500|daily|ohlcv,processed_market_archive_cleaned_nifty500_daily,Archive-derived index/VIX OHLCV file.
processed_market_archive_cleaned_niftyalpha50_15min,processed,index_spot,NIFTYALPHA50,15min,market_archive_cleaned,data/processed/market_archive_cleaned/NIFTY ALPHA 50_15minute.csv,csv,1,2380266,41770,2019-07-02,2026-04-08,datetime|open|high|low|close|volume,,cleaned_non_destructive,index_spot|NIFTYALPHA50|15min|ohlcv,raw_market_archive_niftyalpha50_15min,Archive-derived index/VIX OHLCV file.
raw_market_archive_niftyalpha50_15min,raw,index_spot,NIFTYALPHA50,15min,market_archive,data/raw/market_archive/NIFTY ALPHA 50_15minute.csv,csv,1,2338491,41770,2019-07-02,2026-04-08,date|open|high|low|close|volume,,raw_untouched,index_spot|NIFTYALPHA50|15min|ohlcv,processed_market_archive_cleaned_niftyalpha50_15min,Archive-derived index/VIX OHLCV file.
processed_market_archive_cleaned_niftyalpha50_1min,processed,index_spot,NIFTYALPHA50,1min,market_archive_cleaned,data/processed/market_archive_cleaned/NIFTY ALPHA 50_minute.csv,csv,1,35683814,626251,2019-07-02,2026-04-08,datetime|open|high|low|close|volume,,cleaned_non_destructive,index_spot|NIFTYALPHA50|1min|ohlcv,raw_market_archive_niftyalpha50_1min,Archive-derived index/VIX OHLCV file.
raw_market_archive_niftyalpha50_1min,raw,index_spot,NIFTYALPHA50,1min,market_archive,data/raw/market_archive/NIFTY ALPHA 50_minute.csv,csv,1,35057558,626251,2019-07-02,2026-04-08,date|open|high|low|close|volume,,raw_untouched,index_spot|NIFTYALPHA50|1min|ohlcv,processed_market_archive_cleaned_niftyalpha50_1min,Archive-derived index/VIX OHLCV file.
processed_market_archive_cleaned_niftyalpha50_30min,processed,index_spot,NIFTYALPHA50,30min,market_archive_cleaned,data/processed/market_archive_cleaned/NIFTY ALPHA 50_30minute.csv,csv,1,1238104,21724,2019-07-02,2026-04-08,datetime|open|high|low|close|volume,,cleaned_non_destructive,index_spot|NIFTYALPHA50|30min|ohlcv,raw_market_archive_niftyalpha50_30min,Archive-derived index/VIX OHLCV file.
raw_market_archive_niftyalpha50_30min,raw,index_spot,NIFTYALPHA50,30min,market_archive,data/raw/market_archive/NIFTY ALPHA 50_30minute.csv,csv,1,1216375,21724,2019-07-02,2026-04-08,date|open|high|low|close|volume,,raw_untouched,index_spot|NIFTYALPHA50|30min|ohlcv,processed_market_archive_cleaned_niftyalpha50_30min,Archive-derived index/VIX OHLCV file.
processed_market_archive_cleaned_niftyalpha50_5min,processed,index_spot,NIFTYALPHA50,5min,market_archive_cleaned,data/processed/market_archive_cleaned/NIFTY ALPHA 50_5minute.csv,csv,1,7138655,125283,2019-07-02,2026-04-08,datetime|open|high|low|close|volume,,cleaned_non_destructive,index_spot|NIFTYALPHA50|5min|ohlcv,raw_market_archive_niftyalpha50_5min,Archive-derived index/VIX OHLCV file.
raw_market_archive_niftyalpha50_5min,raw,index_spot,NIFTYALPHA50,5min,market_archive,data/raw/market_archive/NIFTY ALPHA 50_5minute.csv,csv,1,7013367,125283,2019-07-02,2026-04-08,date|open|high|low|close|volume,,raw_untouched,index_spot|NIFTYALPHA50|5min|ohlcv,processed_market_archive_cleaned_niftyalpha50_5min,Archive-derived index/VIX OHLCV file.
processed_market_archive_cleaned_niftyalpha50_60min,processed,index_spot,NIFTYALPHA50,60min,market_archive_cleaned,data/processed/market_archive_cleaned/NIFTY ALPHA 50_60minute.csv,csv,1,666725,11698,2019-07-02,2026-04-08,datetime|open|high|low|close|volume,,cleaned_non_destructive,index_spot|NIFTYALPHA50|60min|ohlcv,raw_market_archive_niftyalpha50_60min,Archive-derived index/VIX OHLCV file.
raw_market_archive_niftyalpha50_60min,raw,index_spot,NIFTYALPHA50,60min,market_archive,data/raw/market_archive/NIFTY ALPHA 50_60minute.csv,csv,1,655022,11698,2019-07-02,2026-04-08,date|open|high|low|close|volume,,raw_untouched,index_spot|NIFTYALPHA50|60min|ohlcv,processed_market_archive_cleaned_niftyalpha50_60min,Archive-derived index/VIX OHLCV file.
processed_market_archive_cleaned_niftyalpha50_daily,processed,index_spot,NIFTYALPHA50,daily,market_archive_cleaned,data/processed/market_archive_cleaned/NIFTY ALPHA 50_day.csv,csv,1,133171,2791,2015-01-01,2026-04-08,datetime|open|high|low|close|volume,,cleaned_non_destructive,index_spot|NIFTYALPHA50|daily|ohlcv,raw_market_archive_niftyalpha50_daily,Archive-derived index/VIX OHLCV file.
raw_market_archive_niftyalpha50_daily,raw,index_spot,NIFTYALPHA50,daily,market_archive,data/raw/market_archive/NIFTY ALPHA 50_day.csv,csv,1,155494,2791,2015-01-01,2026-04-08,date|open|high|low|close|volume,,raw_untouched,index_spot|NIFTYALPHA50|daily|ohlcv,processed_market_archive_cleaned_niftyalpha50_daily,Archive-derived index/VIX OHLCV file.
processed_market_archive_cleaned_niftyauto_15min,processed,index_spot,NIFTYAUTO,15min,market_archive_cleaned,data/processed/market_archive_cleaned/NIFTY AUTO_15minute.csv,csv,1,3836297,69282,2015-01-09,2026-04-08,datetime|open|high|low|close|volume,,cleaned_non_destructive,index_spot|NIFTYAUTO|15min|ohlcv,raw_market_archive_niftyauto_15min,Archive-derived index/VIX OHLCV file.
raw_market_archive_niftyauto_15min,raw,index_spot,NIFTYAUTO,15min,market_archive,data/raw/market_archive/NIFTY AUTO_15minute.csv,csv,1,3767010,69282,2015-01-09,2026-04-08,date|open|high|low|close|volume,,raw_untouched,index_spot|NIFTYAUTO|15min|ohlcv,processed_market_archive_cleaned_niftyauto_15min,Archive-derived index/VIX OHLCV file.
processed_market_archive_cleaned_niftyauto_1min,processed,index_spot,NIFTYAUTO,1min,market_archive_cleaned,data/processed/market_archive_cleaned/NIFTY AUTO_minute.csv,csv,1,57530702,1038913,2015-01-09,2026-04-08,datetime|open|high|low|close|volume,,cleaned_non_destructive,index_spot|NIFTYAUTO|1min|ohlcv,raw_market_archive_niftyauto_1min,Archive-derived index/VIX OHLCV file.
raw_market_archive_niftyauto_1min,raw,index_spot,NIFTYAUTO,1min,market_archive,data/raw/market_archive/NIFTY AUTO_minute.csv,csv,1,56491994,1038917,2015-01-09,2026-04-08,date|open|high|low|close|volume,,raw_untouched,index_spot|NIFTYAUTO|1min|ohlcv,processed_market_archive_cleaned_niftyauto_1min,Archive-derived index/VIX OHLCV file.
processed_market_archive_cleaned_niftyauto_30min,processed,index_spot,NIFTYAUTO,30min,market_archive_cleaned,data/processed/market_archive_cleaned/NIFTY AUTO_30minute.csv,csv,1,1995175,36034,2015-01-09,2026-04-08,datetime|open|high|low|close|volume,,cleaned_non_destructive,index_spot|NIFTYAUTO|30min|ohlcv,raw_market_archive_niftyauto_30min,Archive-derived index/VIX OHLCV file.
raw_market_archive_niftyauto_30min,raw,index_spot,NIFTYAUTO,30min,market_archive,data/raw/market_archive/NIFTY AUTO_30minute.csv,csv,1,1959136,36034,2015-01-09,2026-04-08,date|open|high|low|close|volume,,raw_untouched,index_spot|NIFTYAUTO|30min|ohlcv,processed_market_archive_cleaned_niftyauto_30min,Archive-derived index/VIX OHLCV file.
processed_market_archive_cleaned_niftyauto_5min,processed,index_spot,NIFTYAUTO,5min,market_archive_cleaned,data/processed/market_archive_cleaned/NIFTY AUTO_5minute.csv,csv,1,11506445,207801,2015-01-09,2026-04-08,datetime|open|high|low|close|volume,,cleaned_non_destructive,index_spot|NIFTYAUTO|5min|ohlcv,raw_market_archive_niftyauto_5min,Archive-derived index/VIX OHLCV file.
raw_market_archive_niftyauto_5min,raw,index_spot,NIFTYAUTO,5min,market_archive,data/raw/market_archive/NIFTY AUTO_5minute.csv,csv,1,11298639,207801,2015-01-09,2026-04-08,date|open|high|low|close|volume,,raw_untouched,index_spot|NIFTYAUTO|5min|ohlcv,processed_market_archive_cleaned_niftyauto_5min,Archive-derived index/VIX OHLCV file.
processed_market_archive_cleaned_niftyauto_60min,processed,index_spot,NIFTYAUTO,60min,market_archive_cleaned,data/processed/market_archive_cleaned/NIFTY AUTO_60minute.csv,csv,1,1074372,19405,2015-01-09,2026-04-08,datetime|open|high|low|close|volume,,cleaned_non_destructive,index_spot|NIFTYAUTO|60min|ohlcv,raw_market_archive_niftyauto_60min,Archive-derived index/VIX OHLCV file.
raw_market_archive_niftyauto_60min,raw,index_spot,NIFTYAUTO,60min,market_archive,data/raw/market_archive/NIFTY AUTO_60minute.csv,csv,1,1054962,19405,2015-01-09,2026-04-08,date|open|high|low|close|volume,,raw_untouched,index_spot|NIFTYAUTO|60min|ohlcv,processed_market_archive_cleaned_niftyauto_60min,Archive-derived index/VIX OHLCV file.
processed_market_archive_cleaned_niftyauto_daily,processed,index_spot,NIFTYAUTO,daily,market_archive_cleaned,data/processed/market_archive_cleaned/NIFTY AUTO_day.csv,csv,1,129631,2791,2015-01-01,2026-04-08,datetime|open|high|low|close|volume,,cleaned_non_destructive,index_spot|NIFTYAUTO|daily|ohlcv,raw_market_archive_niftyauto_daily,Archive-derived index/VIX OHLCV file.
raw_market_archive_niftyauto_daily,raw,index_spot,NIFTYAUTO,daily,market_archive,data/raw/market_archive/NIFTY AUTO_day.csv,csv,1,197935,3647,2015-01-01,2026-04-08,date|open|high|low|close|volume,,raw_untouched,index_spot|NIFTYAUTO|daily|ohlcv,processed_market_archive_cleaned_niftyauto_daily,Archive-derived index/VIX OHLCV file.
processed_market_archive_cleaned_niftycommodities_15min,processed,index_spot,NIFTYCOMMODITIES,15min,market_archive_cleaned,data/processed/market_archive_cleaned/NIFTY COMMODITIES_15minute.csv,csv,1,3456575,65207,2015-01-09,2026-04-08,datetime|open|high|low|close|volume,,cleaned_non_destructive,index_spot|NIFTYCOMMODITIES|15min|ohlcv,raw_market_archive_niftycommodities_15min,Archive-derived index/VIX OHLCV file.
raw_market_archive_niftycommodities_15min,raw,index_spot,NIFTYCOMMODITIES,15min,market_archive,data/raw/market_archive/NIFTY COMMODITIES_15minute.csv,csv,1,3391363,65207,2015-01-09,2026-04-08,date|open|high|low|close|volume,,raw_untouched,index_spot|NIFTYCOMMODITIES|15min|ohlcv,processed_market_archive_cleaned_niftycommodities_15min,Archive-derived index/VIX OHLCV file.
processed_market_archive_cleaned_niftycommodities_1min,processed,index_spot,NIFTYCOMMODITIES,1min,market_archive_cleaned,data/processed/market_archive_cleaned/NIFTY COMMODITIES_minute.csv,csv,1,51825456,977637,2015-01-09,2026-04-08,datetime|open|high|low|close|volume,,cleaned_non_destructive,index_spot|NIFTYCOMMODITIES|1min|ohlcv,raw_market_archive_niftycommodities_1min,Archive-derived index/VIX OHLCV file.
raw_market_archive_niftycommodities_1min,raw,index_spot,NIFTYCOMMODITIES,1min,market_archive,data/raw/market_archive/NIFTY COMMODITIES_minute.csv,csv,1,50848015,977641,2015-01-09,2026-04-08,date|open|high|low|close|volume,,raw_untouched,index_spot|NIFTYCOMMODITIES|1min|ohlcv,processed_market_archive_cleaned_niftycommodities_1min,Archive-derived index/VIX OHLCV file.
processed_market_archive_cleaned_niftycommodities_30min,processed,index_spot,NIFTYCOMMODITIES,30min,market_archive_cleaned,data/processed/market_archive_cleaned/NIFTY COMMODITIES_30minute.csv,csv,1,1797699,33915,2015-01-09,2026-04-08,datetime|open|high|low|close|volume,,cleaned_non_destructive,index_spot|NIFTYCOMMODITIES|30min|ohlcv,raw_market_archive_niftycommodities_30min,Archive-derived index/VIX OHLCV file.
raw_market_archive_niftycommodities_30min,raw,index_spot,NIFTYCOMMODITIES,30min,market_archive,data/raw/market_archive/NIFTY COMMODITIES_30minute.csv,csv,1,1763779,33915,2015-01-09,2026-04-08,date|open|high|low|close|volume,,raw_untouched,index_spot|NIFTYCOMMODITIES|30min|ohlcv,processed_market_archive_cleaned_niftycommodities_30min,Archive-derived index/VIX OHLCV file.
processed_market_archive_cleaned_niftycommodities_5min,processed,index_spot,NIFTYCOMMODITIES,5min,market_archive_cleaned,data/processed/market_archive_cleaned/NIFTY COMMODITIES_5minute.csv,csv,1,10367065,195570,2015-01-09,2026-04-08,datetime|open|high|low|close|volume,,cleaned_non_destructive,index_spot|NIFTYCOMMODITIES|5min|ohlcv,raw_market_archive_niftycommodities_5min,Archive-derived index/VIX OHLCV file.
raw_market_archive_niftycommodities_5min,raw,index_spot,NIFTYCOMMODITIES,5min,market_archive,data/raw/market_archive/NIFTY COMMODITIES_5minute.csv,csv,1,10171490,195570,2015-01-09,2026-04-08,date|open|high|low|close|volume,,raw_untouched,index_spot|NIFTYCOMMODITIES|5min|ohlcv,processed_market_archive_cleaned_niftycommodities_5min,Archive-derived index/VIX OHLCV file.
processed_market_archive_cleaned_niftycommodities_60min,processed,index_spot,NIFTYCOMMODITIES,60min,market_archive_cleaned,data/processed/market_archive_cleaned/NIFTY COMMODITIES_60minute.csv,csv,1,968226,18265,2015-01-09,2026-04-08,datetime|open|high|low|close|volume,,cleaned_non_destructive,index_spot|NIFTYCOMMODITIES|60min|ohlcv,raw_market_archive_niftycommodities_60min,Archive-derived index/VIX OHLCV file.
raw_market_archive_niftycommodities_60min,raw,index_spot,NIFTYCOMMODITIES,60min,market_archive,data/raw/market_archive/NIFTY COMMODITIES_60minute.csv,csv,1,949956,18265,2015-01-09,2026-04-08,date|open|high|low|close|volume,,raw_untouched,index_spot|NIFTYCOMMODITIES|60min|ohlcv,processed_market_archive_cleaned_niftycommodities_60min,Archive-derived index/VIX OHLCV file.
processed_market_archive_cleaned_niftycommodities_daily,processed,index_spot,NIFTYCOMMODITIES,daily,market_archive_cleaned,data/processed/market_archive_cleaned/NIFTY COMMODITIES_day.csv,csv,1,122875,2791,2015-01-01,2026-04-08,datetime|open|high|low|close|volume,,cleaned_non_destructive,index_spot|NIFTYCOMMODITIES|daily|ohlcv,raw_market_archive_niftycommodities_daily,Archive-derived index/VIX OHLCV file.
raw_market_archive_niftycommodities_daily,raw,index_spot,NIFTYCOMMODITIES,daily,market_archive,data/raw/market_archive/NIFTY COMMODITIES_day.csv,csv,1,181657,3491,2015-01-01,2026-04-08,date|open|high|low|close|volume,,raw_untouched,index_spot|NIFTYCOMMODITIES|daily|ohlcv,processed_market_archive_cleaned_niftycommodities_daily,Archive-derived index/VIX OHLCV file.
processed_market_archive_cleaned_niftyconsrdurbl_15min,processed,index_spot,NIFTYCONSRDURBL,15min,market_archive_cleaned,data/processed/market_archive_cleaned/NIFTY CONSR DURBL_15minute.csv,csv,1,1268356,22249,2022-08-29,2026-04-08,datetime|open|high|low|close|volume,,cleaned_non_destructive,index_spot|NIFTYCONSRDURBL|15min|ohlcv,raw_market_archive_niftyconsrdurbl_15min,Archive-derived index/VIX OHLCV file.
raw_market_archive_niftyconsrdurbl_15min,raw,index_spot,NIFTYCONSRDURBL,15min,market_archive,data/raw/market_archive/NIFTY CONSR DURBL_15minute.csv,csv,1,1246102,22249,2022-08-29,2026-04-08,date|open|high|low|close|volume,,raw_untouched,index_spot|NIFTYCONSRDURBL|15min|ohlcv,processed_market_archive_cleaned_niftyconsrdurbl_15min,Archive-derived index/VIX OHLCV file.
processed_market_archive_cleaned_niftyconsrdurbl_1min,processed,index_spot,NIFTYCONSRDURBL,1min,market_archive_cleaned,data/processed/market_archive_cleaned/NIFTY CONSR DURBL_minute.csv,csv,1,19019588,333667,2022-08-29,2026-04-08,datetime|open|high|low|close|volume,,cleaned_non_destructive,index_spot|NIFTYCONSRDURBL|1min|ohlcv,raw_market_archive_niftyconsrdurbl_1min,Archive-derived index/VIX OHLCV file.
raw_market_archive_niftyconsrdurbl_1min,raw,index_spot,NIFTYCONSRDURBL,1min,market_archive,data/raw/market_archive/NIFTY CONSR DURBL_minute.csv,csv,1,18685916,333667,2022-08-29,2026-04-08,date|open|high|low|close|volume,,raw_untouched,index_spot|NIFTYCONSRDURBL|1min|ohlcv,processed_market_archive_cleaned_niftyconsrdurbl_1min,Archive-derived index/VIX OHLCV file.
processed_market_archive_cleaned_niftyconsrdurbl_30min,processed,index_spot,NIFTYCONSRDURBL,30min,market_archive_cleaned,data/processed/market_archive_cleaned/NIFTY CONSR DURBL_30minute.csv,csv,1,659690,11573,2022-08-29,2026-04-08,datetime|open|high|low|close|volume,,cleaned_non_destructive,index_spot|NIFTYCONSRDURBL|30min|ohlcv,raw_market_archive_niftyconsrdurbl_30min,Archive-derived index/VIX OHLCV file.
raw_market_archive_niftyconsrdurbl_30min,raw,index_spot,NIFTYCONSRDURBL,30min,market_archive,data/raw/market_archive/NIFTY CONSR DURBL_30minute.csv,csv,1,648112,11573,2022-08-29,2026-04-08,date|open|high|low|close|volume,,raw_untouched,index_spot|NIFTYCONSRDURBL|30min|ohlcv,processed_market_archive_cleaned_niftyconsrdurbl_30min,Archive-derived index/VIX OHLCV file.
processed_market_archive_cleaned_niftyconsrdurbl_5min,processed,index_spot,NIFTYCONSRDURBL,5min,market_archive_cleaned,data/processed/market_archive_cleaned/NIFTY CONSR DURBL_5minute.csv,csv,1,3803894,66726,2022-08-29,2026-04-08,datetime|open|high|low|close|volume,,cleaned_non_destructive,index_spot|NIFTYCONSRDURBL|5min|ohlcv,raw_market_archive_niftyconsrdurbl_5min,Archive-derived index/VIX OHLCV file.
raw_market_archive_niftyconsrdurbl_5min,raw,index_spot,NIFTYCONSRDURBL,5min,market_archive,data/raw/market_archive/NIFTY CONSR DURBL_5minute.csv,csv,1,3737163,66726,2022-08-29,2026-04-08,date|open|high|low|close|volume,,raw_untouched,index_spot|NIFTYCONSRDURBL|5min|ohlcv,processed_market_archive_cleaned_niftyconsrdurbl_5min,Archive-derived index/VIX OHLCV file.
processed_market_archive_cleaned_niftyconsrdurbl_60min,processed,index_spot,NIFTYCONSRDURBL,60min,market_archive_cleaned,data/processed/market_archive_cleaned/NIFTY CONSR DURBL_60minute.csv,csv,1,355390,6233,2022-08-29,2026-04-08,datetime|open|high|low|close|volume,,cleaned_non_destructive,index_spot|NIFTYCONSRDURBL|60min|ohlcv,raw_market_archive_niftyconsrdurbl_60min,Archive-derived index/VIX OHLCV file.
raw_market_archive_niftyconsrdurbl_60min,raw,index_spot,NIFTYCONSRDURBL,60min,market_archive,data/raw/market_archive/NIFTY CONSR DURBL_60minute.csv,csv,1,349152,6233,2022-08-29,2026-04-08,date|open|high|low|close|volume,,raw_untouched,index_spot|NIFTYCONSRDURBL|60min|ohlcv,processed_market_archive_cleaned_niftyconsrdurbl_60min,Archive-derived index/VIX OHLCV file.
processed_market_archive_cleaned_niftyconsrdurbl_daily,processed,index_spot,NIFTYCONSRDURBL,daily,market_archive_cleaned,data/processed/market_archive_cleaned/NIFTY CONSR DURBL_day.csv,csv,1,134341,2791,2015-01-01,2026-04-08,datetime|open|high|low|close|volume,,cleaned_non_destructive,index_spot|NIFTYCONSRDURBL|daily|ohlcv,raw_market_archive_niftyconsrdurbl_daily,Archive-derived index/VIX OHLCV file.
raw_market_archive_niftyconsrdurbl_daily,raw,index_spot,NIFTYCONSRDURBL,daily,market_archive,data/raw/market_archive/NIFTY CONSR DURBL_day.csv,csv,1,156664,2791,2015-01-01,2026-04-08,date|open|high|low|close|volume,,raw_untouched,index_spot|NIFTYCONSRDURBL|daily|ohlcv,processed_market_archive_cleaned_niftyconsrdurbl_daily,Archive-derived index/VIX OHLCV file.
processed_market_archive_cleaned_niftyconsumption_15min,processed,index_spot,NIFTYCONSUMPTION,15min,market_archive_cleaned,data/processed/market_archive_cleaned/NIFTY CONSUMPTION_15minute.csv,csv,1,2714169,50266,2015-01-09,2026-04-08,datetime|open|high|low|close|volume,,cleaned_non_destructive,index_spot|NIFTYCONSUMPTION|15min|ohlcv,raw_market_archive_niftyconsumption_15min,Archive-derived index/VIX OHLCV file.
raw_market_archive_niftyconsumption_15min,raw,index_spot,NIFTYCONSUMPTION,15min,market_archive,data/raw/market_archive/NIFTY CONSUMPTION_15minute.csv,csv,1,2663898,50266,2015-01-09,2026-04-08,date|open|high|low|close|volume,,raw_untouched,index_spot|NIFTYCONSUMPTION|15min|ohlcv,processed_market_archive_cleaned_niftyconsumption_15min,Archive-derived index/VIX OHLCV file.
processed_market_archive_cleaned_niftyconsumption_1min,processed,index_spot,NIFTYCONSUMPTION,1min,market_archive_cleaned,data/processed/market_archive_cleaned/NIFTY CONSUMPTION_minute.csv,csv,1,40693068,753590,2015-01-09,2026-04-08,datetime|open|high|low|close|volume,,cleaned_non_destructive,index_spot|NIFTYCONSUMPTION|1min|ohlcv,raw_market_archive_niftyconsumption_1min,Archive-derived index/VIX OHLCV file.
raw_market_archive_niftyconsumption_1min,raw,index_spot,NIFTYCONSUMPTION,1min,market_archive,data/raw/market_archive/NIFTY CONSUMPTION_minute.csv,csv,1,39939679,753594,2015-01-09,2026-04-08,date|open|high|low|close|volume,,raw_untouched,index_spot|NIFTYCONSUMPTION|1min|ohlcv,processed_market_archive_cleaned_niftyconsumption_1min,Archive-derived index/VIX OHLCV file.
processed_market_archive_cleaned_niftyconsumption_30min,processed,index_spot,NIFTYCONSUMPTION,30min,market_archive_cleaned,data/processed/market_archive_cleaned/NIFTY CONSUMPTION_30minute.csv,csv,1,1411407,26142,2015-01-09,2026-04-08,datetime|open|high|low|close|volume,,cleaned_non_destructive,index_spot|NIFTYCONSUMPTION|30min|ohlcv,raw_market_archive_niftyconsumption_30min,Archive-derived index/VIX OHLCV file.
raw_market_archive_niftyconsumption_30min,raw,index_spot,NIFTYCONSUMPTION,30min,market_archive,data/raw/market_archive/NIFTY CONSUMPTION_30minute.csv,csv,1,1385260,26142,2015-01-09,2026-04-08,date|open|high|low|close|volume,,raw_untouched,index_spot|NIFTYCONSUMPTION|30min|ohlcv,processed_market_archive_cleaned_niftyconsumption_30min,Archive-derived index/VIX OHLCV file.
processed_market_archive_cleaned_niftyconsumption_5min,processed,index_spot,NIFTYCONSUMPTION,5min,market_archive_cleaned,data/processed/market_archive_cleaned/NIFTY CONSUMPTION_5minute.csv,csv,1,8140681,150760,2015-01-09,2026-04-08,datetime|open|high|low|close|volume,,cleaned_non_destructive,index_spot|NIFTYCONSUMPTION|5min|ohlcv,raw_market_archive_niftyconsumption_5min,Archive-derived index/VIX OHLCV file.
raw_market_archive_niftyconsumption_5min,raw,index_spot,NIFTYCONSUMPTION,5min,market_archive,data/raw/market_archive/NIFTY CONSUMPTION_5minute.csv,csv,1,7989916,150760,2015-01-09,2026-04-08,date|open|high|low|close|volume,,raw_untouched,index_spot|NIFTYCONSUMPTION|5min|ohlcv,processed_market_archive_cleaned_niftyconsumption_5min,Archive-derived index/VIX OHLCV file.
processed_market_archive_cleaned_niftyconsumption_60min,processed,index_spot,NIFTYCONSUMPTION,60min,market_archive_cleaned,data/processed/market_archive_cleaned/NIFTY CONSUMPTION_60minute.csv,csv,1,760017,14078,2015-01-09,2026-04-08,datetime|open|high|low|close|volume,,cleaned_non_destructive,index_spot|NIFTYCONSUMPTION|60min|ohlcv,raw_market_archive_niftyconsumption_60min,Archive-derived index/VIX OHLCV file.
raw_market_archive_niftyconsumption_60min,raw,index_spot,NIFTYCONSUMPTION,60min,market_archive,data/raw/market_archive/NIFTY CONSUMPTION_60minute.csv,csv,1,745934,14078,2015-01-09,2026-04-08,date|open|high|low|close|volume,,raw_untouched,index_spot|NIFTYCONSUMPTION|60min|ohlcv,processed_market_archive_cleaned_niftyconsumption_60min,Archive-derived index/VIX OHLCV file.
processed_market_archive_cleaned_niftyconsumption_daily,processed,index_spot,NIFTYCONSUMPTION,daily,market_archive_cleaned,data/processed/market_archive_cleaned/NIFTY CONSUMPTION_day.csv,csv,1,125021,2791,2015-01-01,2026-04-08,datetime|open|high|low|close|volume,,cleaned_non_destructive,index_spot|NIFTYCONSUMPTION|daily|ohlcv,raw_market_archive_niftyconsumption_daily,Archive-derived index/VIX OHLCV file.
raw_market_archive_niftyconsumption_daily,raw,index_spot,NIFTYCONSUMPTION,daily,market_archive,data/raw/market_archive/NIFTY CONSUMPTION_day.csv,csv,1,147344,2791,2015-01-01,2026-04-08,date|open|high|low|close|volume,,raw_untouched,index_spot|NIFTYCONSUMPTION|daily|ohlcv,processed_market_archive_cleaned_niftyconsumption_daily,Archive-derived index/VIX OHLCV file.
processed_market_archive_cleaned_niftycpse_15min,processed,index_spot,NIFTYCPSE,15min,market_archive_cleaned,data/processed/market_archive_cleaned/NIFTY CPSE_15minute.csv,csv,1,2215139,41793,2015-11-09,2026-04-08,datetime|open|high|low|close|volume,,cleaned_non_destructive,index_spot|NIFTYCPSE|15min|ohlcv,raw_market_archive_niftycpse_15min,Archive-derived index/VIX OHLCV file.
raw_market_archive_niftycpse_15min,raw,index_spot,NIFTYCPSE,15min,market_archive,data/raw/market_archive/NIFTY CPSE_15minute.csv,csv,1,2173341,41793,2015-11-09,2026-04-08,date|open|high|low|close|volume,,raw_untouched,index_spot|NIFTYCPSE|15min|ohlcv,processed_market_archive_cleaned_niftycpse_15min,Archive-derived index/VIX OHLCV file.
processed_market_archive_cleaned_niftycpse_1min,processed,index_spot,NIFTYCPSE,1min,market_archive_cleaned,data/processed/market_archive_cleaned/NIFTY CPSE_minute.csv,csv,1,33213943,626692,2015-11-09,2026-04-08,datetime|open|high|low|close|volume,,cleaned_non_destructive,index_spot|NIFTYCPSE|1min|ohlcv,raw_market_archive_niftycpse_1min,Archive-derived index/VIX OHLCV file.
raw_market_archive_niftycpse_1min,raw,index_spot,NIFTYCPSE,1min,market_archive,data/raw/market_archive/NIFTY CPSE_minute.csv,csv,1,32587246,626692,2015-11-09,2026-04-08,date|open|high|low|close|volume,,raw_untouched,index_spot|NIFTYCPSE|1min|ohlcv,processed_market_archive_cleaned_niftycpse_1min,Archive-derived index/VIX OHLCV file.
processed_market_archive_cleaned_niftycpse_30min,processed,index_spot,NIFTYCPSE,30min,market_archive_cleaned,data/processed/market_archive_cleaned/NIFTY CPSE_30minute.csv,csv,1,1152319,21736,2015-11-09,2026-04-08,datetime|open|high|low|close|volume,,cleaned_non_destructive,index_spot|NIFTYCPSE|30min|ohlcv,raw_market_archive_niftycpse_30min,Archive-derived index/VIX OHLCV file.
raw_market_archive_niftycpse_30min,raw,index_spot,NIFTYCPSE,30min,market_archive,data/raw/market_archive/NIFTY CPSE_30minute.csv,csv,1,1130578,21736,2015-11-09,2026-04-08,date|open|high|low|close|volume,,raw_untouched,index_spot|NIFTYCPSE|30min|ohlcv,processed_market_archive_cleaned_niftycpse_30min,Archive-derived index/VIX OHLCV file.
processed_market_archive_cleaned_niftycpse_5min,processed,index_spot,NIFTYCPSE,5min,market_archive_cleaned,data/processed/market_archive_cleaned/NIFTY CPSE_5minute.csv,csv,1,6643483,125350,2015-11-09,2026-04-08,datetime|open|high|low|close|volume,,cleaned_non_destructive,index_spot|NIFTYCPSE|5min|ohlcv,raw_market_archive_niftycpse_5min,Archive-derived index/VIX OHLCV file.
raw_market_archive_niftycpse_5min,raw,index_spot,NIFTYCPSE,5min,market_archive,data/raw/market_archive/NIFTY CPSE_5minute.csv,csv,1,6518128,125350,2015-11-09,2026-04-08,date|open|high|low|close|volume,,raw_untouched,index_spot|NIFTYCPSE|5min|ohlcv,processed_market_archive_cleaned_niftycpse_5min,Archive-derived index/VIX OHLCV file.
processed_market_archive_cleaned_niftycpse_60min,processed,index_spot,NIFTYCPSE,60min,market_archive_cleaned,data/processed/market_archive_cleaned/NIFTY CPSE_60minute.csv,csv,1,620499,11705,2015-11-09,2026-04-08,datetime|open|high|low|close|volume,,cleaned_non_destructive,index_spot|NIFTYCPSE|60min|ohlcv,raw_market_archive_niftycpse_60min,Archive-derived index/VIX OHLCV file.
raw_market_archive_niftycpse_60min,raw,index_spot,NIFTYCPSE,60min,market_archive,data/raw/market_archive/NIFTY CPSE_60minute.csv,csv,1,608789,11705,2015-11-09,2026-04-08,date|open|high|low|close|volume,,raw_untouched,index_spot|NIFTYCPSE|60min|ohlcv,processed_market_archive_cleaned_niftycpse_60min,Archive-derived index/VIX OHLCV file.
processed_market_archive_cleaned_niftycpse_daily,processed,index_spot,NIFTYCPSE,daily,market_archive_cleaned,data/processed/market_archive_cleaned/NIFTY CPSE_day.csv,csv,1,123075,2791,2015-01-01,2026-04-08,datetime|open|high|low|close|volume,,cleaned_non_destructive,index_spot|NIFTYCPSE|daily|ohlcv,raw_market_archive_niftycpse_daily,Archive-derived index/VIX OHLCV file.
raw_market_archive_niftycpse_daily,raw,index_spot,NIFTYCPSE,daily,market_archive,data/raw/market_archive/NIFTY CPSE_day.csv,csv,1,150560,2890,2015-01-01,2026-04-08,date|open|high|low|close|volume,,raw_untouched,index_spot|NIFTYCPSE|daily|ohlcv,processed_market_archive_cleaned_niftycpse_daily,Archive-derived index/VIX OHLCV file.
processed_market_archive_cleaned_niftyenergy_15min,processed,index_spot,NIFTYENERGY,15min,market_archive_cleaned,data/processed/market_archive_cleaned/NIFTY ENERGY_15minute.csv,csv,1,3903429,69282,2015-01-09,2026-04-08,datetime|open|high|low|close|volume,,cleaned_non_destructive,index_spot|NIFTYENERGY|15min|ohlcv,raw_market_archive_niftyenergy_15min,Archive-derived index/VIX OHLCV file.
raw_market_archive_niftyenergy_15min,raw,index_spot,NIFTYENERGY,15min,market_archive,data/raw/market_archive/NIFTY ENERGY_15minute.csv,csv,1,3834142,69282,2015-01-09,2026-04-08,date|open|high|low|close|volume,,raw_untouched,index_spot|NIFTYENERGY|15min|ohlcv,processed_market_archive_cleaned_niftyenergy_15min,Archive-derived index/VIX OHLCV file.
processed_market_archive_cleaned_niftyenergy_1min,processed,index_spot,NIFTYENERGY,1min,market_archive_cleaned,data/processed/market_archive_cleaned/NIFTY ENERGY_minute.csv,csv,1,58532443,1038803,2015-01-09,2026-04-08,datetime|open|high|low|close|volume,,cleaned_non_destructive,index_spot|NIFTYENERGY|1min|ohlcv,raw_market_archive_niftyenergy_1min,Archive-derived index/VIX OHLCV file.
raw_market_archive_niftyenergy_1min,raw,index_spot,NIFTYENERGY,1min,market_archive,data/raw/market_archive/NIFTY ENERGY_minute.csv,csv,1,57493843,1038807,2015-01-09,2026-04-08,date|open|high|low|close|volume,,raw_untouched,index_spot|NIFTYENERGY|1min|ohlcv,processed_market_archive_cleaned_niftyenergy_1min,Archive-derived index/VIX OHLCV file.
processed_market_archive_cleaned_niftyenergy_30min,processed,index_spot,NIFTYENERGY,30min,market_archive_cleaned,data/processed/market_archive_cleaned/NIFTY ENERGY_30minute.csv,csv,1,2030199,36034,2015-01-09,2026-04-08,datetime|open|high|low|close|volume,,cleaned_non_destructive,index_spot|NIFTYENERGY|30min|ohlcv,raw_market_archive_niftyenergy_30min,Archive-derived index/VIX OHLCV file.
raw_market_archive_niftyenergy_30min,raw,index_spot,NIFTYENERGY,30min,market_archive,data/raw/market_archive/NIFTY ENERGY_30minute.csv,csv,1,1994160,36034,2015-01-09,2026-04-08,date|open|high|low|close|volume,,raw_untouched,index_spot|NIFTYENERGY|30min|ohlcv,processed_market_archive_cleaned_niftyenergy_30min,Archive-derived index/VIX OHLCV file.
processed_market_archive_cleaned_niftyenergy_5min,processed,index_spot,NIFTYENERGY,5min,market_archive_cleaned,data/processed/market_archive_cleaned/NIFTY ENERGY_5minute.csv,csv,1,11708036,207801,2015-01-09,2026-04-08,datetime|open|high|low|close|volume,,cleaned_non_destructive,index_spot|NIFTYENERGY|5min|ohlcv,raw_market_archive_niftyenergy_5min,Archive-derived index/VIX OHLCV file.
raw_market_archive_niftyenergy_5min,raw,index_spot,NIFTYENERGY,5min,market_archive,data/raw/market_archive/NIFTY ENERGY_5minute.csv,csv,1,11500230,207801,2015-01-09,2026-04-08,date|open|high|low|close|volume,,raw_untouched,index_spot|NIFTYENERGY|5min|ohlcv,processed_market_archive_cleaned_niftyenergy_5min,Archive-derived index/VIX OHLCV file.
processed_market_archive_cleaned_niftyenergy_60min,processed,index_spot,NIFTYENERGY,60min,market_archive_cleaned,data/processed/market_archive_cleaned/NIFTY ENERGY_60minute.csv,csv,1,1093334,19405,2015-01-09,2026-04-08,datetime|open|high|low|close|volume,,cleaned_non_destructive,index_spot|NIFTYENERGY|60min|ohlcv,raw_market_archive_niftyenergy_60min,Archive-derived index/VIX OHLCV file.
raw_market_archive_niftyenergy_60min,raw,index_spot,NIFTYENERGY,60min,market_archive,data/raw/market_archive/NIFTY ENERGY_60minute.csv,csv,1,1073924,19405,2015-01-09,2026-04-08,date|open|high|low|close|volume,,raw_untouched,index_spot|NIFTYENERGY|60min|ohlcv,processed_market_archive_cleaned_niftyenergy_60min,Archive-derived index/VIX OHLCV file.
processed_market_archive_cleaned_niftyenergy_daily,processed,index_spot,NIFTYENERGY,daily,market_archive_cleaned,data/processed/market_archive_cleaned/NIFTY ENERGY_day.csv,csv,1,132137,2790,2015-01-01,2026-04-08,datetime|open|high|low|close|volume,,cleaned_non_destructive,index_spot|NIFTYENERGY|daily|ohlcv,raw_market_archive_niftyenergy_daily,Archive-derived index/VIX OHLCV file.
raw_market_archive_niftyenergy_daily,raw,index_spot,NIFTYENERGY,daily,market_archive,data/raw/market_archive/NIFTY ENERGY_day.csv,csv,1,154659,2794,2015-01-01,2026-04-08,date|open|high|low|close|volume,,raw_untouched,index_spot|NIFTYENERGY|daily|ohlcv,processed_market_archive_cleaned_niftyenergy_daily,Archive-derived index/VIX OHLCV file.
processed_market_archive_cleaned_niftyfmcg_15min,processed,index_spot,NIFTYFMCG,15min,market_archive_cleaned,data/processed/market_archive_cleaned/NIFTY FMCG_15minute.csv,csv,1,3949150,69282,2015-01-09,2026-04-08,datetime|open|high|low|close|volume,,cleaned_non_destructive,index_spot|NIFTYFMCG|15min|ohlcv,raw_market_archive_niftyfmcg_15min,Archive-derived index/VIX OHLCV file.
raw_market_archive_niftyfmcg_15min,raw,index_spot,NIFTYFMCG,15min,market_archive,data/raw/market_archive/NIFTY FMCG_15minute.csv,csv,1,3879863,69282,2015-01-09,2026-04-08,date|open|high|low|close|volume,,raw_untouched,index_spot|NIFTYFMCG|15min|ohlcv,processed_market_archive_cleaned_niftyfmcg_15min,Archive-derived index/VIX OHLCV file.
processed_market_archive_cleaned_niftyfmcg_1min,processed,index_spot,NIFTYFMCG,1min,market_archive_cleaned,data/processed/market_archive_cleaned/NIFTY FMCG_minute.csv,csv,1,59226809,1039077,2015-01-09,2026-04-08,datetime|open|high|low|close|volume,,cleaned_non_destructive,index_spot|NIFTYFMCG|1min|ohlcv,raw_market_archive_niftyfmcg_1min,Archive-derived index/VIX OHLCV file.
raw_market_archive_niftyfmcg_1min,raw,index_spot,NIFTYFMCG,1min,market_archive,data/raw/market_archive/NIFTY FMCG_minute.csv,csv,1,58187952,1039081,2015-01-09,2026-04-08,date|open|high|low|close|volume,,raw_untouched,index_spot|NIFTYFMCG|1min|ohlcv,processed_market_archive_cleaned_niftyfmcg_1min,Archive-derived index/VIX OHLCV file.
processed_market_archive_cleaned_niftyfmcg_30min,processed,index_spot,NIFTYFMCG,30min,market_archive_cleaned,data/processed/market_archive_cleaned/NIFTY FMCG_30minute.csv,csv,1,2053902,36034,2015-01-09,2026-04-08,datetime|open|high|low|close|volume,,cleaned_non_destructive,index_spot|NIFTYFMCG|30min|ohlcv,raw_market_archive_niftyfmcg_30min,Archive-derived index/VIX OHLCV file.
raw_market_archive_niftyfmcg_30min,raw,index_spot,NIFTYFMCG,30min,market_archive,data/raw/market_archive/NIFTY FMCG_30minute.csv,csv,1,2017863,36034,2015-01-09,2026-04-08,date|open|high|low|close|volume,,raw_untouched,index_spot|NIFTYFMCG|30min|ohlcv,processed_market_archive_cleaned_niftyfmcg_30min,Archive-derived index/VIX OHLCV file.
processed_market_archive_cleaned_niftyfmcg_5min,processed,index_spot,NIFTYFMCG,5min,market_archive_cleaned,data/processed/market_archive_cleaned/NIFTY FMCG_5minute.csv,csv,1,11844335,207800,2015-01-09,2026-04-08,datetime|open|high|low|close|volume,,cleaned_non_destructive,index_spot|NIFTYFMCG|5min|ohlcv,raw_market_archive_niftyfmcg_5min,Archive-derived index/VIX OHLCV file.
raw_market_archive_niftyfmcg_5min,raw,index_spot,NIFTYFMCG,5min,market_archive,data/raw/market_archive/NIFTY FMCG_5minute.csv,csv,1,11636530,207800,2015-01-09,2026-04-08,date|open|high|low|close|volume,,raw_untouched,index_spot|NIFTYFMCG|5min|ohlcv,processed_market_archive_cleaned_niftyfmcg_5min,Archive-derived index/VIX OHLCV file.
processed_market_archive_cleaned_niftyfmcg_60min,processed,index_spot,NIFTYFMCG,60min,market_archive_cleaned,data/processed/market_archive_cleaned/NIFTY FMCG_60minute.csv,csv,1,1105917,19405,2015-01-09,2026-04-08,datetime|open|high|low|close|volume,,cleaned_non_destructive,index_spot|NIFTYFMCG|60min|ohlcv,raw_market_archive_niftyfmcg_60min,Archive-derived index/VIX OHLCV file.
raw_market_archive_niftyfmcg_60min,raw,index_spot,NIFTYFMCG,60min,market_archive,data/raw/market_archive/NIFTY FMCG_60minute.csv,csv,1,1086507,19405,2015-01-09,2026-04-08,date|open|high|low|close|volume,,raw_untouched,index_spot|NIFTYFMCG|60min|ohlcv,processed_market_archive_cleaned_niftyfmcg_60min,Archive-derived index/VIX OHLCV file.
processed_market_archive_cleaned_niftyfmcg_daily,processed,index_spot,NIFTYFMCG,daily,market_archive_cleaned,data/processed/market_archive_cleaned/NIFTY FMCG_day.csv,csv,1,133883,2790,2015-01-01,2026-04-08,datetime|open|high|low|close|volume,,cleaned_non_destructive,index_spot|NIFTYFMCG|daily|ohlcv,raw_market_archive_niftyfmcg_daily,Archive-derived index/VIX OHLCV file.
raw_market_archive_niftyfmcg_daily,raw,index_spot,NIFTYFMCG,daily,market_archive,data/raw/market_archive/NIFTY FMCG_day.csv,csv,1,156421,2794,2015-01-01,2026-04-08,date|open|high|low|close|volume,,raw_untouched,index_spot|NIFTYFMCG|daily|ohlcv,processed_market_archive_cleaned_niftyfmcg_daily,Archive-derived index/VIX OHLCV file.
processed_market_archive_cleaned_niftygscompsite_15min,processed,index_spot,NIFTYGSCOMPSITE,15min,market_archive_cleaned,data/processed/market_archive_cleaned/NIFTY GS COMPSITE_15minute.csv,csv,1,2280599,41773,2015-11-09,2026-04-08,datetime|open|high|low|close|volume,,cleaned_non_destructive,index_spot|NIFTYGSCOMPSITE|15min|ohlcv,raw_market_archive_niftygscompsite_15min,Archive-derived index/VIX OHLCV file.
raw_market_archive_niftygscompsite_15min,raw,index_spot,NIFTYGSCOMPSITE,15min,market_archive,data/raw/market_archive/NIFTY GS COMPSITE_15minute.csv,csv,1,2238821,41773,2015-11-09,2026-04-08,date|open|high|low|close|volume,,raw_untouched,index_spot|NIFTYGSCOMPSITE|15min|ohlcv,processed_market_archive_cleaned_niftygscompsite_15min,Archive-derived index/VIX OHLCV file.
processed_market_archive_cleaned_niftygscompsite_1min,processed,index_spot,NIFTYGSCOMPSITE,1min,market_archive_cleaned,data/processed/market_archive_cleaned/NIFTY GS COMPSITE_minute.csv,csv,1,33529544,614145,2015-11-09,2026-04-08,datetime|open|high|low|close|volume,,cleaned_non_destructive,index_spot|NIFTYGSCOMPSITE|1min|ohlcv,raw_market_archive_niftygscompsite_1min,Archive-derived index/VIX OHLCV file.
raw_market_archive_niftygscompsite_1min,raw,index_spot,NIFTYGSCOMPSITE,1min,market_archive,data/raw/market_archive/NIFTY GS COMPSITE_minute.csv,csv,1,32915394,614145,2015-11-09,2026-04-08,date|open|high|low|close|volume,,raw_untouched,index_spot|NIFTYGSCOMPSITE|1min|ohlcv,processed_market_archive_cleaned_niftygscompsite_1min,Archive-derived index/VIX OHLCV file.
processed_market_archive_cleaned_niftygscompsite_30min,processed,index_spot,NIFTYGSCOMPSITE,30min,market_archive_cleaned,data/processed/market_archive_cleaned/NIFTY GS COMPSITE_30minute.csv,csv,1,1186485,21733,2015-11-09,2026-04-08,datetime|open|high|low|close|volume,,cleaned_non_destructive,index_spot|NIFTYGSCOMPSITE|30min|ohlcv,raw_market_archive_niftygscompsite_30min,Archive-derived index/VIX OHLCV file.
raw_market_archive_niftygscompsite_30min,raw,index_spot,NIFTYGSCOMPSITE,30min,market_archive,data/raw/market_archive/NIFTY GS COMPSITE_30minute.csv,csv,1,1164747,21733,2015-11-09,2026-04-08,date|open|high|low|close|volume,,raw_untouched,index_spot|NIFTYGSCOMPSITE|30min|ohlcv,processed_market_archive_cleaned_niftygscompsite_30min,Archive-derived index/VIX OHLCV file.
processed_market_archive_cleaned_niftygscompsite_5min,processed,index_spot,NIFTYGSCOMPSITE,5min,market_archive_cleaned,data/processed/market_archive_cleaned/NIFTY GS COMPSITE_5minute.csv,csv,1,6818883,124894,2015-11-09,2026-04-08,datetime|open|high|low|close|volume,,cleaned_non_destructive,index_spot|NIFTYGSCOMPSITE|5min|ohlcv,raw_market_archive_niftygscompsite_5min,Archive-derived index/VIX OHLCV file.
raw_market_archive_niftygscompsite_5min,raw,index_spot,NIFTYGSCOMPSITE,5min,market_archive,data/raw/market_archive/NIFTY GS COMPSITE_5minute.csv,csv,1,6693984,124894,2015-11-09,2026-04-08,date|open|high|low|close|volume,,raw_untouched,index_spot|NIFTYGSCOMPSITE|5min|ohlcv,processed_market_archive_cleaned_niftygscompsite_5min,Archive-derived index/VIX OHLCV file.
processed_market_archive_cleaned_niftygscompsite_60min,processed,index_spot,NIFTYGSCOMPSITE,60min,market_archive_cleaned,data/processed/market_archive_cleaned/NIFTY GS COMPSITE_60minute.csv,csv,1,638872,11704,2015-11-09,2026-04-08,datetime|open|high|low|close|volume,,cleaned_non_destructive,index_spot|NIFTYGSCOMPSITE|60min|ohlcv,raw_market_archive_niftygscompsite_60min,Archive-derived index/VIX OHLCV file.
raw_market_archive_niftygscompsite_60min,raw,index_spot,NIFTYGSCOMPSITE,60min,market_archive,data/raw/market_archive/NIFTY GS COMPSITE_60minute.csv,csv,1,627163,11704,2015-11-09,2026-04-08,date|open|high|low|close|volume,,raw_untouched,index_spot|NIFTYGSCOMPSITE|60min|ohlcv,processed_market_archive_cleaned_niftygscompsite_60min,Archive-derived index/VIX OHLCV file.
processed_market_archive_cleaned_niftygscompsite_daily,processed,index_spot,NIFTYGSCOMPSITE,daily,market_archive_cleaned,data/processed/market_archive_cleaned/NIFTY GS COMPSITE_day.csv,csv,1,93608,2053,2015-11-09,2026-04-08,datetime|open|high|low|close|volume,,cleaned_non_destructive,index_spot|NIFTYGSCOMPSITE|daily|ohlcv,raw_market_archive_niftygscompsite_daily,Archive-derived index/VIX OHLCV file.
raw_market_archive_niftygscompsite_daily,raw,index_spot,NIFTYGSCOMPSITE,daily,market_archive,data/raw/market_archive/NIFTY GS COMPSITE_day.csv,csv,1,110029,2053,2015-11-09,2026-04-08,date|open|high|low|close|volume,,raw_untouched,index_spot|NIFTYGSCOMPSITE|daily|ohlcv,processed_market_archive_cleaned_niftygscompsite_daily,Archive-derived index/VIX OHLCV file.
processed_market_archive_cleaned_niftyhealthcare_15min,processed,index_spot,NIFTYHEALTHCARE,15min,market_archive_cleaned,data/processed/market_archive_cleaned/NIFTY HEALTHCARE_15minute.csv,csv,1,1238153,22249,2022-08-29,2026-04-08,datetime|open|high|low|close|volume,,cleaned_non_destructive,index_spot|NIFTYHEALTHCARE|15min|ohlcv,raw_market_archive_niftyhealthcare_15min,Archive-derived index/VIX OHLCV file.
raw_market_archive_niftyhealthcare_15min,raw,index_spot,NIFTYHEALTHCARE,15min,market_archive,data/raw/market_archive/NIFTY HEALTHCARE_15minute.csv,csv,1,1215899,22249,2022-08-29,2026-04-08,date|open|high|low|close|volume,,raw_untouched,index_spot|NIFTYHEALTHCARE|15min|ohlcv,processed_market_archive_cleaned_niftyhealthcare_15min,Archive-derived index/VIX OHLCV file.
processed_market_archive_cleaned_niftyhealthcare_1min,processed,index_spot,NIFTYHEALTHCARE,1min,market_archive_cleaned,data/processed/market_archive_cleaned/NIFTY HEALTHCARE_minute.csv,csv,1,18566888,333663,2022-08-29,2026-04-08,datetime|open|high|low|close|volume,,cleaned_non_destructive,index_spot|NIFTYHEALTHCARE|1min|ohlcv,raw_market_archive_niftyhealthcare_1min,Archive-derived index/VIX OHLCV file.
raw_market_archive_niftyhealthcare_1min,raw,index_spot,NIFTYHEALTHCARE,1min,market_archive,data/raw/market_archive/NIFTY HEALTHCARE_minute.csv,csv,1,18233220,333663,2022-08-29,2026-04-08,date|open|high|low|close|volume,,raw_untouched,index_spot|NIFTYHEALTHCARE|1min|ohlcv,processed_market_archive_cleaned_niftyhealthcare_1min,Archive-derived index/VIX OHLCV file.
processed_market_archive_cleaned_niftyhealthcare_30min,processed,index_spot,NIFTYHEALTHCARE,30min,market_archive_cleaned,data/processed/market_archive_cleaned/NIFTY HEALTHCARE_30minute.csv,csv,1,644029,11573,2022-08-29,2026-04-08,datetime|open|high|low|close|volume,,cleaned_non_destructive,index_spot|NIFTYHEALTHCARE|30min|ohlcv,raw_market_archive_niftyhealthcare_30min,Archive-derived index/VIX OHLCV file.
raw_market_archive_niftyhealthcare_30min,raw,index_spot,NIFTYHEALTHCARE,30min,market_archive,data/raw/market_archive/NIFTY HEALTHCARE_30minute.csv,csv,1,632451,11573,2022-08-29,2026-04-08,date|open|high|low|close|volume,,raw_untouched,index_spot|NIFTYHEALTHCARE|30min|ohlcv,processed_market_archive_cleaned_niftyhealthcare_30min,Archive-derived index/VIX OHLCV file.
processed_market_archive_cleaned_niftyhealthcare_5min,processed,index_spot,NIFTYHEALTHCARE,5min,market_archive_cleaned,data/processed/market_archive_cleaned/NIFTY HEALTHCARE_5minute.csv,csv,1,3713155,66725,2022-08-29,2026-04-08,datetime|open|high|low|close|volume,,cleaned_non_destructive,index_spot|NIFTYHEALTHCARE|5min|ohlcv,raw_market_archive_niftyhealthcare_5min,Archive-derived index/VIX OHLCV file.
raw_market_archive_niftyhealthcare_5min,raw,index_spot,NIFTYHEALTHCARE,5min,market_archive,data/raw/market_archive/NIFTY HEALTHCARE_5minute.csv,csv,1,3646425,66725,2022-08-29,2026-04-08,date|open|high|low|close|volume,,raw_untouched,index_spot|NIFTYHEALTHCARE|5min|ohlcv,processed_market_archive_cleaned_niftyhealthcare_5min,Archive-derived index/VIX OHLCV file.
processed_market_archive_cleaned_niftyhealthcare_60min,processed,index_spot,NIFTYHEALTHCARE,60min,market_archive_cleaned,data/processed/market_archive_cleaned/NIFTY HEALTHCARE_60minute.csv,csv,1,346927,6233,2022-08-29,2026-04-08,datetime|open|high|low|close|volume,,cleaned_non_destructive,index_spot|NIFTYHEALTHCARE|60min|ohlcv,raw_market_archive_niftyhealthcare_60min,Archive-derived index/VIX OHLCV file.
raw_market_archive_niftyhealthcare_60min,raw,index_spot,NIFTYHEALTHCARE,60min,market_archive,data/raw/market_archive/NIFTY HEALTHCARE_60minute.csv,csv,1,340689,6233,2022-08-29,2026-04-08,date|open|high|low|close|volume,,raw_untouched,index_spot|NIFTYHEALTHCARE|60min|ohlcv,processed_market_archive_cleaned_niftyhealthcare_60min,Archive-derived index/VIX OHLCV file.
processed_market_archive_cleaned_niftyhealthcare_daily,processed,index_spot,NIFTYHEALTHCARE,daily,market_archive_cleaned,data/processed/market_archive_cleaned/NIFTY HEALTHCARE_day.csv,csv,1,124734,2779,2015-01-01,2026-04-08,datetime|open|high|low|close|volume,,cleaned_non_destructive,index_spot|NIFTYHEALTHCARE|daily|ohlcv,raw_market_archive_niftyhealthcare_daily,Archive-derived index/VIX OHLCV file.
raw_market_archive_niftyhealthcare_daily,raw,index_spot,NIFTYHEALTHCARE,daily,market_archive,data/raw/market_archive/NIFTY HEALTHCARE_day.csv,csv,1,146961,2779,2015-01-01,2026-04-08,date|open|high|low|close|volume,,raw_untouched,index_spot|NIFTYHEALTHCARE|daily|ohlcv,processed_market_archive_cleaned_niftyhealthcare_daily,Archive-derived index/VIX OHLCV file.
processed_market_archive_cleaned_niftyinddigital_15min,processed,index_spot,NIFTYINDDIGITAL,15min,market_archive_cleaned,data/processed/market_archive_cleaned/NIFTY IND DIGITAL_15minute.csv,csv,1,1179835,22250,2022-08-29,2026-04-08,datetime|open|high|low|close|volume,,cleaned_non_destructive,index_spot|NIFTYINDDIGITAL|15min|ohlcv,raw_market_archive_niftyinddigital_15min,Archive-derived index/VIX OHLCV file.
raw_market_archive_niftyinddigital_15min,raw,index_spot,NIFTYINDDIGITAL,15min,market_archive,data/raw/market_archive/NIFTY IND DIGITAL_15minute.csv,csv,1,1157580,22250,2022-08-29,2026-04-08,date|open|high|low|close|volume,,raw_untouched,index_spot|NIFTYINDDIGITAL|15min|ohlcv,processed_market_archive_cleaned_niftyinddigital_15min,Archive-derived index/VIX OHLCV file.
processed_market_archive_cleaned_niftyinddigital_1min,processed,index_spot,NIFTYINDDIGITAL,1min,market_archive_cleaned,data/processed/market_archive_cleaned/NIFTY IND DIGITAL_minute.csv,csv,1,17691371,333670,2022-08-29,2026-04-08,datetime|open|high|low|close|volume,,cleaned_non_destructive,index_spot|NIFTYINDDIGITAL|1min|ohlcv,raw_market_archive_niftyinddigital_1min,Archive-derived index/VIX OHLCV file.
raw_market_archive_niftyinddigital_1min,raw,index_spot,NIFTYINDDIGITAL,1min,market_archive,data/raw/market_archive/NIFTY IND DIGITAL_minute.csv,csv,1,17357696,333670,2022-08-29,2026-04-08,date|open|high|low|close|volume,,raw_untouched,index_spot|NIFTYINDDIGITAL|1min|ohlcv,processed_market_archive_cleaned_niftyinddigital_1min,Archive-derived index/VIX OHLCV file.
processed_market_archive_cleaned_niftyinddigital_30min,processed,index_spot,NIFTYINDDIGITAL,30min,market_archive_cleaned,data/processed/market_archive_cleaned/NIFTY IND DIGITAL_30minute.csv,csv,1,613699,11573,2022-08-29,2026-04-08,datetime|open|high|low|close|volume,,cleaned_non_destructive,index_spot|NIFTYINDDIGITAL|30min|ohlcv,raw_market_archive_niftyinddigital_30min,Archive-derived index/VIX OHLCV file.
raw_market_archive_niftyinddigital_30min,raw,index_spot,NIFTYINDDIGITAL,30min,market_archive,data/raw/market_archive/NIFTY IND DIGITAL_30minute.csv,csv,1,602121,11573,2022-08-29,2026-04-08,date|open|high|low|close|volume,,raw_untouched,index_spot|NIFTYINDDIGITAL|30min|ohlcv,processed_market_archive_cleaned_niftyinddigital_30min,Archive-derived index/VIX OHLCV file.
processed_market_archive_cleaned_niftyinddigital_5min,processed,index_spot,NIFTYINDDIGITAL,5min,market_archive_cleaned,data/processed/market_archive_cleaned/NIFTY IND DIGITAL_5minute.csv,csv,1,3537836,66727,2022-08-29,2026-04-08,datetime|open|high|low|close|volume,,cleaned_non_destructive,index_spot|NIFTYINDDIGITAL|5min|ohlcv,raw_market_archive_niftyinddigital_5min,Archive-derived index/VIX OHLCV file.
raw_market_archive_niftyinddigital_5min,raw,index_spot,NIFTYINDDIGITAL,5min,market_archive,data/raw/market_archive/NIFTY IND DIGITAL_5minute.csv,csv,1,3471104,66727,2022-08-29,2026-04-08,date|open|high|low|close|volume,,raw_untouched,index_spot|NIFTYINDDIGITAL|5min|ohlcv,processed_market_archive_cleaned_niftyinddigital_5min,Archive-derived index/VIX OHLCV file.
processed_market_archive_cleaned_niftyinddigital_60min,processed,index_spot,NIFTYINDDIGITAL,60min,market_archive_cleaned,data/processed/market_archive_cleaned/NIFTY IND DIGITAL_60minute.csv,csv,1,330504,6233,2022-08-29,2026-04-08,datetime|open|high|low|close|volume,,cleaned_non_destructive,index_spot|NIFTYINDDIGITAL|60min|ohlcv,raw_market_archive_niftyinddigital_60min,Archive-derived index/VIX OHLCV file.
raw_market_archive_niftyinddigital_60min,raw,index_spot,NIFTYINDDIGITAL,60min,market_archive,data/raw/market_archive/NIFTY IND DIGITAL_60minute.csv,csv,1,324266,6233,2022-08-29,2026-04-08,date|open|high|low|close|volume,,raw_untouched,index_spot|NIFTYINDDIGITAL|60min|ohlcv,processed_market_archive_cleaned_niftyinddigital_60min,Archive-derived index/VIX OHLCV file.
processed_market_archive_cleaned_niftyinddigital_daily,processed,index_spot,NIFTYINDDIGITAL,daily,market_archive_cleaned,data/processed/market_archive_cleaned/NIFTY IND DIGITAL_day.csv,csv,1,125105,2779,2015-01-01,2026-04-08,datetime|open|high|low|close|volume,,cleaned_non_destructive,index_spot|NIFTYINDDIGITAL|daily|ohlcv,raw_market_archive_niftyinddigital_daily,Archive-derived index/VIX OHLCV file.
raw_market_archive_niftyinddigital_daily,raw,index_spot,NIFTYINDDIGITAL,daily,market_archive,data/raw/market_archive/NIFTY IND DIGITAL_day.csv,csv,1,147332,2779,2015-01-01,2026-04-08,date|open|high|low|close|volume,,raw_untouched,index_spot|NIFTYINDDIGITAL|daily|ohlcv,processed_market_archive_cleaned_niftyinddigital_daily,Archive-derived index/VIX OHLCV file.
processed_market_archive_cleaned_niftyindiamfg_15min,processed,index_spot,NIFTYINDIAMFG,15min,market_archive_cleaned,data/processed/market_archive_cleaned/NIFTY INDIA MFG_15minute.csv,csv,1,1238048,22250,2022-08-29,2026-04-08,datetime|open|high|low|close|volume,,cleaned_non_destructive,index_spot|NIFTYINDIAMFG|15min|ohlcv,raw_market_archive_niftyindiamfg_15min,Archive-derived index/VIX OHLCV file.
raw_market_archive_niftyindiamfg_15min,raw,index_spot,NIFTYINDIAMFG,15min,market_archive,data/raw/market_archive/NIFTY INDIA MFG_15minute.csv,csv,1,1215793,22250,2022-08-29,2026-04-08,date|open|high|low|close|volume,,raw_untouched,index_spot|NIFTYINDIAMFG|15min|ohlcv,processed_market_archive_cleaned_niftyindiamfg_15min,Archive-derived index/VIX OHLCV file.
processed_market_archive_cleaned_niftyindiamfg_1min,processed,index_spot,NIFTYINDIAMFG,1min,market_archive_cleaned,data/processed/market_archive_cleaned/NIFTY INDIA MFG_minute.csv,csv,1,18561698,333558,2022-08-29,2026-04-08,datetime|open|high|low|close|volume,,cleaned_non_destructive,index_spot|NIFTYINDIAMFG|1min|ohlcv,raw_market_archive_niftyindiamfg_1min,Archive-derived index/VIX OHLCV file.
raw_market_archive_niftyindiamfg_1min,raw,index_spot,NIFTYINDIAMFG,1min,market_archive,data/raw/market_archive/NIFTY INDIA MFG_minute.csv,csv,1,18228135,333558,2022-08-29,2026-04-08,date|open|high|low|close|volume,,raw_untouched,index_spot|NIFTYINDIAMFG|1min|ohlcv,processed_market_archive_cleaned_niftyindiamfg_1min,Archive-derived index/VIX OHLCV file.
processed_market_archive_cleaned_niftyindiamfg_30min,processed,index_spot,NIFTYINDIAMFG,30min,market_archive_cleaned,data/processed/market_archive_cleaned/NIFTY INDIA MFG_30minute.csv,csv,1,643861,11573,2022-08-29,2026-04-08,datetime|open|high|low|close|volume,,cleaned_non_destructive,index_spot|NIFTYINDIAMFG|30min|ohlcv,raw_market_archive_niftyindiamfg_30min,Archive-derived index/VIX OHLCV file.
raw_market_archive_niftyindiamfg_30min,raw,index_spot,NIFTYINDIAMFG,30min,market_archive,data/raw/market_archive/NIFTY INDIA MFG_30minute.csv,csv,1,632283,11573,2022-08-29,2026-04-08,date|open|high|low|close|volume,,raw_untouched,index_spot|NIFTYINDIAMFG|30min|ohlcv,processed_market_archive_cleaned_niftyindiamfg_30min,Archive-derived index/VIX OHLCV file.
processed_market_archive_cleaned_niftyindiamfg_5min,processed,index_spot,NIFTYINDIAMFG,5min,market_archive_cleaned,data/processed/market_archive_cleaned/NIFTY INDIA MFG_5minute.csv,csv,1,3712766,66727,2022-08-29,2026-04-08,datetime|open|high|low|close|volume,,cleaned_non_destructive,index_spot|NIFTYINDIAMFG|5min|ohlcv,raw_market_archive_niftyindiamfg_5min,Archive-derived index/VIX OHLCV file.
raw_market_archive_niftyindiamfg_5min,raw,index_spot,NIFTYINDIAMFG,5min,market_archive,data/raw/market_archive/NIFTY INDIA MFG_5minute.csv,csv,1,3646034,66727,2022-08-29,2026-04-08,date|open|high|low|close|volume,,raw_untouched,index_spot|NIFTYINDIAMFG|5min|ohlcv,processed_market_archive_cleaned_niftyindiamfg_5min,Archive-derived index/VIX OHLCV file.
processed_market_archive_cleaned_niftyindiamfg_60min,processed,index_spot,NIFTYINDIAMFG,60min,market_archive_cleaned,data/processed/market_archive_cleaned/NIFTY INDIA MFG_60minute.csv,csv,1,346765,6233,2022-08-29,2026-04-08,datetime|open|high|low|close|volume,,cleaned_non_destructive,index_spot|NIFTYINDIAMFG|60min|ohlcv,raw_market_archive_niftyindiamfg_60min,Archive-derived index/VIX OHLCV file.
raw_market_archive_niftyindiamfg_60min,raw,index_spot,NIFTYINDIAMFG,60min,market_archive,data/raw/market_archive/NIFTY INDIA MFG_60minute.csv,csv,1,340527,6233,2022-08-29,2026-04-08,date|open|high|low|close|volume,,raw_untouched,index_spot|NIFTYINDIAMFG|60min|ohlcv,processed_market_archive_cleaned_niftyindiamfg_60min,Archive-derived index/VIX OHLCV file.
processed_market_archive_cleaned_niftyindiamfg_daily,processed,index_spot,NIFTYINDIAMFG,daily,market_archive_cleaned,data/processed/market_archive_cleaned/NIFTY INDIA MFG_day.csv,csv,1,127479,2779,2015-01-01,2026-04-08,datetime|open|high|low|close|volume,,cleaned_non_destructive,index_spot|NIFTYINDIAMFG|daily|ohlcv,raw_market_archive_niftyindiamfg_daily,Archive-derived index/VIX OHLCV file.
raw_market_archive_niftyindiamfg_daily,raw,index_spot,NIFTYINDIAMFG,daily,market_archive,data/raw/market_archive/NIFTY INDIA MFG_day.csv,csv,1,149706,2779,2015-01-01,2026-04-08,date|open|high|low|close|volume,,raw_untouched,index_spot|NIFTYINDIAMFG|daily|ohlcv,processed_market_archive_cleaned_niftyindiamfg_daily,Archive-derived index/VIX OHLCV file.
processed_market_archive_cleaned_niftyinfra_15min,processed,index_spot,NIFTYINFRA,15min,market_archive_cleaned,data/processed/market_archive_cleaned/NIFTY INFRA_15minute.csv,csv,1,3671491,69282,2015-01-09,2026-04-08,datetime|open|high|low|close|volume,,cleaned_non_destructive,index_spot|NIFTYINFRA|15min|ohlcv,raw_market_archive_niftyinfra_15min,Archive-derived index/VIX OHLCV file.
raw_market_archive_niftyinfra_15min,raw,index_spot,NIFTYINFRA,15min,market_archive,data/raw/market_archive/NIFTY INFRA_15minute.csv,csv,1,3602204,69282,2015-01-09,2026-04-08,date|open|high|low|close|volume,,raw_untouched,index_spot|NIFTYINFRA|15min|ohlcv,processed_market_archive_cleaned_niftyinfra_15min,Archive-derived index/VIX OHLCV file.
processed_market_archive_cleaned_niftyinfra_1min,processed,index_spot,NIFTYINFRA,1min,market_archive_cleaned,data/processed/market_archive_cleaned/NIFTY INFRA_minute.csv,csv,1,55055017,1038800,2015-01-09,2026-04-08,datetime|open|high|low|close|volume,,cleaned_non_destructive,index_spot|NIFTYINFRA|1min|ohlcv,raw_market_archive_niftyinfra_1min,Archive-derived index/VIX OHLCV file.
raw_market_archive_niftyinfra_1min,raw,index_spot,NIFTYINFRA,1min,market_archive,data/raw/market_archive/NIFTY INFRA_minute.csv,csv,1,54016416,1038804,2015-01-09,2026-04-08,date|open|high|low|close|volume,,raw_untouched,index_spot|NIFTYINFRA|1min|ohlcv,processed_market_archive_cleaned_niftyinfra_1min,Archive-derived index/VIX OHLCV file.
processed_market_archive_cleaned_niftyinfra_30min,processed,index_spot,NIFTYINFRA,30min,market_archive_cleaned,data/processed/market_archive_cleaned/NIFTY INFRA_30minute.csv,csv,1,1909677,36034,2015-01-09,2026-04-08,datetime|open|high|low|close|volume,,cleaned_non_destructive,index_spot|NIFTYINFRA|30min|ohlcv,raw_market_archive_niftyinfra_30min,Archive-derived index/VIX OHLCV file.
raw_market_archive_niftyinfra_30min,raw,index_spot,NIFTYINFRA,30min,market_archive,data/raw/market_archive/NIFTY INFRA_30minute.csv,csv,1,1873638,36034,2015-01-09,2026-04-08,date|open|high|low|close|volume,,raw_untouched,index_spot|NIFTYINFRA|30min|ohlcv,processed_market_archive_cleaned_niftyinfra_30min,Archive-derived index/VIX OHLCV file.
processed_market_archive_cleaned_niftyinfra_5min,processed,index_spot,NIFTYINFRA,5min,market_archive_cleaned,data/processed/market_archive_cleaned/NIFTY INFRA_5minute.csv,csv,1,11012621,207800,2015-01-09,2026-04-08,datetime|open|high|low|close|volume,,cleaned_non_destructive,index_spot|NIFTYINFRA|5min|ohlcv,raw_market_archive_niftyinfra_5min,Archive-derived index/VIX OHLCV file.
raw_market_archive_niftyinfra_5min,raw,index_spot,NIFTYINFRA,5min,market_archive,data/raw/market_archive/NIFTY INFRA_5minute.csv,csv,1,10804816,207800,2015-01-09,2026-04-08,date|open|high|low|close|volume,,raw_untouched,index_spot|NIFTYINFRA|5min|ohlcv,processed_market_archive_cleaned_niftyinfra_5min,Archive-derived index/VIX OHLCV file.
processed_market_archive_cleaned_niftyinfra_60min,processed,index_spot,NIFTYINFRA,60min,market_archive_cleaned,data/processed/market_archive_cleaned/NIFTY INFRA_60minute.csv,csv,1,1028394,19405,2015-01-09,2026-04-08,datetime|open|high|low|close|volume,,cleaned_non_destructive,index_spot|NIFTYINFRA|60min|ohlcv,raw_market_archive_niftyinfra_60min,Archive-derived index/VIX OHLCV file.
raw_market_archive_niftyinfra_60min,raw,index_spot,NIFTYINFRA,60min,market_archive,data/raw/market_archive/NIFTY INFRA_60minute.csv,csv,1,1008984,19405,2015-01-09,2026-04-08,date|open|high|low|close|volume,,raw_untouched,index_spot|NIFTYINFRA|60min|ohlcv,processed_market_archive_cleaned_niftyinfra_60min,Archive-derived index/VIX OHLCV file.
processed_market_archive_cleaned_niftyinfra_daily,processed,index_spot,NIFTYINFRA,daily,market_archive_cleaned,data/processed/market_archive_cleaned/NIFTY INFRA_day.csv,csv,1,120281,2733,2015-01-01,2026-04-08,datetime|open|high|low|close|volume,,cleaned_non_destructive,index_spot|NIFTYINFRA|daily|ohlcv,raw_market_archive_niftyinfra_daily,Archive-derived index/VIX OHLCV file.
raw_market_archive_niftyinfra_daily,raw,index_spot,NIFTYINFRA,daily,market_archive,data/raw/market_archive/NIFTY INFRA_day.csv,csv,1,142348,2737,2015-01-01,2026-04-08,date|open|high|low|close|volume,,raw_untouched,index_spot|NIFTYINFRA|daily|ohlcv,processed_market_archive_cleaned_niftyinfra_daily,Archive-derived index/VIX OHLCV file.
processed_market_archive_cleaned_niftyit_15min,processed,index_spot,NIFTYIT,15min,market_archive_cleaned,data/processed/market_archive_cleaned/NIFTY IT_15minute.csv,csv,1,3947341,69307,2015-01-09,2026-04-08,datetime|open|high|low|close|volume,,cleaned_non_destructive,index_spot|NIFTYIT|15min|ohlcv,raw_market_archive_niftyit_15min,Archive-derived index/VIX OHLCV file.
raw_market_archive_niftyit_15min,raw,index_spot,NIFTYIT,15min,market_archive,data/raw/market_archive/NIFTY IT_15minute.csv,csv,1,3878029,69307,2015-01-09,2026-04-08,date|open|high|low|close|volume,,raw_untouched,index_spot|NIFTYIT|15min|ohlcv,processed_market_archive_cleaned_niftyit_15min,Archive-derived index/VIX OHLCV file.
processed_market_archive_cleaned_niftyit_1min,processed,index_spot,NIFTYIT,1min,market_archive_cleaned,data/processed/market_archive_cleaned/NIFTY IT_minute.csv,csv,1,59186003,1039174,2015-01-09,2026-04-08,datetime|open|high|low|close|volume,,cleaned_non_destructive,index_spot|NIFTYIT|1min|ohlcv,raw_market_archive_niftyit_1min,Archive-derived index/VIX OHLCV file.
raw_market_archive_niftyit_1min,raw,index_spot,NIFTYIT,1min,market_archive,data/raw/market_archive/NIFTY IT_minute.csv,csv,1,58147051,1039178,2015-01-09,2026-04-08,date|open|high|low|close|volume,,raw_untouched,index_spot|NIFTYIT|1min|ohlcv,processed_market_archive_cleaned_niftyit_1min,Archive-derived index/VIX OHLCV file.
processed_market_archive_cleaned_niftyit_30min,processed,index_spot,NIFTYIT,30min,market_archive_cleaned,data/processed/market_archive_cleaned/NIFTY IT_30minute.csv,csv,1,2053007,36047,2015-01-09,2026-04-08,datetime|open|high|low|close|volume,,cleaned_non_destructive,index_spot|NIFTYIT|30min|ohlcv,raw_market_archive_niftyit_30min,Archive-derived index/VIX OHLCV file.
raw_market_archive_niftyit_30min,raw,index_spot,NIFTYIT,30min,market_archive,data/raw/market_archive/NIFTY IT_30minute.csv,csv,1,2016955,36047,2015-01-09,2026-04-08,date|open|high|low|close|volume,,raw_untouched,index_spot|NIFTYIT|30min|ohlcv,processed_market_archive_cleaned_niftyit_30min,Archive-derived index/VIX OHLCV file.
processed_market_archive_cleaned_niftyit_5min,processed,index_spot,NIFTYIT,5min,market_archive_cleaned,data/processed/market_archive_cleaned/NIFTY IT_5minute.csv,csv,1,11839201,207875,2015-01-09,2026-04-08,datetime|open|high|low|close|volume,,cleaned_non_destructive,index_spot|NIFTYIT|5min|ohlcv,raw_market_archive_niftyit_5min,Archive-derived index/VIX OHLCV file.
raw_market_archive_niftyit_5min,raw,index_spot,NIFTYIT,5min,market_archive,data/raw/market_archive/NIFTY IT_5minute.csv,csv,1,11631321,207875,2015-01-09,2026-04-08,date|open|high|low|close|volume,,raw_untouched,index_spot|NIFTYIT|5min|ohlcv,processed_market_archive_cleaned_niftyit_5min,Archive-derived index/VIX OHLCV file.
processed_market_archive_cleaned_niftyit_60min,processed,index_spot,NIFTYIT,60min,market_archive_cleaned,data/processed/market_archive_cleaned/NIFTY IT_60minute.csv,csv,1,1105563,19412,2015-01-09,2026-04-08,datetime|open|high|low|close|volume,,cleaned_non_destructive,index_spot|NIFTYIT|60min|ohlcv,raw_market_archive_niftyit_60min,Archive-derived index/VIX OHLCV file.
raw_market_archive_niftyit_60min,raw,index_spot,NIFTYIT,60min,market_archive,data/raw/market_archive/NIFTY IT_60minute.csv,csv,1,1086146,19412,2015-01-09,2026-04-08,date|open|high|low|close|volume,,raw_untouched,index_spot|NIFTYIT|60min|ohlcv,processed_market_archive_cleaned_niftyit_60min,Archive-derived index/VIX OHLCV file.
processed_market_archive_cleaned_niftyit_daily,processed,index_spot,NIFTYIT,daily,market_archive_cleaned,data/processed/market_archive_cleaned/NIFTY IT_day.csv,csv,1,133893,2791,2015-01-01,2026-04-08,datetime|open|high|low|close|volume,,cleaned_non_destructive,index_spot|NIFTYIT|daily|ohlcv,raw_market_archive_niftyit_daily,Archive-derived index/VIX OHLCV file.
raw_market_archive_niftyit_daily,raw,index_spot,NIFTYIT,daily,market_archive,data/raw/market_archive/NIFTY IT_day.csv,csv,1,156435,2795,2015-01-01,2026-04-08,date|open|high|low|close|volume,,raw_untouched,index_spot|NIFTYIT|daily|ohlcv,processed_market_archive_cleaned_niftyit_daily,Archive-derived index/VIX OHLCV file.
processed_market_archive_cleaned_niftylargemid250_15min,processed,index_spot,NIFTYLARGEMID250,15min,market_archive_cleaned,data/processed/market_archive_cleaned/NIFTY LARGEMID250_15minute.csv,csv,1,1259894,22249,2022-08-29,2026-04-08,datetime|open|high|low|close|volume,,cleaned_non_destructive,index_spot|NIFTYLARGEMID250|15min|ohlcv,raw_market_archive_niftylargemid250_15min,Archive-derived index/VIX OHLCV file.
raw_market_archive_niftylargemid250_15min,raw,index_spot,NIFTYLARGEMID250,15min,market_archive,data/raw/market_archive/NIFTY LARGEMID250_15minute.csv,csv,1,1237640,22249,2022-08-29,2026-04-08,date|open|high|low|close|volume,,raw_untouched,index_spot|NIFTYLARGEMID250|15min|ohlcv,processed_market_archive_cleaned_niftylargemid250_15min,Archive-derived index/VIX OHLCV file.
processed_market_archive_cleaned_niftylargemid250_1min,processed,index_spot,NIFTYLARGEMID250,1min,market_archive_cleaned,data/processed/market_archive_cleaned/NIFTY LARGEMID250_minute.csv,csv,1,18886457,333554,2022-08-29,2026-04-08,datetime|open|high|low|close|volume,,cleaned_non_destructive,index_spot|NIFTYLARGEMID250|1min|ohlcv,raw_market_archive_niftylargemid250_1min,Archive-derived index/VIX OHLCV file.
raw_market_archive_niftylargemid250_1min,raw,index_spot,NIFTYLARGEMID250,1min,market_archive,data/raw/market_archive/NIFTY LARGEMID250_minute.csv,csv,1,18552898,333554,2022-08-29,2026-04-08,date|open|high|low|close|volume,,raw_untouched,index_spot|NIFTYLARGEMID250|1min|ohlcv,processed_market_archive_cleaned_niftylargemid250_1min,Archive-derived index/VIX OHLCV file.
processed_market_archive_cleaned_niftylargemid250_30min,processed,index_spot,NIFTYLARGEMID250,30min,market_archive_cleaned,data/processed/market_archive_cleaned/NIFTY LARGEMID250_30minute.csv,csv,1,655295,11573,2022-08-29,2026-04-08,datetime|open|high|low|close|volume,,cleaned_non_destructive,index_spot|NIFTYLARGEMID250|30min|ohlcv,raw_market_archive_niftylargemid250_30min,Archive-derived index/VIX OHLCV file.
raw_market_archive_niftylargemid250_30min,raw,index_spot,NIFTYLARGEMID250,30min,market_archive,data/raw/market_archive/NIFTY LARGEMID250_30minute.csv,csv,1,643717,11573,2022-08-29,2026-04-08,date|open|high|low|close|volume,,raw_untouched,index_spot|NIFTYLARGEMID250|30min|ohlcv,processed_market_archive_cleaned_niftylargemid250_30min,Archive-derived index/VIX OHLCV file.
processed_market_archive_cleaned_niftylargemid250_5min,processed,index_spot,NIFTYLARGEMID250,5min,market_archive_cleaned,data/processed/market_archive_cleaned/NIFTY LARGEMID250_5minute.csv,csv,1,3778191,66726,2022-08-29,2026-04-08,datetime|open|high|low|close|volume,,cleaned_non_destructive,index_spot|NIFTYLARGEMID250|5min|ohlcv,raw_market_archive_niftylargemid250_5min,Archive-derived index/VIX OHLCV file.
raw_market_archive_niftylargemid250_5min,raw,index_spot,NIFTYLARGEMID250,5min,market_archive,data/raw/market_archive/NIFTY LARGEMID250_5minute.csv,csv,1,3711460,66726,2022-08-29,2026-04-08,date|open|high|low|close|volume,,raw_untouched,index_spot|NIFTYLARGEMID250|5min|ohlcv,processed_market_archive_cleaned_niftylargemid250_5min,Archive-derived index/VIX OHLCV file.
processed_market_archive_cleaned_niftylargemid250_60min,processed,index_spot,NIFTYLARGEMID250,60min,market_archive_cleaned,data/processed/market_archive_cleaned/NIFTY LARGEMID250_60minute.csv,csv,1,352922,6233,2022-08-29,2026-04-08,datetime|open|high|low|close|volume,,cleaned_non_destructive,index_spot|NIFTYLARGEMID250|60min|ohlcv,raw_market_archive_niftylargemid250_60min,Archive-derived index/VIX OHLCV file.
raw_market_archive_niftylargemid250_60min,raw,index_spot,NIFTYLARGEMID250,60min,market_archive,data/raw/market_archive/NIFTY LARGEMID250_60minute.csv,csv,1,346684,6233,2022-08-29,2026-04-08,date|open|high|low|close|volume,,raw_untouched,index_spot|NIFTYLARGEMID250|60min|ohlcv,processed_market_archive_cleaned_niftylargemid250_60min,Archive-derived index/VIX OHLCV file.
processed_market_archive_cleaned_niftylargemid250_daily,processed,index_spot,NIFTYLARGEMID250,daily,market_archive_cleaned,data/processed/market_archive_cleaned/NIFTY LARGEMID250_day.csv,csv,1,126060,2777,2015-01-01,2026-04-08,datetime|open|high|low|close|volume,,cleaned_non_destructive,index_spot|NIFTYLARGEMID250|daily|ohlcv,raw_market_archive_niftylargemid250_daily,Archive-derived index/VIX OHLCV file.
raw_market_archive_niftylargemid250_daily,raw,index_spot,NIFTYLARGEMID250,daily,market_archive,data/raw/market_archive/NIFTY LARGEMID250_day.csv,csv,1,148271,2777,2015-01-01,2026-04-08,date|open|high|low|close|volume,,raw_untouched,index_spot|NIFTYLARGEMID250|daily|ohlcv,processed_market_archive_cleaned_niftylargemid250_daily,Archive-derived index/VIX OHLCV file.
raw_dhan_instruments_master,raw,reference,MULTIPLE,point_in_time,dhan_instruments_master,data/raw/reference/dhan_instruments_master.csv,csv,1,30864350,241994,,,SEM_EXM_EXCH_ID|SEM_SEGMENT|SEM_SMST_SECURITY_ID|SEM_INSTRUMENT_NAME|SEM_EXPIRY_CODE|SEM_TRADING_SYMBOL|SEM_LOT_UNITS|SEM_CUSTOM_SYMBOL|SEM_EXPIRY_DATE|SEM_STRIKE_PRICE|SEM_OPTION_TYPE|SEM_TICK_SIZE|SEM_EXPIRY_FLAG|SEM_EXCH_INSTRUMENT_TYPE|SEM_SERIES|SM_SYMBOL_NAME,symbol_reference,raw_vendor_reference,reference|MULTIPLE|point_in_time|ohlcv,,Dhan instrument master used to resolve tokens/security IDs.
processed_market_archive_cleaned_indiavix_15min,processed,volatility_index,INDIAVIX,15min,market_archive_cleaned,data/processed/market_archive_cleaned/INDIA VIX_15minute.csv,csv,1,3226380,69285,2015-01-09,2026-04-08,datetime|open|high|low|close|volume,research_ready_cleaned,cleaned_non_destructive,volatility_index|INDIAVIX|15min|ohlcv,raw_market_archive_indiavix_15min,Archive-derived index/VIX OHLCV file.
raw_market_archive_indiavix_15min,raw,volatility_index,INDIAVIX,15min,market_archive,data/raw/market_archive/INDIA VIX_15minute.csv,csv,1,3157111,69285,2015-01-09,2026-04-08,date|open|high|low|close|volume,,raw_untouched,volatility_index|INDIAVIX|15min|ohlcv,processed_market_archive_cleaned_indiavix_15min,Archive-derived index/VIX OHLCV file.
processed_market_archive_cleaned_indiavix_1min,processed,volatility_index,INDIAVIX,1min,market_archive_cleaned,data/processed/market_archive_cleaned/INDIA VIX_minute.csv,csv,1,48382942,1038983,2015-01-09,2026-04-08,datetime|open|high|low|close|volume,research_ready_cleaned,cleaned_non_destructive,volatility_index|INDIAVIX|1min|ohlcv,raw_market_archive_indiavix_1min,Archive-derived index/VIX OHLCV file.
raw_market_archive_indiavix_1min,raw,volatility_index,INDIAVIX,1min,market_archive,data/raw/market_archive/INDIA VIX_minute.csv,csv,1,47345151,1038987,2015-01-09,2026-04-08,date|open|high|low|close|volume,,raw_untouched,volatility_index|INDIAVIX|1min|ohlcv,processed_market_archive_cleaned_indiavix_1min,Archive-derived index/VIX OHLCV file.
processed_market_archive_cleaned_indiavix_30min,processed,volatility_index,INDIAVIX,30min,market_archive_cleaned,data/processed/market_archive_cleaned/INDIA VIX_30minute.csv,csv,1,1677957,36036,2015-01-09,2026-04-08,datetime|open|high|low|close|volume,research_ready_cleaned,cleaned_non_destructive,volatility_index|INDIAVIX|30min|ohlcv,raw_market_archive_indiavix_30min,Archive-derived index/VIX OHLCV file.
raw_market_archive_indiavix_30min,raw,volatility_index,INDIAVIX,30min,market_archive,data/raw/market_archive/INDIA VIX_30minute.csv,csv,1,1641924,36036,2015-01-09,2026-04-08,date|open|high|low|close|volume,,raw_untouched,volatility_index|INDIAVIX|30min|ohlcv,processed_market_archive_cleaned_indiavix_30min,Archive-derived index/VIX OHLCV file.
processed_market_archive_cleaned_indiavix_5min,processed,volatility_index,INDIAVIX,5min,market_archive_cleaned,data/processed/market_archive_cleaned/INDIA VIX_5minute.csv,csv,1,9677363,207825,2015-01-09,2026-04-08,datetime|open|high|low|close|volume,research_ready_cleaned,cleaned_non_destructive,volatility_index|INDIAVIX|5min|ohlcv,raw_market_archive_indiavix_5min,Archive-derived index/VIX OHLCV file.
raw_market_archive_indiavix_5min,raw,volatility_index,INDIAVIX,5min,market_archive,data/raw/market_archive/INDIA VIX_5minute.csv,csv,1,9469655,207825,2015-01-09,2026-04-08,date|open|high|low|close|volume,,raw_untouched,volatility_index|INDIAVIX|5min|ohlcv,processed_market_archive_cleaned_indiavix_5min,Archive-derived index/VIX OHLCV file.
processed_market_archive_cleaned_indiavix_60min,processed,volatility_index,INDIAVIX,60min,market_archive_cleaned,data/processed/market_archive_cleaned/INDIA VIX_60minute.csv,csv,1,903487,19406,2015-01-09,2026-04-08,datetime|open|high|low|close|volume,research_ready_cleaned,cleaned_non_destructive,volatility_index|INDIAVIX|60min|ohlcv,raw_market_archive_indiavix_60min,Archive-derived index/VIX OHLCV file.
raw_market_archive_indiavix_60min,raw,volatility_index,INDIAVIX,60min,market_archive,data/raw/market_archive/INDIA VIX_60minute.csv,csv,1,884082,19406,2015-01-09,2026-04-08,date|open|high|low|close|volume,,raw_untouched,volatility_index|INDIAVIX|60min|ohlcv,processed_market_archive_cleaned_indiavix_60min,Archive-derived index/VIX OHLCV file.
processed_market_archive_cleaned_indiavix_daily,processed,volatility_index,INDIAVIX,daily,market_archive_cleaned,data/processed/market_archive_cleaned/INDIA VIX_day.csv,csv,1,104730,2790,2015-01-01,2026-04-08,datetime|open|high|low|close|volume,research_ready_cleaned,cleaned_non_destructive,volatility_index|INDIAVIX|daily|ohlcv,raw_market_archive_indiavix_daily,Archive-derived index/VIX OHLCV file.
raw_market_archive_indiavix_daily,raw,volatility_index,INDIAVIX,daily,market_archive,data/raw/market_archive/INDIA VIX_day.csv,csv,1,127183,2793,2015-01-01,2026-04-08,date|open|high|low|close|volume,,raw_untouched,volatility_index|INDIAVIX|daily|ohlcv,processed_market_archive_cleaned_indiavix_daily,Archive-derived index/VIX OHLCV file.
