file,raw_rows,dropped_outside_hours,dropped_duplicates,bad_ohlc_rows,zero_close_rows,neg_close_rows,iv_spike_capped,iv_zero_ffilled,zero_volume_rows,clean_rows,date_min,date_max,index,expiry_type,side,bucket
2021-01-01_2021-01-31.json,7499,0,0,0,0,0,0,24,0,7499,2021-01-01,2021-01-29,nifty,week,call,ATM
2021-01-31_2021-03-02.json,8250,0,0,0,0,0,0,18,229,8250,2021-02-01,2021-03-02,nifty,week,call,ATM
2021-03-02_2021-04-01.json,7875,0,0,0,0,0,0,26,0,7875,2021-03-02,2021-04-01,nifty,week,call,ATM
2021-04-01_2021-05-01.json,7125,0,0,0,0,0,0,13,0,7125,2021-04-01,2021-04-30,nifty,week,call,ATM
2021-05-01_2021-05-31.json,7500,0,0,0,0,0,1,40,0,7500,2021-05-03,2021-05-31,nifty,week,call,ATM
2021-05-31_2021-06-30.json,8624,0,0,0,0,0,0,7,0,8624,2021-05-31,2021-06-30,nifty,week,call,ATM
2021-06-30_2021-07-30.json,8249,0,0,0,0,0,0,23,0,8249,2021-06-30,2021-07-30,nifty,week,call,ATM
2021-07-30_2021-08-29.json,7508,8,0,0,0,0,0,17,0,7500,2021-07-30,2021-08-27,nifty,week,call,ATM
2021-08-29_2021-09-28.json,7887,12,0,0,0,0,0,25,0,7875,2021-08-30,2021-09-28,nifty,week,call,ATM
2021-09-28_2021-10-28.json,8269,19,0,0,0,0,0,19,0,8250,2021-09-28,2021-10-28,nifty,week,call,ATM
2021-10-28_2021-11-27.json,7202,77,0,0,0,0,1,5,0,7125,2021-10-28,2021-11-26,nifty,week,call,ATM
2021-11-27_2021-12-27.json,7896,21,0,0,0,0,1,40,0,7875,2021-11-29,2021-12-27,nifty,week,call,ATM
2021-12-27_2022-01-26.json,8269,19,0,0,0,0,0,50,0,8250,2021-12-27,2022-01-25,nifty,week,call,ATM
2022-01-26_2022-02-25.json,8269,19,0,0,0,0,8,14,1,8250,2022-01-27,2022-02-25,nifty,week,call,ATM
2022-02-25_2022-03-27.json,7143,18,0,0,0,0,4,19,3,7125,2022-02-25,2022-03-25,nifty,week,call,ATM
2022-03-27_2022-04-26.json,7518,18,0,0,0,0,0,9,0,7500,2022-03-28,2022-04-26,nifty,week,call,ATM
2022-04-26_2022-05-26.json,8266,16,0,0,0,0,1,27,0,8250,2022-04-26,2022-05-26,nifty,week,call,ATM
2022-05-26_2022-06-25.json,8252,2,0,0,0,0,0,39,0,8250,2022-05-26,2022-06-24,nifty,week,call,ATM
2022-06-25_2022-07-25.json,7875,0,0,0,0,0,3,38,0,7875,2022-06-27,2022-07-25,nifty,week,call,ATM
2022-07-25_2022-08-24.json,7875,0,0,0,0,0,1,15,0,7875,2022-07-25,2022-08-24,nifty,week,call,ATM
2022-08-24_2022-09-23.json,8250,0,0,0,0,0,0,13,1,8250,2022-08-24,2022-09-23,nifty,week,call,ATM
2022-09-23_2022-10-23.json,7500,0,0,0,0,0,1,40,0,7500,2022-09-23,2022-10-21,nifty,week,call,ATM
2022-10-23_2022-11-22.json,7185,60,0,0,0,0,0,10,2,7125,2022-10-25,2022-11-22,nifty,week,call,ATM
2022-11-22_2022-12-22.json,8625,0,0,0,0,0,0,26,1,8625,2022-11-22,2022-12-22,nifty,week,call,ATM
2022-12-22_2023-01-21.json,8250,0,0,0,0,0,0,33,1,8250,2022-12-22,2023-01-20,nifty,week,call,ATM
2023-01-21_2023-02-20.json,7500,0,0,0,0,0,3,29,1,7500,2023-01-23,2023-02-20,nifty,week,call,ATM
2023-02-20_2023-03-22.json,8250,0,0,0,0,0,0,15,0,8250,2023-02-20,2023-03-22,nifty,week,call,ATM
2023-03-22_2023-04-21.json,7125,0,0,0,0,0,1,24,1,7125,2023-03-22,2023-04-21,nifty,week,call,ATM
2023-04-21_2023-05-21.json,7512,12,0,0,0,0,0,28,2,7500,2023-04-21,2023-05-19,nifty,week,call,ATM
2023-05-21_2023-06-20.json,8268,18,0,0,0,0,0,2,0,8250,2023-05-22,2023-06-20,nifty,week,call,ATM
2023-06-20_2023-07-20.json,8270,20,0,0,0,0,0,32,0,8250,2023-06-20,2023-07-20,nifty,week,call,ATM
2023-07-20_2023-08-19.json,7894,19,0,0,0,0,0,24,0,7875,2023-07-20,2023-08-18,nifty,week,call,ATM
2023-08-19_2023-09-18.json,7894,19,0,0,0,0,0,30,20,7875,2023-08-21,2023-09-18,nifty,week,call,ATM
2023-09-18_2023-10-18.json,7893,18,0,0,0,0,0,65,62,7875,2023-09-18,2023-10-18,nifty,week,call,ATM
2023-10-18_2023-11-17.json,7954,79,0,0,0,0,0,59,30,7875,2023-10-18,2023-11-17,nifty,week,call,ATM
2023-11-17_2023-12-17.json,7517,17,0,0,0,0,0,72,46,7500,2023-11-17,2023-12-15,nifty,week,call,ATM
2023-12-17_2024-01-16.json,7892,17,0,0,0,0,0,73,43,7875,2023-12-18,2024-01-16,nifty,week,call,ATM
2024-01-16_2024-02-15.json,8269,19,0,0,0,0,0,68,4,8250,2024-01-16,2024-02-15,nifty,week,call,ATM
2024-02-15_2024-03-16.json,8001,19,0,0,0,0,0,38,1,7982,2024-02-15,2024-03-15,nifty,week,call,ATM
2024-03-16_2024-04-15.json,6763,13,0,0,0,0,0,27,9,6750,2024-03-18,2024-04-15,nifty,week,call,ATM
2024-04-15_2024-05-15.json,7881,6,0,0,0,0,0,16,0,7875,2024-04-15,2024-05-15,nifty,week,call,ATM
2024-05-15_2024-06-14.json,8637,12,0,0,0,0,1,52,269,8625,2024-05-15,2024-06-14,nifty,week,call,ATM
2024-06-14_2024-07-14.json,7507,7,0,0,0,0,0,56,0,7500,2024-06-14,2024-07-12,nifty,week,call,ATM
2024-07-14_2024-08-13.json,7886,11,0,0,0,0,0,27,0,7875,2024-07-15,2024-08-13,nifty,week,call,ATM
2024-08-13_2024-09-12.json,8261,11,0,0,0,0,3,92,0,8250,2024-08-13,2024-09-12,nifty,week,call,ATM
2024-09-12_2024-10-12.json,7885,10,0,0,0,0,2,53,0,7875,2024-09-12,2024-10-11,nifty,week,call,ATM
2024-10-12_2024-11-11.json,7572,72,0,0,0,0,1,67,0,7500,2024-10-14,2024-11-11,nifty,week,call,ATM
2024-11-11_2024-12-11.json,7878,3,0,0,0,0,0,43,0,7875,2024-11-11,2024-12-11,nifty,week,call,ATM
2024-12-11_2025-01-10.json,8254,4,0,0,0,0,1,73,0,8250,2024-12-11,2025-01-10,nifty,week,call,ATM
2025-01-10_2025-02-09.json,8252,2,0,0,0,0,2,148,0,8250,2025-01-10,2025-02-07,nifty,week,call,ATM
2025-02-09_2025-03-11.json,7879,4,0,0,0,0,1,29,0,7875,2025-02-10,2025-03-11,nifty,week,call,ATM
2025-03-11_2025-04-10.json,7503,3,0,0,0,0,2,149,1,7500,2025-03-11,2025-04-09,nifty,week,call,ATM
2025-04-10_2025-05-10.json,6751,1,0,0,0,0,12,105,1,6750,2025-04-11,2025-05-09,nifty,week,call,ATM
2025-05-10_2025-06-09.json,7878,3,0,0,0,0,0,48,0,7875,2025-05-12,2025-06-09,nifty,week,call,ATM
2025-06-09_2025-07-09.json,8625,0,0,0,0,0,3,19,0,8625,2025-06-09,2025-07-09,nifty,week,call,ATM
2025-07-09_2025-08-08.json,8626,1,0,0,0,0,0,35,2,8625,2025-07-09,2025-08-08,nifty,week,call,ATM
2025-08-08_2025-09-07.json,7125,0,0,0,0,0,0,22,9,7125,2025-08-08,2025-09-05,nifty,week,call,ATM
2025-09-07_2025-10-07.json,7875,0,0,0,0,0,0,66,9,7875,2025-09-08,2025-10-07,nifty,week,call,ATM
2025-10-07_2025-11-06.json,7605,0,0,0,0,0,0,51,59,7605,2025-10-07,2025-11-06,nifty,week,call,ATM
2025-11-06_2025-12-06.json,8250,0,0,0,0,0,0,37,7,8250,2025-11-06,2025-12-05,nifty,week,call,ATM
2025-12-06_2026-01-05.json,7500,0,0,0,0,0,0,19,0,7500,2025-12-08,2026-01-05,nifty,week,call,ATM
2026-01-05_2026-02-04.json,8250,0,0,0,0,0,0,10,0,8250,2026-01-05,2026-02-04,nifty,week,call,ATM
2026-02-04_2026-03-06.json,8250,0,0,0,0,0,0,29,0,8250,2026-02-04,2026-03-06,nifty,week,call,ATM
2026-03-06_2026-04-05.json,6746,0,0,0,0,0,0,30,0,6746,2026-03-06,2026-04-02,nifty,week,call,ATM
2026-04-05_2026-04-30.json,6716,0,0,0,0,0,1,16,2,6716,2026-04-06,2026-04-30,nifty,week,call,ATM
2021-01-01_2021-01-31.json,7499,0,0,0,0,0,0,123,0,7499,2021-01-01,2021-01-29,nifty,week,call,ATMm1
2021-01-31_2021-03-02.json,8249,0,0,0,0,0,1,72,230,8249,2021-02-01,2021-03-02,nifty,week,call,ATMm1
2021-03-02_2021-04-01.json,7875,0,0,0,0,0,3,89,0,7875,2021-03-02,2021-04-01,nifty,week,call,ATMm1
2021-04-01_2021-05-01.json,7125,0,0,0,0,0,3,106,0,7125,2021-04-01,2021-04-30,nifty,week,call,ATMm1
2021-05-01_2021-05-31.json,7500,0,0,0,0,0,0,95,0,7500,2021-05-03,2021-05-31,nifty,week,call,ATMm1
2021-05-31_2021-06-30.json,8625,0,0,0,0,0,2,122,0,8625,2021-05-31,2021-06-30,nifty,week,call,ATMm1
2021-06-30_2021-07-30.json,8250,0,0,0,0,0,0,265,0,8250,2021-06-30,2021-07-30,nifty,week,call,ATMm1
2021-07-30_2021-08-29.json,7505,5,0,0,0,0,4,153,0,7500,2021-07-30,2021-08-27,nifty,week,call,ATMm1
2021-08-29_2021-09-28.json,7889,14,0,0,0,0,1,183,0,7875,2021-08-30,2021-09-28,nifty,week,call,ATMm1
2021-09-28_2021-10-28.json,8268,18,0,0,0,0,7,141,0,8250,2021-09-28,2021-10-28,nifty,week,call,ATMm1
2021-10-28_2021-11-27.json,7202,77,0,0,0,0,7,74,0,7125,2021-10-28,2021-11-26,nifty,week,call,ATMm1
2021-11-27_2021-12-27.json,7890,15,0,0,0,0,5,110,0,7875,2021-11-29,2021-12-27,nifty,week,call,ATMm1
2021-12-27_2022-01-26.json,8271,21,0,0,0,0,0,114,0,8250,2021-12-27,2022-01-25,nifty,week,call,ATMm1
2022-01-26_2022-02-25.json,8264,14,0,0,0,0,12,77,1,8250,2022-01-27,2022-02-25,nifty,week,call,ATMm1
2022-02-25_2022-03-27.json,7140,15,0,0,0,0,5,58,3,7125,2022-02-25,2022-03-25,nifty,week,call,ATMm1
2022-03-27_2022-04-26.json,7514,14,0,0,0,0,1,93,0,7500,2022-03-28,2022-04-26,nifty,week,call,ATMm1
2022-04-26_2022-05-26.json,8265,15,0,0,0,0,6,154,0,8250,2022-04-26,2022-05-26,nifty,week,call,ATMm1
2022-05-26_2022-06-25.json,8252,2,0,0,0,0,2,154,0,8250,2022-05-26,2022-06-24,nifty,week,call,ATMm1
2022-06-25_2022-07-25.json,7875,0,0,0,0,0,6,215,0,7875,2022-06-27,2022-07-25,nifty,week,call,ATMm1
2022-07-25_2022-08-24.json,7875,0,0,0,0,0,2,71,0,7875,2022-07-25,2022-08-24,nifty,week,call,ATMm1
2022-08-24_2022-09-23.json,8250,0,0,0,0,0,3,61,1,8250,2022-08-24,2022-09-23,nifty,week,call,ATMm1
2022-09-23_2022-10-23.json,7500,0,0,0,0,0,1,147,0,7500,2022-09-23,2022-10-21,nifty,week,call,ATMm1
2022-10-23_2022-11-22.json,7185,60,0,0,0,0,3,47,2,7125,2022-10-25,2022-11-22,nifty,week,call,ATMm1
2022-11-22_2022-12-22.json,8625,0,0,0,0,0,5,114,1,8625,2022-11-22,2022-12-22,nifty,week,call,ATMm1
2022-12-22_2023-01-21.json,8250,0,0,0,0,0,4,71,1,8250,2022-12-22,2023-01-20,nifty,week,call,ATMm1
2023-01-21_2023-02-20.json,7500,0,0,0,0,0,3,66,1,7500,2023-01-23,2023-02-20,nifty,week,call,ATMm1
2023-02-20_2023-03-22.json,8250,0,0,0,0,0,1,52,0,8250,2023-02-20,2023-03-22,nifty,week,call,ATMm1
2023-03-22_2023-04-21.json,7125,0,0,0,0,0,1,141,1,7125,2023-03-22,2023-04-21,nifty,week,call,ATMm1
2023-04-21_2023-05-21.json,7513,13,0,0,0,0,2,119,2,7500,2023-04-21,2023-05-19,nifty,week,call,ATMm1
2023-05-21_2023-06-20.json,8270,20,0,0,0,0,0,107,0,8250,2023-05-22,2023-06-20,nifty,week,call,ATMm1
2023-06-20_2023-07-20.json,8271,21,0,0,0,0,2,166,0,8250,2023-06-20,2023-07-20,nifty,week,call,ATMm1
2023-07-20_2023-08-19.json,7894,19,0,0,0,0,3,117,0,7875,2023-07-20,2023-08-18,nifty,week,call,ATMm1
2023-08-19_2023-09-18.json,7896,21,0,0,0,0,0,670,0,7875,2023-08-21,2023-09-18,nifty,week,call,ATMm1
2023-09-18_2023-10-18.json,7894,19,0,0,0,0,1,565,0,7875,2023-09-18,2023-10-18,nifty,week,call,ATMm1
2023-10-18_2023-11-17.json,7952,77,0,0,0,0,4,499,0,7875,2023-10-18,2023-11-17,nifty,week,call,ATMm1
2023-11-17_2023-12-17.json,7518,18,0,0,0,0,0,499,0,7500,2023-11-17,2023-12-15,nifty,week,call,ATMm1
2023-12-17_2024-01-16.json,7892,17,0,0,0,0,0,441,3,7875,2023-12-18,2024-01-16,nifty,week,call,ATMm1
2024-01-16_2024-02-15.json,8270,20,0,0,0,0,0,361,0,8250,2024-01-16,2024-02-15,nifty,week,call,ATMm1
2024-02-15_2024-03-16.json,8003,21,0,0,0,0,0,248,0,7982,2024-02-15,2024-03-15,nifty,week,call,ATMm1
2024-03-16_2024-04-15.json,6760,10,0,0,0,0,1,240,8,6750,2024-03-18,2024-04-15,nifty,week,call,ATMm1
2024-04-15_2024-05-15.json,7880,5,0,0,0,0,2,36,0,7875,2024-04-15,2024-05-15,nifty,week,call,ATMm1
2024-05-15_2024-06-14.json,8635,10,0,0,0,0,2,188,269,8625,2024-05-15,2024-06-14,nifty,week,call,ATMm1
2024-06-14_2024-07-14.json,7506,6,0,0,0,0,0,302,0,7500,2024-06-14,2024-07-12,nifty,week,call,ATMm1
2024-07-14_2024-08-13.json,7886,11,0,0,0,0,4,89,0,7875,2024-07-15,2024-08-13,nifty,week,call,ATMm1
2024-08-13_2024-09-12.json,8261,11,0,0,0,0,3,451,0,8250,2024-08-13,2024-09-12,nifty,week,call,ATMm1
2024-09-12_2024-10-12.json,7885,10,0,0,0,0,5,256,0,7875,2024-09-12,2024-10-11,nifty,week,call,ATMm1
2024-10-12_2024-11-11.json,7572,72,0,0,0,0,0,315,0,7500,2024-10-14,2024-11-11,nifty,week,call,ATMm1
2024-11-11_2024-12-11.json,7878,3,0,0,0,0,1,404,0,7875,2024-11-11,2024-12-11,nifty,week,call,ATMm1
2024-12-11_2025-01-10.json,8254,4,0,0,0,0,1,200,0,8250,2024-12-11,2025-01-10,nifty,week,call,ATMm1
2025-01-10_2025-02-09.json,8252,2,0,0,0,0,0,673,0,8250,2025-01-10,2025-02-07,nifty,week,call,ATMm1
2025-02-09_2025-03-11.json,7879,4,0,0,0,0,3,96,0,7875,2025-02-10,2025-03-11,nifty,week,call,ATMm1
2025-03-11_2025-04-10.json,7504,4,0,0,0,0,2,565,2,7500,2025-03-11,2025-04-09,nifty,week,call,ATMm1
2025-04-10_2025-05-10.json,6751,1,0,0,0,0,13,425,0,6750,2025-04-11,2025-05-09,nifty,week,call,ATMm1
2025-05-10_2025-06-09.json,7878,3,0,0,0,0,1,224,0,7875,2025-05-12,2025-06-09,nifty,week,call,ATMm1
2025-06-09_2025-07-09.json,8625,0,0,0,0,0,8,69,0,8625,2025-06-09,2025-07-09,nifty,week,call,ATMm1
2025-07-09_2025-08-08.json,8625,0,0,0,0,0,1,74,2,8625,2025-07-09,2025-08-08,nifty,week,call,ATMm1
2025-08-08_2025-09-07.json,7125,0,0,0,0,0,0,159,12,7125,2025-08-08,2025-09-05,nifty,week,call,ATMm1
2025-09-07_2025-10-07.json,7875,0,0,0,0,0,0,175,7,7875,2025-09-08,2025-10-07,nifty,week,call,ATMm1
2025-10-07_2025-11-06.json,7605,0,0,0,0,0,0,133,65,7605,2025-10-07,2025-11-06,nifty,week,call,ATMm1
2025-11-06_2025-12-06.json,8250,0,0,0,0,0,0,179,8,8250,2025-11-06,2025-12-05,nifty,week,call,ATMm1
2025-12-06_2026-01-05.json,7500,0,0,0,0,0,0,146,0,7500,2025-12-08,2026-01-05,nifty,week,call,ATMm1
2026-01-05_2026-02-04.json,8250,0,0,0,0,0,0,113,0,8250,2026-01-05,2026-02-04,nifty,week,call,ATMm1
2026-02-04_2026-03-06.json,8250,0,0,0,0,0,0,106,0,8250,2026-02-04,2026-03-06,nifty,week,call,ATMm1
2026-03-06_2026-04-05.json,6746,0,0,0,0,0,0,75,0,6746,2026-03-06,2026-04-02,nifty,week,call,ATMm1
2026-04-05_2026-04-30.json,6716,0,0,0,0,0,0,104,2,6716,2026-04-06,2026-04-30,nifty,week,call,ATMm1
2021-01-01_2021-01-31.json,7473,0,0,0,0,0,0,3680,5101,7473,2021-01-01,2021-01-29,nifty,week,call,ATMm10
2021-01-31_2021-03-02.json,8221,0,0,0,0,0,0,3944,4945,8221,2021-02-01,2021-03-02,nifty,week,call,ATMm10
2021-03-02_2021-04-01.json,7870,0,0,0,0,0,0,1776,5106,7870,2021-03-02,2021-04-01,nifty,week,call,ATMm10
2021-04-01_2021-05-01.json,7107,0,0,0,0,0,1,2626,4707,7107,2021-04-01,2021-04-30,nifty,week,call,ATMm10
2021-05-01_2021-05-31.json,7490,0,0,0,0,0,0,3448,4605,7490,2021-05-03,2021-05-31,nifty,week,call,ATMm10
2021-05-31_2021-06-30.json,8582,0,0,0,0,0,7,6911,6033,8582,2021-05-31,2021-06-30,nifty,week,call,ATMm10
2021-06-30_2021-07-30.json,8221,0,0,0,0,0,0,7221,6728,8221,2021-06-30,2021-07-30,nifty,week,call,ATMm10
2021-07-30_2021-08-29.json,7498,0,0,0,0,0,0,7164,4219,7498,2021-07-30,2021-08-27,nifty,week,call,ATMm10
2021-08-29_2021-09-28.json,7847,0,0,0,0,0,0,6056,4149,7847,2021-08-30,2021-09-28,nifty,week,call,ATMm10
2021-09-28_2021-10-28.json,8235,0,0,0,0,0,1,4428,3818,8235,2021-09-28,2021-10-28,nifty,week,call,ATMm10
2021-10-28_2021-11-27.json,7106,17,0,0,0,0,2,2363,4616,7089,2021-10-28,2021-11-26,nifty,week,call,ATMm10
2021-11-27_2021-12-27.json,7868,2,0,0,0,0,0,2425,4196,7866,2021-11-29,2021-12-27,nifty,week,call,ATMm10
2021-12-27_2022-01-26.json,8245,2,0,0,0,0,15,3973,3652,8243,2021-12-27,2022-01-25,nifty,week,call,ATMm10
2022-01-26_2022-02-25.json,8251,1,0,0,0,0,0,2670,3489,8250,2022-01-27,2022-02-25,nifty,week,call,ATMm10
2022-02-25_2022-03-27.json,7123,1,0,0,0,0,0,1001,2638,7122,2022-02-25,2022-03-25,nifty,week,call,ATMm10
2022-03-27_2022-04-26.json,7489,1,0,0,0,0,0,1727,2768,7488,2022-03-28,2022-04-26,nifty,week,call,ATMm10
2022-04-26_2022-05-26.json,8245,2,0,0,0,0,0,3193,3855,8243,2022-04-26,2022-05-26,nifty,week,call,ATMm10
2022-05-26_2022-06-25.json,8239,0,0,0,0,0,0,3666,3443,8239,2022-05-26,2022-06-24,nifty,week,call,ATMm10
2022-06-25_2022-07-25.json,7871,0,0,0,0,0,0,6506,2372,7871,2022-06-27,2022-07-25,nifty,week,call,ATMm10
2022-07-25_2022-08-24.json,7871,0,0,0,0,0,0,4310,2289,7871,2022-07-25,2022-08-24,nifty,week,call,ATMm10
2022-08-24_2022-09-23.json,8227,0,0,0,0,0,1,3349,3228,8227,2022-08-24,2022-09-23,nifty,week,call,ATMm10
2022-09-23_2022-10-23.json,7497,0,0,0,0,0,0,4957,2412,7497,2022-09-23,2022-10-21,nifty,week,call,ATMm10
2022-10-23_2022-11-22.json,7178,57,0,0,0,0,0,2785,3226,7121,2022-10-25,2022-11-22,nifty,week,call,ATMm10
2022-11-22_2022-12-22.json,8604,0,0,0,0,0,10,2086,4482,8604,2022-11-22,2022-12-22,nifty,week,call,ATMm10
2022-12-22_2023-01-21.json,8233,0,0,0,0,0,0,3000,3843,8233,2022-12-22,2023-01-20,nifty,week,call,ATMm10
2023-01-21_2023-02-20.json,7492,0,0,0,0,0,0,3245,3324,7492,2023-01-23,2023-02-20,nifty,week,call,ATMm10
2023-02-20_2023-03-22.json,8227,0,0,0,0,0,0,4173,4193,8227,2023-02-20,2023-03-22,nifty,week,call,ATMm10
2023-03-22_2023-04-21.json,7122,0,0,0,0,0,0,3773,2829,7122,2023-03-22,2023-04-21,nifty,week,call,ATMm10
2023-04-21_2023-05-21.json,7496,0,0,0,0,0,0,2901,3277,7496,2023-04-21,2023-05-19,nifty,week,call,ATMm10
2023-05-21_2023-06-20.json,8240,1,0,0,0,0,2,2666,3730,8239,2023-05-22,2023-06-20,nifty,week,call,ATMm10
2023-06-20_2023-07-20.json,8239,0,0,0,0,0,1,5786,2949,8239,2023-06-20,2023-07-20,nifty,week,call,ATMm10
2023-07-20_2023-08-19.json,7854,0,0,0,0,0,3,5218,3487,7854,2023-07-20,2023-08-18,nifty,week,call,ATMm10
2023-08-19_2023-09-18.json,7863,2,0,0,0,0,0,5964,3529,7861,2023-08-21,2023-09-18,nifty,week,call,ATMm10
2023-09-18_2023-10-18.json,7852,0,0,0,0,0,0,4509,4122,7852,2023-09-18,2023-10-18,nifty,week,call,ATMm10
2023-10-18_2023-11-17.json,7877,29,0,0,0,0,1,4896,4377,7848,2023-10-18,2023-11-17,nifty,week,call,ATMm10
2023-11-17_2023-12-17.json,7479,1,0,0,0,0,1,1558,2367,7478,2023-11-17,2023-12-15,nifty,week,call,ATMm10
2023-12-17_2024-01-16.json,7869,0,0,0,0,0,11,2841,2844,7869,2023-12-18,2024-01-16,nifty,week,call,ATMm10
2024-01-16_2024-02-15.json,8096,0,0,0,0,0,1,2857,2439,8096,2024-01-16,2024-02-15,nifty,week,call,ATMm10
2024-02-15_2024-03-16.json,7958,3,0,0,0,0,3,3188,2468,7955,2024-02-15,2024-03-15,nifty,week,call,ATMm10
2024-03-16_2024-04-15.json,6717,0,0,0,0,0,2,2328,2545,6717,2024-03-18,2024-04-15,nifty,week,call,ATMm10
2024-04-15_2024-05-15.json,7869,0,0,0,0,0,0,3011,2075,7869,2024-04-15,2024-05-15,nifty,week,call,ATMm10
2024-05-15_2024-06-14.json,8621,0,0,0,0,0,0,3693,1497,8621,2024-05-15,2024-06-14,nifty,week,call,ATMm10
2024-06-14_2024-07-14.json,7499,0,0,0,0,0,0,3676,1295,7499,2024-06-14,2024-07-12,nifty,week,call,ATMm10
2024-07-14_2024-08-13.json,7873,2,0,0,0,0,0,2834,942,7871,2024-07-15,2024-08-13,nifty,week,call,ATMm10
2024-08-13_2024-09-12.json,8248,0,0,0,0,0,1,5554,1409,8248,2024-08-13,2024-09-12,nifty,week,call,ATMm10
2024-09-12_2024-10-12.json,7860,0,0,0,0,0,2,3596,1430,7860,2024-09-12,2024-10-11,nifty,week,call,ATMm10
2024-10-12_2024-11-11.json,7548,51,0,0,0,0,2,3508,2040,7497,2024-10-14,2024-11-11,nifty,week,call,ATMm10
2024-11-11_2024-12-11.json,7874,0,0,0,0,0,0,3605,1222,7874,2024-11-11,2024-12-11,nifty,week,call,ATMm10
2024-12-11_2025-01-10.json,8239,0,0,0,0,0,2,2689,2424,8239,2024-12-11,2025-01-10,nifty,week,call,ATMm10
2025-01-10_2025-02-09.json,8244,0,0,0,0,0,0,1976,2274,8244,2025-01-10,2025-02-07,nifty,week,call,ATMm10
2025-02-09_2025-03-11.json,7859,0,0,0,0,0,0,1871,2709,7859,2025-02-10,2025-03-11,nifty,week,call,ATMm10
2025-03-11_2025-04-10.json,7498,1,0,0,0,0,0,2549,1413,7497,2025-03-11,2025-04-09,nifty,week,call,ATMm10
2025-04-10_2025-05-10.json,6749,0,0,0,0,0,1,2658,1208,6749,2025-04-11,2025-05-09,nifty,week,call,ATMm10
2025-05-10_2025-06-09.json,7872,0,0,0,0,0,0,2202,1228,7872,2025-05-12,2025-06-09,nifty,week,call,ATMm10
2025-06-09_2025-07-09.json,8620,0,0,0,0,0,1,2998,1862,8620,2025-06-09,2025-07-09,nifty,week,call,ATMm10
2025-07-09_2025-08-08.json,8608,0,0,0,0,0,1,2547,3535,8608,2025-07-09,2025-08-08,nifty,week,call,ATMm10
2025-08-08_2025-09-07.json,7123,0,0,0,0,0,0,2935,2148,7123,2025-08-08,2025-09-05,nifty,week,call,ATMm10
2025-09-07_2025-10-07.json,7866,0,0,0,0,0,0,1607,2306,7866,2025-09-08,2025-10-07,nifty,week,call,ATMm10
2025-10-07_2025-11-06.json,7601,0,0,0,0,0,0,1441,1692,7601,2025-10-07,2025-11-06,nifty,week,call,ATMm10
2025-11-06_2025-12-06.json,8244,0,0,0,0,0,0,2972,1692,8244,2025-11-06,2025-12-05,nifty,week,call,ATMm10
2025-12-06_2026-01-05.json,7490,0,0,0,0,0,0,4577,2354,7490,2025-12-08,2026-01-05,nifty,week,call,ATMm10
2026-01-05_2026-02-04.json,8249,0,0,0,0,0,0,2422,1584,8249,2026-01-05,2026-02-04,nifty,week,call,ATMm10
2026-02-04_2026-03-06.json,8250,0,0,0,0,0,1,2932,1387,8250,2026-02-04,2026-03-06,nifty,week,call,ATMm10
2026-03-06_2026-04-05.json,6744,0,0,0,0,0,0,885,570,6744,2026-03-06,2026-04-02,nifty,week,call,ATMm10
2026-04-05_2026-04-30.json,6715,0,0,0,0,0,1,1821,513,6715,2026-04-06,2026-04-30,nifty,week,call,ATMm10
2021-01-01_2021-01-31.json,7500,0,0,0,0,0,1,394,8,7500,2021-01-01,2021-01-29,nifty,week,call,ATMm2
2021-01-31_2021-03-02.json,8250,0,0,0,0,0,1,443,235,8250,2021-02-01,2021-03-02,nifty,week,call,ATMm2
2021-03-02_2021-04-01.json,7865,0,0,0,0,0,4,189,5,7865,2021-03-02,2021-04-01,nifty,week,call,ATMm2
2021-04-01_2021-05-01.json,7125,0,0,0,0,0,3,202,1,7125,2021-04-01,2021-04-30,nifty,week,call,ATMm2
2021-05-01_2021-05-31.json,7500,0,0,0,0,0,0,240,1,7500,2021-05-03,2021-05-31,nifty,week,call,ATMm2
2021-05-31_2021-06-30.json,8625,0,0,0,0,0,2,344,0,8625,2021-05-31,2021-06-30,nifty,week,call,ATMm2
2021-06-30_2021-07-30.json,8250,0,0,0,0,0,0,941,1,8250,2021-06-30,2021-07-30,nifty,week,call,ATMm2
2021-07-30_2021-08-29.json,7506,6,0,0,0,0,2,902,0,7500,2021-07-30,2021-08-27,nifty,week,call,ATMm2
2021-08-29_2021-09-28.json,7886,11,0,0,0,0,0,650,0,7875,2021-08-30,2021-09-28,nifty,week,call,ATMm2
2021-09-28_2021-10-28.json,8266,16,0,0,0,0,9,355,0,8250,2021-09-28,2021-10-28,nifty,week,call,ATMm2
2021-10-28_2021-11-27.json,7195,70,0,0,0,0,5,180,0,7125,2021-10-28,2021-11-26,nifty,week,call,ATMm2
2021-11-27_2021-12-27.json,7890,15,0,0,0,0,3,183,0,7875,2021-11-29,2021-12-27,nifty,week,call,ATMm2
2021-12-27_2022-01-26.json,8263,13,0,0,0,0,1,247,0,8250,2021-12-27,2022-01-25,nifty,week,call,ATMm2
2022-01-26_2022-02-25.json,8263,13,0,0,0,0,14,185,1,8250,2022-01-27,2022-02-25,nifty,week,call,ATMm2
2022-02-25_2022-03-27.json,7138,13,0,0,0,0,2,94,3,7125,2022-02-25,2022-03-25,nifty,week,call,ATMm2
2022-03-27_2022-04-26.json,7511,11,0,0,0,0,0,170,0,7500,2022-03-28,2022-04-26,nifty,week,call,ATMm2
2022-04-26_2022-05-26.json,8264,14,0,0,0,0,1,402,0,8250,2022-04-26,2022-05-26,nifty,week,call,ATMm2
2022-05-26_2022-06-25.json,8252,2,0,0,0,0,0,408,0,8250,2022-05-26,2022-06-24,nifty,week,call,ATMm2
2022-06-25_2022-07-25.json,7875,0,0,0,0,0,3,480,0,7875,2022-06-27,2022-07-25,nifty,week,call,ATMm2
2022-07-25_2022-08-24.json,7875,0,0,0,0,0,0,145,0,7875,2022-07-25,2022-08-24,nifty,week,call,ATMm2
2022-08-24_2022-09-23.json,8250,0,0,0,0,0,0,113,1,8250,2022-08-24,2022-09-23,nifty,week,call,ATMm2
2022-09-23_2022-10-23.json,7500,0,0,0,0,0,0,502,0,7500,2022-09-23,2022-10-21,nifty,week,call,ATMm2
2022-10-23_2022-11-22.json,7185,60,0,0,0,0,5,80,2,7125,2022-10-25,2022-11-22,nifty,week,call,ATMm2
2022-11-22_2022-12-22.json,8625,0,0,0,0,0,3,277,1,8625,2022-11-22,2022-12-22,nifty,week,call,ATMm2
2022-12-22_2023-01-21.json,8250,0,0,0,0,0,2,176,1,8250,2022-12-22,2023-01-20,nifty,week,call,ATMm2
2023-01-21_2023-02-20.json,7500,0,0,0,0,0,0,78,1,7500,2023-01-23,2023-02-20,nifty,week,call,ATMm2
2023-02-20_2023-03-22.json,8250,0,0,0,0,0,1,182,0,8250,2023-02-20,2023-03-22,nifty,week,call,ATMm2
2023-03-22_2023-04-21.json,7125,0,0,0,0,0,0,297,1,7125,2023-03-22,2023-04-21,nifty,week,call,ATMm2
2023-04-21_2023-05-21.json,7509,9,0,0,0,0,0,239,2,7500,2023-04-21,2023-05-19,nifty,week,call,ATMm2
2023-05-21_2023-06-20.json,8266,16,0,0,0,0,0,303,0,8250,2023-05-22,2023-06-20,nifty,week,call,ATMm2
2023-06-20_2023-07-20.json,8263,13,0,0,0,0,0,550,0,8250,2023-06-20,2023-07-20,nifty,week,call,ATMm2
2023-07-20_2023-08-19.json,7886,11,0,0,0,0,0,300,0,7875,2023-07-20,2023-08-18,nifty,week,call,ATMm2
2023-08-19_2023-09-18.json,7894,19,0,0,0,0,1,1997,0,7875,2023-08-21,2023-09-18,nifty,week,call,ATMm2
2023-09-18_2023-10-18.json,7888,13,0,0,0,0,0,989,0,7875,2023-09-18,2023-10-18,nifty,week,call,ATMm2
2023-10-18_2023-11-17.json,7952,77,0,0,0,0,4,859,0,7875,2023-10-18,2023-11-17,nifty,week,call,ATMm2
2023-11-17_2023-12-17.json,7518,18,0,0,0,0,0,779,0,7500,2023-11-17,2023-12-15,nifty,week,call,ATMm2
2023-12-17_2024-01-16.json,7889,14,0,0,0,0,0,548,0,7875,2023-12-18,2024-01-16,nifty,week,call,ATMm2
2024-01-16_2024-02-15.json,8268,18,0,0,0,0,0,578,0,8250,2024-01-16,2024-02-15,nifty,week,call,ATMm2
2024-02-15_2024-03-16.json,7999,17,0,0,0,0,1,396,1,7982,2024-02-15,2024-03-15,nifty,week,call,ATMm2
2024-03-16_2024-04-15.json,6762,12,0,0,0,0,1,517,0,6750,2024-03-18,2024-04-15,nifty,week,call,ATMm2
2024-04-15_2024-05-15.json,7880,5,0,0,0,0,0,192,0,7875,2024-04-15,2024-05-15,nifty,week,call,ATMm2
2024-05-15_2024-06-14.json,8635,10,0,0,0,0,1,327,269,8625,2024-05-15,2024-06-14,nifty,week,call,ATMm2
2024-06-14_2024-07-14.json,7505,5,0,0,0,0,0,548,0,7500,2024-06-14,2024-07-12,nifty,week,call,ATMm2
2024-07-14_2024-08-13.json,7882,7,0,0,0,0,5,151,0,7875,2024-07-15,2024-08-13,nifty,week,call,ATMm2
2024-08-13_2024-09-12.json,8258,8,0,0,0,0,6,853,0,8250,2024-08-13,2024-09-12,nifty,week,call,ATMm2
2024-09-12_2024-10-12.json,7883,8,0,0,0,0,8,377,0,7875,2024-09-12,2024-10-11,nifty,week,call,ATMm2
2024-10-12_2024-11-11.json,7571,71,0,0,0,0,0,477,0,7500,2024-10-14,2024-11-11,nifty,week,call,ATMm2
2024-11-11_2024-12-11.json,7878,3,0,0,0,0,0,576,0,7875,2024-11-11,2024-12-11,nifty,week,call,ATMm2
2024-12-11_2025-01-10.json,8254,4,0,0,0,0,0,475,0,8250,2024-12-11,2025-01-10,nifty,week,call,ATMm2
2025-01-10_2025-02-09.json,8252,2,0,0,0,0,1,832,0,8250,2025-01-10,2025-02-07,nifty,week,call,ATMm2
2025-02-09_2025-03-11.json,7878,3,0,0,0,0,3,192,0,7875,2025-02-10,2025-03-11,nifty,week,call,ATMm2
2025-03-11_2025-04-10.json,7501,4,0,0,0,0,0,731,0,7497,2025-03-11,2025-04-09,nifty,week,call,ATMm2
2025-04-10_2025-05-10.json,6750,0,0,0,0,0,12,680,0,6750,2025-04-11,2025-05-09,nifty,week,call,ATMm2
2025-05-10_2025-06-09.json,7878,3,0,0,0,0,1,554,0,7875,2025-05-12,2025-06-09,nifty,week,call,ATMm2
2025-06-09_2025-07-09.json,8625,0,0,0,0,0,6,266,0,8625,2025-06-09,2025-07-09,nifty,week,call,ATMm2
2025-07-09_2025-08-08.json,8625,0,0,0,0,0,1,154,4,8625,2025-07-09,2025-08-08,nifty,week,call,ATMm2
2025-08-08_2025-09-07.json,7125,0,0,0,0,0,0,330,12,7125,2025-08-08,2025-09-05,nifty,week,call,ATMm2
2025-09-07_2025-10-07.json,7875,0,0,0,0,0,0,272,13,7875,2025-09-08,2025-10-07,nifty,week,call,ATMm2
2025-10-07_2025-11-06.json,7605,0,0,0,0,0,0,226,64,7605,2025-10-07,2025-11-06,nifty,week,call,ATMm2
2025-11-06_2025-12-06.json,8250,0,0,0,0,0,0,282,11,8250,2025-11-06,2025-12-05,nifty,week,call,ATMm2
2025-12-06_2026-01-05.json,7500,0,0,0,0,0,0,406,0,7500,2025-12-08,2026-01-05,nifty,week,call,ATMm2
2026-01-05_2026-02-04.json,8250,0,0,0,0,0,0,255,0,8250,2026-01-05,2026-02-04,nifty,week,call,ATMm2
2026-02-04_2026-03-06.json,8250,0,0,0,0,0,0,300,0,8250,2026-02-04,2026-03-06,nifty,week,call,ATMm2
2026-03-06_2026-04-05.json,6746,0,0,0,0,0,0,120,0,6746,2026-03-06,2026-04-02,nifty,week,call,ATMm2
2026-04-05_2026-04-30.json,6716,0,0,0,0,0,0,232,2,6716,2026-04-06,2026-04-30,nifty,week,call,ATMm2
2021-01-01_2021-01-31.json,7500,0,0,0,0,0,0,702,73,7500,2021-01-01,2021-01-29,nifty,week,call,ATMm3
2021-01-31_2021-03-02.json,8250,0,0,0,0,0,0,670,296,8250,2021-02-01,2021-03-02,nifty,week,call,ATMm3
2021-03-02_2021-04-01.json,7875,0,0,0,0,0,0,274,74,7875,2021-03-02,2021-04-01,nifty,week,call,ATMm3
2021-04-01_2021-05-01.json,7125,0,0,0,0,0,0,338,57,7125,2021-04-01,2021-04-30,nifty,week,call,ATMm3
2021-05-01_2021-05-31.json,7500,0,0,0,0,0,0,439,10,7500,2021-05-03,2021-05-31,nifty,week,call,ATMm3
2021-05-31_2021-06-30.json,8625,0,0,0,0,0,0,923,10,8625,2021-05-31,2021-06-30,nifty,week,call,ATMm3
2021-06-30_2021-07-30.json,8250,0,0,0,0,0,1,2569,7,8250,2021-06-30,2021-07-30,nifty,week,call,ATMm3
2021-07-30_2021-08-29.json,7503,3,0,0,0,0,0,2218,1,7500,2021-07-30,2021-08-27,nifty,week,call,ATMm3
2021-08-29_2021-09-28.json,7885,10,0,0,0,0,1,1210,1,7875,2021-08-30,2021-09-28,nifty,week,call,ATMm3
2021-09-28_2021-10-28.json,8261,11,0,0,0,0,3,524,3,8250,2021-09-28,2021-10-28,nifty,week,call,ATMm3
2021-10-28_2021-11-27.json,7190,65,0,0,0,0,3,323,2,7125,2021-10-28,2021-11-26,nifty,week,call,ATMm3
2021-11-27_2021-12-27.json,7878,3,0,0,0,0,0,274,0,7875,2021-11-29,2021-12-27,nifty,week,call,ATMm3
2021-12-27_2022-01-26.json,8261,11,0,0,0,0,0,487,1,8250,2021-12-27,2022-01-25,nifty,week,call,ATMm3
2022-01-26_2022-02-25.json,8259,9,0,0,0,0,4,380,2,8250,2022-01-27,2022-02-25,nifty,week,call,ATMm3
2022-02-25_2022-03-27.json,7133,8,0,0,0,0,0,158,6,7125,2022-02-25,2022-03-25,nifty,week,call,ATMm3
2022-03-27_2022-04-26.json,7509,9,0,0,0,0,0,247,3,7500,2022-03-28,2022-04-26,nifty,week,call,ATMm3
2022-04-26_2022-05-26.json,8260,10,0,0,0,0,0,708,0,8250,2022-04-26,2022-05-26,nifty,week,call,ATMm3
2022-05-26_2022-06-25.json,8251,1,0,0,0,0,0,761,1,8250,2022-05-26,2022-06-24,nifty,week,call,ATMm3
2022-06-25_2022-07-25.json,7875,0,0,0,0,0,1,936,0,7875,2022-06-27,2022-07-25,nifty,week,call,ATMm3
2022-07-25_2022-08-24.json,7875,0,0,0,0,0,0,307,0,7875,2022-07-25,2022-08-24,nifty,week,call,ATMm3
2022-08-24_2022-09-23.json,8250,0,0,0,0,0,1,252,1,8250,2022-08-24,2022-09-23,nifty,week,call,ATMm3
2022-09-23_2022-10-23.json,7500,0,0,0,0,0,2,836,0,7500,2022-09-23,2022-10-21,nifty,week,call,ATMm3
2022-10-23_2022-11-22.json,7185,60,0,0,0,0,0,137,2,7125,2022-10-25,2022-11-22,nifty,week,call,ATMm3
2022-11-22_2022-12-22.json,8625,0,0,0,0,0,1,373,1,8625,2022-11-22,2022-12-22,nifty,week,call,ATMm3
2022-12-22_2023-01-21.json,8250,0,0,0,0,0,0,345,1,8250,2022-12-22,2023-01-20,nifty,week,call,ATMm3
2023-01-21_2023-02-20.json,7500,0,0,0,0,0,0,110,2,7500,2023-01-23,2023-02-20,nifty,week,call,ATMm3
2023-02-20_2023-03-22.json,8250,0,0,0,0,0,0,425,0,8250,2023-02-20,2023-03-22,nifty,week,call,ATMm3
2023-03-22_2023-04-21.json,7125,0,0,0,0,0,0,607,2,7125,2023-03-22,2023-04-21,nifty,week,call,ATMm3
2023-04-21_2023-05-21.json,7503,3,0,0,0,0,0,404,3,7500,2023-04-21,2023-05-19,nifty,week,call,ATMm3
2023-05-21_2023-06-20.json,8259,9,0,0,0,0,1,531,0,8250,2023-05-22,2023-06-20,nifty,week,call,ATMm3
2023-06-20_2023-07-20.json,8260,10,0,0,0,0,0,1225,0,8250,2023-06-20,2023-07-20,nifty,week,call,ATMm3
2023-07-20_2023-08-19.json,7883,8,0,0,0,0,0,838,0,7875,2023-07-20,2023-08-18,nifty,week,call,ATMm3
2023-08-19_2023-09-18.json,7886,11,0,0,0,0,3,3143,0,7875,2023-08-21,2023-09-18,nifty,week,call,ATMm3
2023-09-18_2023-10-18.json,7885,10,0,0,0,0,4,1233,0,7875,2023-09-18,2023-10-18,nifty,week,call,ATMm3
2023-10-18_2023-11-17.json,7947,72,0,0,0,0,0,1528,0,7875,2023-10-18,2023-11-17,nifty,week,call,ATMm3
2023-11-17_2023-12-17.json,7509,9,0,0,0,0,0,905,0,7500,2023-11-17,2023-12-15,nifty,week,call,ATMm3
2023-12-17_2024-01-16.json,7887,12,0,0,0,0,0,657,0,7875,2023-12-18,2024-01-16,nifty,week,call,ATMm3
2024-01-16_2024-02-15.json,8265,15,0,0,0,0,0,712,0,8250,2024-01-16,2024-02-15,nifty,week,call,ATMm3
2024-02-15_2024-03-16.json,7993,11,0,0,0,0,1,577,2,7982,2024-02-15,2024-03-15,nifty,week,call,ATMm3
2024-03-16_2024-04-15.json,6755,5,0,0,0,0,1,827,0,6750,2024-03-18,2024-04-15,nifty,week,call,ATMm3
2024-04-15_2024-05-15.json,7880,5,0,0,0,0,0,458,0,7875,2024-04-15,2024-05-15,nifty,week,call,ATMm3
2024-05-15_2024-06-14.json,8634,9,0,0,0,0,1,658,269,8625,2024-05-15,2024-06-14,nifty,week,call,ATMm3
2024-06-14_2024-07-14.json,7503,3,0,0,0,0,0,719,0,7500,2024-06-14,2024-07-12,nifty,week,call,ATMm3
2024-07-14_2024-08-13.json,7882,7,0,0,0,0,4,277,0,7875,2024-07-15,2024-08-13,nifty,week,call,ATMm3
2024-08-13_2024-09-12.json,8258,8,0,0,0,0,4,1531,0,8250,2024-08-13,2024-09-12,nifty,week,call,ATMm3
2024-09-12_2024-10-12.json,7881,6,0,0,0,0,4,700,0,7875,2024-09-12,2024-10-11,nifty,week,call,ATMm3
2024-10-12_2024-11-11.json,7566,66,0,0,0,0,1,648,0,7500,2024-10-14,2024-11-11,nifty,week,call,ATMm3
2024-11-11_2024-12-11.json,7877,2,0,0,0,0,0,656,0,7875,2024-11-11,2024-12-11,nifty,week,call,ATMm3
2024-12-11_2025-01-10.json,8253,3,0,0,0,0,0,779,0,8250,2024-12-11,2025-01-10,nifty,week,call,ATMm3
2025-01-10_2025-02-09.json,8252,2,0,0,0,0,0,1110,0,8250,2025-01-10,2025-02-07,nifty,week,call,ATMm3
2025-02-09_2025-03-11.json,7878,3,0,0,0,0,0,361,0,7875,2025-02-10,2025-03-11,nifty,week,call,ATMm3
2025-03-11_2025-04-10.json,7502,2,0,0,0,0,0,841,0,7500,2025-03-11,2025-04-09,nifty,week,call,ATMm3
2025-04-10_2025-05-10.json,6750,0,0,0,0,0,9,1149,0,6750,2025-04-11,2025-05-09,nifty,week,call,ATMm3
2025-05-10_2025-06-09.json,7876,1,0,0,0,0,0,806,0,7875,2025-05-12,2025-06-09,nifty,week,call,ATMm3
2025-06-09_2025-07-09.json,8625,0,0,0,0,0,0,540,0,8625,2025-06-09,2025-07-09,nifty,week,call,ATMm3
2025-07-09_2025-08-08.json,8625,0,0,0,0,0,0,299,0,8625,2025-07-09,2025-08-08,nifty,week,call,ATMm3
2025-08-08_2025-09-07.json,7125,0,0,0,0,0,0,569,5,7125,2025-08-08,2025-09-05,nifty,week,call,ATMm3
2025-09-07_2025-10-07.json,7875,0,0,0,0,0,0,345,16,7875,2025-09-08,2025-10-07,nifty,week,call,ATMm3
2025-10-07_2025-11-06.json,7605,0,0,0,0,0,0,358,63,7605,2025-10-07,2025-11-06,nifty,week,call,ATMm3
2025-11-06_2025-12-06.json,8250,0,0,0,0,0,0,419,9,8250,2025-11-06,2025-12-05,nifty,week,call,ATMm3
2025-12-06_2026-01-05.json,7500,0,0,0,0,0,0,919,0,7500,2025-12-08,2026-01-05,nifty,week,call,ATMm3
2026-01-05_2026-02-04.json,8250,0,0,0,0,0,0,406,0,8250,2026-01-05,2026-02-04,nifty,week,call,ATMm3
2026-02-04_2026-03-06.json,8250,0,0,0,0,0,0,592,0,8250,2026-02-04,2026-03-06,nifty,week,call,ATMm3
2026-03-06_2026-04-05.json,6746,0,0,0,0,0,0,178,0,6746,2026-03-06,2026-04-02,nifty,week,call,ATMm3
2026-04-05_2026-04-30.json,6716,0,0,0,0,0,0,371,2,6716,2026-04-06,2026-04-30,nifty,week,call,ATMm3
2021-01-01_2021-01-31.json,7500,0,0,0,0,0,0,907,413,7500,2021-01-01,2021-01-29,nifty,week,call,ATMm4
2021-01-31_2021-03-02.json,8250,0,0,0,0,0,2,951,418,8250,2021-02-01,2021-03-02,nifty,week,call,ATMm4
2021-03-02_2021-04-01.json,7874,0,0,0,0,0,0,387,210,7874,2021-03-02,2021-04-01,nifty,week,call,ATMm4
2021-04-01_2021-05-01.json,7124,0,0,0,0,0,0,541,245,7124,2021-04-01,2021-04-30,nifty,week,call,ATMm4
2021-05-01_2021-05-31.json,7500,0,0,0,0,0,1,610,146,7500,2021-05-03,2021-05-31,nifty,week,call,ATMm4
2021-05-31_2021-06-30.json,8625,0,0,0,0,0,0,1937,170,8625,2021-05-31,2021-06-30,nifty,week,call,ATMm4
2021-06-30_2021-07-30.json,8250,0,0,0,0,0,1,5000,132,8250,2021-06-30,2021-07-30,nifty,week,call,ATMm4
2021-07-30_2021-08-29.json,7503,3,0,0,0,0,2,4867,58,7500,2021-07-30,2021-08-27,nifty,week,call,ATMm4
2021-08-29_2021-09-28.json,7880,5,0,0,0,0,0,1964,31,7875,2021-08-30,2021-09-28,nifty,week,call,ATMm4
2021-09-28_2021-10-28.json,8254,4,0,0,0,0,1,756,19,8250,2021-09-28,2021-10-28,nifty,week,call,ATMm4
2021-10-28_2021-11-27.json,7188,63,0,0,0,0,0,539,49,7125,2021-10-28,2021-11-26,nifty,week,call,ATMm4
2021-11-27_2021-12-27.json,7885,10,0,0,0,0,0,405,40,7875,2021-11-29,2021-12-27,nifty,week,call,ATMm4
2021-12-27_2022-01-26.json,8258,8,0,0,0,0,1,672,23,8250,2021-12-27,2022-01-25,nifty,week,call,ATMm4
2022-01-26_2022-02-25.json,8255,5,0,0,0,0,0,616,13,8250,2022-01-27,2022-02-25,nifty,week,call,ATMm4
2022-02-25_2022-03-27.json,7133,8,0,0,0,0,0,243,19,7125,2022-02-25,2022-03-25,nifty,week,call,ATMm4
2022-03-27_2022-04-26.json,7511,11,0,0,0,0,0,381,26,7500,2022-03-28,2022-04-26,nifty,week,call,ATMm4
2022-04-26_2022-05-26.json,8258,8,0,0,0,0,1,954,6,8250,2022-04-26,2022-05-26,nifty,week,call,ATMm4
2022-05-26_2022-06-25.json,8251,1,0,0,0,0,1,1124,15,8250,2022-05-26,2022-06-24,nifty,week,call,ATMm4
2022-06-25_2022-07-25.json,7875,0,0,0,0,0,0,1524,6,7875,2022-06-27,2022-07-25,nifty,week,call,ATMm4
2022-07-25_2022-08-24.json,7875,0,0,0,0,0,0,436,6,7875,2022-07-25,2022-08-24,nifty,week,call,ATMm4
2022-08-24_2022-09-23.json,8250,0,0,0,0,0,0,411,3,8250,2022-08-24,2022-09-23,nifty,week,call,ATMm4
2022-09-23_2022-10-23.json,7500,0,0,0,0,0,0,1109,5,7500,2022-09-23,2022-10-21,nifty,week,call,ATMm4
2022-10-23_2022-11-22.json,7185,60,0,0,0,0,0,293,18,7125,2022-10-25,2022-11-22,nifty,week,call,ATMm4
2022-11-22_2022-12-22.json,8625,0,0,0,0,0,0,434,10,8625,2022-11-22,2022-12-22,nifty,week,call,ATMm4
2022-12-22_2023-01-21.json,8250,0,0,0,0,0,1,489,4,8250,2022-12-22,2023-01-20,nifty,week,call,ATMm4
2023-01-21_2023-02-20.json,7500,0,0,0,0,0,0,196,4,7500,2023-01-23,2023-02-20,nifty,week,call,ATMm4
2023-02-20_2023-03-22.json,8250,0,0,0,0,0,0,928,6,8250,2023-02-20,2023-03-22,nifty,week,call,ATMm4
2023-03-22_2023-04-21.json,7125,0,0,0,0,0,0,936,3,7125,2023-03-22,2023-04-21,nifty,week,call,ATMm4
2023-04-21_2023-05-21.json,7504,4,0,0,0,0,0,613,2,7500,2023-04-21,2023-05-19,nifty,week,call,ATMm4
2023-05-21_2023-06-20.json,8260,10,0,0,0,0,0,699,8,8250,2023-05-22,2023-06-20,nifty,week,call,ATMm4
2023-06-20_2023-07-20.json,8259,9,0,0,0,0,1,2036,1,8250,2023-06-20,2023-07-20,nifty,week,call,ATMm4
2023-07-20_2023-08-19.json,7880,5,0,0,0,0,0,1779,3,7875,2023-07-20,2023-08-18,nifty,week,call,ATMm4
2023-08-19_2023-09-18.json,7881,6,0,0,0,0,0,4111,0,7875,2023-08-21,2023-09-18,nifty,week,call,ATMm4
2023-09-18_2023-10-18.json,7881,6,0,0,0,0,0,1659,1,7875,2023-09-18,2023-10-18,nifty,week,call,ATMm4
2023-10-18_2023-11-17.json,7942,67,0,0,0,0,4,2464,3,7875,2023-10-18,2023-11-17,nifty,week,call,ATMm4
2023-11-17_2023-12-17.json,7506,6,0,0,0,0,0,942,4,7500,2023-11-17,2023-12-15,nifty,week,call,ATMm4
2023-12-17_2024-01-16.json,7885,10,0,0,0,0,2,799,1,7875,2023-12-18,2024-01-16,nifty,week,call,ATMm4
2024-01-16_2024-02-15.json,8260,10,0,0,0,0,0,845,2,8250,2024-01-16,2024-02-15,nifty,week,call,ATMm4
2024-02-15_2024-03-16.json,7994,12,0,0,0,0,0,711,6,7982,2024-02-15,2024-03-15,nifty,week,call,ATMm4
2024-03-16_2024-04-15.json,6756,6,0,0,0,0,1,1006,3,6750,2024-03-18,2024-04-15,nifty,week,call,ATMm4
2024-04-15_2024-05-15.json,7878,3,0,0,0,0,0,709,0,7875,2024-04-15,2024-05-15,nifty,week,call,ATMm4
2024-05-15_2024-06-14.json,8631,6,0,0,0,0,0,1159,270,8625,2024-05-15,2024-06-14,nifty,week,call,ATMm4
2024-06-14_2024-07-14.json,7505,5,0,0,0,0,0,1020,0,7500,2024-06-14,2024-07-12,nifty,week,call,ATMm4
2024-07-14_2024-08-13.json,7879,4,0,0,0,0,2,467,0,7875,2024-07-15,2024-08-13,nifty,week,call,ATMm4
2024-08-13_2024-09-12.json,8254,4,0,0,0,0,2,2219,0,8250,2024-08-13,2024-09-12,nifty,week,call,ATMm4
2024-09-12_2024-10-12.json,7881,6,0,0,0,0,2,949,1,7875,2024-09-12,2024-10-11,nifty,week,call,ATMm4
2024-10-12_2024-11-11.json,7566,66,0,0,0,0,0,888,1,7500,2024-10-14,2024-11-11,nifty,week,call,ATMm4
2024-11-11_2024-12-11.json,7876,1,0,0,0,0,1,751,0,7875,2024-11-11,2024-12-11,nifty,week,call,ATMm4
2024-12-11_2025-01-10.json,8253,3,0,0,0,0,0,972,0,8250,2024-12-11,2025-01-10,nifty,week,call,ATMm4
2025-01-10_2025-02-09.json,8251,1,0,0,0,0,1,1296,0,8250,2025-01-10,2025-02-07,nifty,week,call,ATMm4
2025-02-09_2025-03-11.json,7876,1,0,0,0,0,0,455,1,7875,2025-02-10,2025-03-11,nifty,week,call,ATMm4
2025-03-11_2025-04-10.json,7500,2,0,0,0,0,1,995,0,7498,2025-03-11,2025-04-09,nifty,week,call,ATMm4
2025-04-10_2025-05-10.json,6750,0,0,0,0,0,2,1458,0,6750,2025-04-11,2025-05-09,nifty,week,call,ATMm4
2025-05-10_2025-06-09.json,7877,2,0,0,0,0,0,1038,1,7875,2025-05-12,2025-06-09,nifty,week,call,ATMm4
2025-06-09_2025-07-09.json,8625,0,0,0,0,0,1,721,0,8625,2025-06-09,2025-07-09,nifty,week,call,ATMm4
2025-07-09_2025-08-08.json,8625,0,0,0,0,0,0,464,5,8625,2025-07-09,2025-08-08,nifty,week,call,ATMm4
2025-08-08_2025-09-07.json,7125,0,0,0,0,0,0,908,13,7125,2025-08-08,2025-09-05,nifty,week,call,ATMm4
2025-09-07_2025-10-07.json,7875,0,0,0,0,0,0,388,11,7875,2025-09-08,2025-10-07,nifty,week,call,ATMm4
2025-10-07_2025-11-06.json,7605,0,0,0,0,0,0,490,62,7605,2025-10-07,2025-11-06,nifty,week,call,ATMm4
2025-11-06_2025-12-06.json,8250,0,0,0,0,0,0,532,11,8250,2025-11-06,2025-12-05,nifty,week,call,ATMm4
2025-12-06_2026-01-05.json,7500,0,0,0,0,0,0,1884,0,7500,2025-12-08,2026-01-05,nifty,week,call,ATMm4
2026-01-05_2026-02-04.json,8250,0,0,0,0,0,0,612,0,8250,2026-01-05,2026-02-04,nifty,week,call,ATMm4
2026-02-04_2026-03-06.json,8250,0,0,0,0,0,0,781,0,8250,2026-02-04,2026-03-06,nifty,week,call,ATMm4
2026-03-06_2026-04-05.json,6746,0,0,0,0,0,0,283,0,6746,2026-03-06,2026-04-02,nifty,week,call,ATMm4
2026-04-05_2026-04-30.json,6716,0,0,0,0,0,0,534,2,6716,2026-04-06,2026-04-30,nifty,week,call,ATMm4
2021-01-01_2021-01-31.json,7500,0,0,0,0,0,1,1143,1109,7500,2021-01-01,2021-01-29,nifty,week,call,ATMm5
2021-01-31_2021-03-02.json,8250,0,0,0,0,0,0,1184,1139,8250,2021-02-01,2021-03-02,nifty,week,call,ATMm5
2021-03-02_2021-04-01.json,7875,0,0,0,0,0,0,597,1071,7875,2021-03-02,2021-04-01,nifty,week,call,ATMm5
2021-04-01_2021-05-01.json,7125,0,0,0,0,0,0,842,788,7125,2021-04-01,2021-04-30,nifty,week,call,ATMm5
2021-05-01_2021-05-31.json,7500,0,0,0,0,0,0,1070,629,7500,2021-05-03,2021-05-31,nifty,week,call,ATMm5
2021-05-31_2021-06-30.json,8625,0,0,0,0,0,2,3524,925,8625,2021-05-31,2021-06-30,nifty,week,call,ATMm5
2021-06-30_2021-07-30.json,8250,0,0,0,0,0,1,6087,960,8250,2021-06-30,2021-07-30,nifty,week,call,ATMm5
2021-07-30_2021-08-29.json,7503,3,0,0,0,0,0,6349,248,7500,2021-07-30,2021-08-27,nifty,week,call,ATMm5
2021-08-29_2021-09-28.json,7878,3,0,0,0,0,1,2970,263,7875,2021-08-30,2021-09-28,nifty,week,call,ATMm5
2021-09-28_2021-10-28.json,8252,2,0,0,0,0,0,1099,250,8250,2021-09-28,2021-10-28,nifty,week,call,ATMm5
2021-10-28_2021-11-27.json,7183,59,0,0,0,0,0,754,304,7124,2021-10-28,2021-11-26,nifty,week,call,ATMm5
2021-11-27_2021-12-27.json,7876,2,0,0,0,0,1,554,195,7874,2021-11-29,2021-12-27,nifty,week,call,ATMm5
2021-12-27_2022-01-26.json,8257,7,0,0,0,0,0,856,255,8250,2021-12-27,2022-01-25,nifty,week,call,ATMm5
2022-01-26_2022-02-25.json,8256,6,0,0,0,0,0,837,144,8250,2022-01-27,2022-02-25,nifty,week,call,ATMm5
2022-02-25_2022-03-27.json,7132,7,0,0,0,0,0,388,111,7125,2022-02-25,2022-03-25,nifty,week,call,ATMm5
2022-03-27_2022-04-26.json,7506,6,0,0,0,0,0,478,148,7500,2022-03-28,2022-04-26,nifty,week,call,ATMm5
2022-04-26_2022-05-26.json,8254,4,0,0,0,0,0,1216,62,8250,2022-04-26,2022-05-26,nifty,week,call,ATMm5
2022-05-26_2022-06-25.json,8250,0,0,0,0,0,0,1465,111,8250,2022-05-26,2022-06-24,nifty,week,call,ATMm5
2022-06-25_2022-07-25.json,7875,0,0,0,0,0,0,2104,39,7875,2022-06-27,2022-07-25,nifty,week,call,ATMm5
2022-07-25_2022-08-24.json,7875,0,0,0,0,0,0,564,71,7875,2022-07-25,2022-08-24,nifty,week,call,ATMm5
2022-08-24_2022-09-23.json,8250,0,0,0,0,0,0,640,44,8250,2022-08-24,2022-09-23,nifty,week,call,ATMm5
2022-09-23_2022-10-23.json,7500,0,0,0,0,0,0,1628,26,7500,2022-09-23,2022-10-21,nifty,week,call,ATMm5
2022-10-23_2022-11-22.json,7185,60,0,0,0,0,0,522,109,7125,2022-10-25,2022-11-22,nifty,week,call,ATMm5
2022-11-22_2022-12-22.json,8625,0,0,0,0,0,0,520,104,8625,2022-11-22,2022-12-22,nifty,week,call,ATMm5
2022-12-22_2023-01-21.json,8250,0,0,0,0,0,0,586,53,8250,2022-12-22,2023-01-20,nifty,week,call,ATMm5
2023-01-21_2023-02-20.json,7500,0,0,0,0,0,1,576,60,7500,2023-01-23,2023-02-20,nifty,week,call,ATMm5
2023-02-20_2023-03-22.json,8250,0,0,0,0,0,0,1492,83,8250,2023-02-20,2023-03-22,nifty,week,call,ATMm5
2023-03-22_2023-04-21.json,7125,0,0,0,0,0,0,1502,25,7125,2023-03-22,2023-04-21,nifty,week,call,ATMm5
2023-04-21_2023-05-21.json,7502,2,0,0,0,0,0,1088,51,7500,2023-04-21,2023-05-19,nifty,week,call,ATMm5
2023-05-21_2023-06-20.json,8251,1,0,0,0,0,0,946,102,8250,2023-05-22,2023-06-20,nifty,week,call,ATMm5
2023-06-20_2023-07-20.json,8252,2,0,0,0,0,1,3324,40,8250,2023-06-20,2023-07-20,nifty,week,call,ATMm5
2023-07-20_2023-08-19.json,7875,0,0,0,0,0,2,2976,53,7875,2023-07-20,2023-08-18,nifty,week,call,ATMm5
2023-08-19_2023-09-18.json,7879,4,0,0,0,0,1,4772,12,7875,2023-08-21,2023-09-18,nifty,week,call,ATMm5
2023-09-18_2023-10-18.json,7880,5,0,0,0,0,0,2273,56,7875,2023-09-18,2023-10-18,nifty,week,call,ATMm5
2023-10-18_2023-11-17.json,7939,64,0,0,0,0,3,3059,55,7875,2023-10-18,2023-11-17,nifty,week,call,ATMm5
2023-11-17_2023-12-17.json,7505,5,0,0,0,0,2,997,124,7500,2023-11-17,2023-12-15,nifty,week,call,ATMm5
2023-12-17_2024-01-16.json,7883,8,0,0,0,0,2,979,36,7875,2023-12-18,2024-01-16,nifty,week,call,ATMm5
2024-01-16_2024-02-15.json,8254,9,0,0,0,0,1,1062,6,8245,2024-01-16,2024-02-15,nifty,week,call,ATMm5
2024-02-15_2024-03-16.json,7986,4,0,0,0,0,0,1020,23,7982,2024-02-15,2024-03-15,nifty,week,call,ATMm5
2024-03-16_2024-04-15.json,6755,5,0,0,0,0,2,1118,18,6750,2024-03-18,2024-04-15,nifty,week,call,ATMm5
2024-04-15_2024-05-15.json,7877,2,0,0,0,0,1,1024,5,7875,2024-04-15,2024-05-15,nifty,week,call,ATMm5
2024-05-15_2024-06-14.json,8627,2,0,0,0,0,1,1743,279,8625,2024-05-15,2024-06-14,nifty,week,call,ATMm5
2024-06-14_2024-07-14.json,7501,1,0,0,0,0,1,1459,6,7500,2024-06-14,2024-07-12,nifty,week,call,ATMm5
2024-07-14_2024-08-13.json,7880,5,0,0,0,0,0,800,1,7875,2024-07-15,2024-08-13,nifty,week,call,ATMm5
2024-08-13_2024-09-12.json,8253,3,0,0,0,0,2,2746,1,8250,2024-08-13,2024-09-12,nifty,week,call,ATMm5
2024-09-12_2024-10-12.json,7877,2,0,0,0,0,2,1278,4,7875,2024-09-12,2024-10-11,nifty,week,call,ATMm5
2024-10-12_2024-11-11.json,7566,66,0,0,0,0,3,1401,2,7500,2024-10-14,2024-11-11,nifty,week,call,ATMm5
2024-11-11_2024-12-11.json,7876,1,0,0,0,0,0,951,0,7875,2024-11-11,2024-12-11,nifty,week,call,ATMm5
2024-12-11_2025-01-10.json,8251,1,0,0,0,0,2,1172,4,8250,2024-12-11,2025-01-10,nifty,week,call,ATMm5
2025-01-10_2025-02-09.json,8251,1,0,0,0,0,0,1370,5,8250,2025-01-10,2025-02-07,nifty,week,call,ATMm5
2025-02-09_2025-03-11.json,7876,1,0,0,0,0,1,567,9,7875,2025-02-10,2025-03-11,nifty,week,call,ATMm5
2025-03-11_2025-04-10.json,7501,1,0,0,0,0,2,1400,1,7500,2025-03-11,2025-04-09,nifty,week,call,ATMm5
2025-04-10_2025-05-10.json,6750,0,0,0,0,0,1,1672,0,6750,2025-04-11,2025-05-09,nifty,week,call,ATMm5
2025-05-10_2025-06-09.json,7876,1,0,0,0,0,2,1233,0,7875,2025-05-12,2025-06-09,nifty,week,call,ATMm5
2025-06-09_2025-07-09.json,8625,0,0,0,0,0,0,887,0,8625,2025-06-09,2025-07-09,nifty,week,call,ATMm5
2025-07-09_2025-08-08.json,8625,0,0,0,0,0,0,568,5,8625,2025-07-09,2025-08-08,nifty,week,call,ATMm5
2025-08-08_2025-09-07.json,7125,0,0,0,0,0,0,1188,16,7125,2025-08-08,2025-09-05,nifty,week,call,ATMm5
2025-09-07_2025-10-07.json,7875,0,0,0,0,0,0,525,20,7875,2025-09-08,2025-10-07,nifty,week,call,ATMm5
2025-10-07_2025-11-06.json,7605,0,0,0,0,0,0,590,59,7605,2025-10-07,2025-11-06,nifty,week,call,ATMm5
2025-11-06_2025-12-06.json,8250,0,0,0,0,0,0,658,8,8250,2025-11-06,2025-12-05,nifty,week,call,ATMm5
2025-12-06_2026-01-05.json,7500,0,0,0,0,0,0,2757,3,7500,2025-12-08,2026-01-05,nifty,week,call,ATMm5
2026-01-05_2026-02-04.json,8250,0,0,0,0,0,0,874,2,8250,2026-01-05,2026-02-04,nifty,week,call,ATMm5
2026-02-04_2026-03-06.json,8250,0,0,0,0,0,0,954,1,8250,2026-02-04,2026-03-06,nifty,week,call,ATMm5
2026-03-06_2026-04-05.json,6746,0,0,0,0,0,0,411,1,6746,2026-03-06,2026-04-02,nifty,week,call,ATMm5
2026-04-05_2026-04-30.json,6717,0,0,0,0,0,0,714,2,6717,2026-04-06,2026-04-30,nifty,week,call,ATMm5
2021-01-01_2021-01-31.json,7498,0,0,0,0,0,0,1542,1866,7498,2021-01-01,2021-01-29,nifty,week,call,ATMm6
2021-01-31_2021-03-02.json,8249,0,0,0,0,0,0,1404,1598,8249,2021-02-01,2021-03-02,nifty,week,call,ATMm6
2021-03-02_2021-04-01.json,7875,0,0,0,0,0,0,771,1844,7875,2021-03-02,2021-04-01,nifty,week,call,ATMm6
2021-04-01_2021-05-01.json,7125,0,0,0,0,0,0,1066,1620,7125,2021-04-01,2021-04-30,nifty,week,call,ATMm6
2021-05-01_2021-05-31.json,7500,0,0,0,0,0,0,1590,1630,7500,2021-05-03,2021-05-31,nifty,week,call,ATMm6
2021-05-31_2021-06-30.json,8624,0,0,0,0,0,0,5032,1921,8624,2021-05-31,2021-06-30,nifty,week,call,ATMm6
2021-06-30_2021-07-30.json,8249,0,0,0,0,0,2,6485,2050,8249,2021-06-30,2021-07-30,nifty,week,call,ATMm6
2021-07-30_2021-08-29.json,7500,0,0,0,0,0,0,6838,1026,7500,2021-07-30,2021-08-27,nifty,week,call,ATMm6
2021-08-29_2021-09-28.json,7877,2,0,0,0,0,0,3862,947,7875,2021-08-30,2021-09-28,nifty,week,call,ATMm6
2021-09-28_2021-10-28.json,8252,2,0,0,0,0,0,1915,754,8250,2021-09-28,2021-10-28,nifty,week,call,ATMm6
2021-10-28_2021-11-27.json,7179,56,0,0,0,0,0,1139,1208,7123,2021-10-28,2021-11-26,nifty,week,call,ATMm6
2021-11-27_2021-12-27.json,7880,5,0,0,0,0,0,690,1121,7875,2021-11-29,2021-12-27,nifty,week,call,ATMm6
2021-12-27_2022-01-26.json,8253,3,0,0,0,0,0,1128,722,8250,2021-12-27,2022-01-25,nifty,week,call,ATMm6
2022-01-26_2022-02-25.json,8252,2,0,0,0,0,1,1065,554,8250,2022-01-27,2022-02-25,nifty,week,call,ATMm6
2022-02-25_2022-03-27.json,7127,2,0,0,0,0,0,512,434,7125,2022-02-25,2022-03-25,nifty,week,call,ATMm6
2022-03-27_2022-04-26.json,7505,5,0,0,0,0,0,625,454,7500,2022-03-28,2022-04-26,nifty,week,call,ATMm6
2022-04-26_2022-05-26.json,8254,6,0,0,0,0,0,1614,505,8248,2022-04-26,2022-05-26,nifty,week,call,ATMm6
2022-05-26_2022-06-25.json,8250,0,0,0,0,0,0,1740,471,8250,2022-05-26,2022-06-24,nifty,week,call,ATMm6
2022-06-25_2022-07-25.json,7875,0,0,0,0,0,1,3199,263,7875,2022-06-27,2022-07-25,nifty,week,call,ATMm6
2022-07-25_2022-08-24.json,7875,0,0,0,0,0,2,954,185,7875,2022-07-25,2022-08-24,nifty,week,call,ATMm6
2022-08-24_2022-09-23.json,8250,0,0,0,0,0,0,978,214,8250,2022-08-24,2022-09-23,nifty,week,call,ATMm6
2022-09-23_2022-10-23.json,7500,0,0,0,0,0,3,2081,154,7500,2022-09-23,2022-10-21,nifty,week,call,ATMm6
2022-10-23_2022-11-22.json,7185,60,0,0,0,0,0,769,448,7125,2022-10-25,2022-11-22,nifty,week,call,ATMm6
2022-11-22_2022-12-22.json,8625,0,0,0,0,0,0,719,527,8625,2022-11-22,2022-12-22,nifty,week,call,ATMm6
2022-12-22_2023-01-21.json,8250,0,0,0,0,0,0,763,212,8250,2022-12-22,2023-01-20,nifty,week,call,ATMm6
2023-01-21_2023-02-20.json,7500,0,0,0,0,0,1,1224,393,7500,2023-01-23,2023-02-20,nifty,week,call,ATMm6
2023-02-20_2023-03-22.json,8250,0,0,0,0,0,1,2150,468,8250,2023-02-20,2023-03-22,nifty,week,call,ATMm6
2023-03-22_2023-04-21.json,7125,0,0,0,0,0,1,2214,266,7125,2023-03-22,2023-04-21,nifty,week,call,ATMm6
2023-04-21_2023-05-21.json,7500,0,0,0,0,0,0,1575,311,7500,2023-04-21,2023-05-19,nifty,week,call,ATMm6
2023-05-21_2023-06-20.json,8255,5,0,0,0,0,0,1459,365,8250,2023-05-22,2023-06-20,nifty,week,call,ATMm6
2023-06-20_2023-07-20.json,8251,1,0,0,0,0,0,4404,330,8250,2023-06-20,2023-07-20,nifty,week,call,ATMm6
2023-07-20_2023-08-19.json,7877,2,0,0,0,0,0,3791,383,7875,2023-07-20,2023-08-18,nifty,week,call,ATMm6
2023-08-19_2023-09-18.json,7879,4,0,0,0,0,0,5205,276,7875,2023-08-21,2023-09-18,nifty,week,call,ATMm6
2023-09-18_2023-10-18.json,7878,3,0,0,0,0,0,3046,470,7875,2023-09-18,2023-10-18,nifty,week,call,ATMm6
2023-10-18_2023-11-17.json,7936,64,0,0,0,0,0,3539,602,7872,2023-10-18,2023-11-17,nifty,week,call,ATMm6
2023-11-17_2023-12-17.json,7504,4,0,0,0,0,1,1073,247,7500,2023-11-17,2023-12-15,nifty,week,call,ATMm6
2023-12-17_2024-01-16.json,7882,7,0,0,0,0,0,1366,209,7875,2023-12-18,2024-01-16,nifty,week,call,ATMm6
2024-01-16_2024-02-15.json,8224,4,0,0,0,0,0,1332,172,8220,2024-01-16,2024-02-15,nifty,week,call,ATMm6
2024-02-15_2024-03-16.json,7985,3,0,0,0,0,0,1415,135,7982,2024-02-15,2024-03-15,nifty,week,call,ATMm6
2024-03-16_2024-04-15.json,6753,3,0,0,0,0,2,1310,206,6750,2024-03-18,2024-04-15,nifty,week,call,ATMm6
2024-04-15_2024-05-15.json,7878,3,0,0,0,0,0,1452,77,7875,2024-04-15,2024-05-15,nifty,week,call,ATMm6
2024-05-15_2024-06-14.json,8631,6,0,0,0,0,2,2096,324,8625,2024-05-15,2024-06-14,nifty,week,call,ATMm6
2024-06-14_2024-07-14.json,7502,2,0,0,0,0,2,1863,41,7500,2024-06-14,2024-07-12,nifty,week,call,ATMm6
2024-07-14_2024-08-13.json,7876,1,0,0,0,0,2,1287,12,7875,2024-07-15,2024-08-13,nifty,week,call,ATMm6
2024-08-13_2024-09-12.json,8250,0,0,0,0,0,3,3448,43,8250,2024-08-13,2024-09-12,nifty,week,call,ATMm6
2024-09-12_2024-10-12.json,7879,4,0,0,0,0,1,1727,88,7875,2024-09-12,2024-10-11,nifty,week,call,ATMm6
2024-10-12_2024-11-11.json,7561,61,0,0,0,0,1,1880,67,7500,2024-10-14,2024-11-11,nifty,week,call,ATMm6
2024-11-11_2024-12-11.json,7875,0,0,0,0,0,0,1197,22,7875,2024-11-11,2024-12-11,nifty,week,call,ATMm6
2024-12-11_2025-01-10.json,8250,1,0,0,0,0,2,1527,82,8249,2024-12-11,2025-01-10,nifty,week,call,ATMm6
2025-01-10_2025-02-09.json,8251,1,0,0,0,0,2,1427,85,8250,2025-01-10,2025-02-07,nifty,week,call,ATMm6
2025-02-09_2025-03-11.json,7875,1,0,0,0,0,0,746,191,7874,2025-02-10,2025-03-11,nifty,week,call,ATMm6
2025-03-11_2025-04-10.json,7502,2,0,0,0,0,1,1674,44,7500,2025-03-11,2025-04-09,nifty,week,call,ATMm6
2025-04-10_2025-05-10.json,6751,1,0,0,0,0,1,1860,36,6750,2025-04-11,2025-05-09,nifty,week,call,ATMm6
2025-05-10_2025-06-09.json,7877,2,0,0,0,0,1,1449,49,7875,2025-05-12,2025-06-09,nifty,week,call,ATMm6
2025-06-09_2025-07-09.json,8625,0,0,0,0,0,0,1042,58,8625,2025-06-09,2025-07-09,nifty,week,call,ATMm6
2025-07-09_2025-08-08.json,8625,0,0,0,0,0,0,753,140,8625,2025-07-09,2025-08-08,nifty,week,call,ATMm6
2025-08-08_2025-09-07.json,7125,0,0,0,0,0,0,1612,41,7125,2025-08-08,2025-09-05,nifty,week,call,ATMm6
2025-09-07_2025-10-07.json,7875,0,0,0,0,0,0,766,87,7875,2025-09-08,2025-10-07,nifty,week,call,ATMm6
2025-10-07_2025-11-06.json,7605,0,0,0,0,0,0,737,80,7605,2025-10-07,2025-11-06,nifty,week,call,ATMm6
2025-11-06_2025-12-06.json,8250,0,0,0,0,0,0,885,30,8250,2025-11-06,2025-12-05,nifty,week,call,ATMm6
2025-12-06_2026-01-05.json,7500,0,0,0,0,0,0,3491,34,7500,2025-12-08,2026-01-05,nifty,week,call,ATMm6
2026-01-05_2026-02-04.json,8250,0,0,0,0,0,2,1136,16,8250,2026-01-05,2026-02-04,nifty,week,call,ATMm6
2026-02-04_2026-03-06.json,8250,0,0,0,0,0,0,1140,20,8250,2026-02-04,2026-03-06,nifty,week,call,ATMm6
2026-03-06_2026-04-05.json,6746,0,0,0,0,0,1,594,2,6746,2026-03-06,2026-04-02,nifty,week,call,ATMm6
2026-04-05_2026-04-30.json,6717,0,0,0,0,0,0,824,9,6717,2026-04-06,2026-04-30,nifty,week,call,ATMm6
2021-01-01_2021-01-31.json,7499,0,0,0,0,0,0,2092,2923,7499,2021-01-01,2021-01-29,nifty,week,call,ATMm7
2021-01-31_2021-03-02.json,8249,0,0,0,0,0,0,1848,2806,8249,2021-02-01,2021-03-02,nifty,week,call,ATMm7
2021-03-02_2021-04-01.json,7865,0,0,0,0,0,1,1036,2805,7865,2021-03-02,2021-04-01,nifty,week,call,ATMm7
2021-04-01_2021-05-01.json,7124,0,0,0,0,0,0,1330,2211,7124,2021-04-01,2021-04-30,nifty,week,call,ATMm7
2021-05-01_2021-05-31.json,7497,0,0,0,0,0,0,1924,2279,7497,2021-05-03,2021-05-31,nifty,week,call,ATMm7
2021-05-31_2021-06-30.json,8624,0,0,0,0,0,0,5963,3227,8624,2021-05-31,2021-06-30,nifty,week,call,ATMm7
2021-06-30_2021-07-30.json,8226,0,0,0,0,0,0,6709,3582,8226,2021-06-30,2021-07-30,nifty,week,call,ATMm7
2021-07-30_2021-08-29.json,7499,0,0,0,0,0,0,6993,1477,7499,2021-07-30,2021-08-27,nifty,week,call,ATMm7
2021-08-29_2021-09-28.json,7874,1,0,0,0,0,0,4684,1473,7873,2021-08-30,2021-09-28,nifty,week,call,ATMm7
2021-09-28_2021-10-28.json,8251,1,0,0,0,0,1,2813,1989,8250,2021-09-28,2021-10-28,nifty,week,call,ATMm7
2021-10-28_2021-11-27.json,7165,40,0,0,0,0,1,1494,1868,7125,2021-10-28,2021-11-26,nifty,week,call,ATMm7
2021-11-27_2021-12-27.json,7874,1,0,0,0,0,0,873,1660,7873,2021-11-29,2021-12-27,nifty,week,call,ATMm7
2021-12-27_2022-01-26.json,8247,1,0,0,0,0,0,1624,1522,8246,2021-12-27,2022-01-25,nifty,week,call,ATMm7
2022-01-26_2022-02-25.json,8254,4,0,0,0,0,1,1347,1224,8250,2022-01-27,2022-02-25,nifty,week,call,ATMm7
2022-02-25_2022-03-27.json,7128,5,0,0,0,0,0,641,685,7123,2022-02-25,2022-03-25,nifty,week,call,ATMm7
2022-03-27_2022-04-26.json,7502,2,0,0,0,0,0,778,1126,7500,2022-03-28,2022-04-26,nifty,week,call,ATMm7
2022-04-26_2022-05-26.json,8250,2,0,0,0,0,2,2039,1033,8248,2022-04-26,2022-05-26,nifty,week,call,ATMm7
2022-05-26_2022-06-25.json,8248,1,0,0,0,0,5,1957,1285,8247,2022-05-26,2022-06-24,nifty,week,call,ATMm7
2022-06-25_2022-07-25.json,7875,0,0,0,0,0,3,4116,641,7875,2022-06-27,2022-07-25,nifty,week,call,ATMm7
2022-07-25_2022-08-24.json,7875,0,0,0,0,0,0,1882,693,7875,2022-07-25,2022-08-24,nifty,week,call,ATMm7
2022-08-24_2022-09-23.json,8250,0,0,0,0,0,0,1371,516,8250,2022-08-24,2022-09-23,nifty,week,call,ATMm7
2022-09-23_2022-10-23.json,7500,0,0,0,0,0,1,2681,362,7500,2022-09-23,2022-10-21,nifty,week,call,ATMm7
2022-10-23_2022-11-22.json,7185,60,0,0,0,0,0,1122,858,7125,2022-10-25,2022-11-22,nifty,week,call,ATMm7
2022-11-22_2022-12-22.json,8625,0,0,0,0,0,0,1031,1434,8625,2022-11-22,2022-12-22,nifty,week,call,ATMm7
2022-12-22_2023-01-21.json,8250,0,0,0,0,0,0,1144,1054,8250,2022-12-22,2023-01-20,nifty,week,call,ATMm7
2023-01-21_2023-02-20.json,7500,0,0,0,0,0,0,1840,1022,7500,2023-01-23,2023-02-20,nifty,week,call,ATMm7
2023-02-20_2023-03-22.json,8244,0,0,0,0,0,0,2628,1148,8244,2023-02-20,2023-03-22,nifty,week,call,ATMm7
2023-03-22_2023-04-21.json,7125,0,0,0,0,0,0,2742,751,7125,2023-03-22,2023-04-21,nifty,week,call,ATMm7
2023-04-21_2023-05-21.json,7502,2,0,0,0,0,0,2013,799,7500,2023-04-21,2023-05-19,nifty,week,call,ATMm7
2023-05-21_2023-06-20.json,8249,0,0,0,0,0,0,1900,1351,8249,2023-05-22,2023-06-20,nifty,week,call,ATMm7
2023-06-20_2023-07-20.json,8252,2,0,0,0,0,1,5014,699,8250,2023-06-20,2023-07-20,nifty,week,call,ATMm7
2023-07-20_2023-08-19.json,7874,1,0,0,0,0,0,4306,1241,7873,2023-07-20,2023-08-18,nifty,week,call,ATMm7
2023-08-19_2023-09-18.json,7877,2,0,0,0,0,0,5549,997,7875,2023-08-21,2023-09-18,nifty,week,call,ATMm7
2023-09-18_2023-10-18.json,7877,3,0,0,0,0,0,3651,1399,7874,2023-09-18,2023-10-18,nifty,week,call,ATMm7
2023-10-18_2023-11-17.json,7938,63,0,0,0,0,1,3994,1033,7875,2023-10-18,2023-11-17,nifty,week,call,ATMm7
2023-11-17_2023-12-17.json,7502,2,0,0,0,0,0,1178,1086,7500,2023-11-17,2023-12-15,nifty,week,call,ATMm7
2023-12-17_2024-01-16.json,7878,3,0,0,0,0,2,1795,475,7875,2023-12-18,2024-01-16,nifty,week,call,ATMm7
2024-01-16_2024-02-15.json,8219,4,0,0,0,0,0,1678,469,8215,2024-01-16,2024-02-15,nifty,week,call,ATMm7
2024-02-15_2024-03-16.json,7983,2,0,0,0,0,0,1895,493,7981,2024-02-15,2024-03-15,nifty,week,call,ATMm7
2024-03-16_2024-04-15.json,6752,2,0,0,0,0,0,1556,464,6750,2024-03-18,2024-04-15,nifty,week,call,ATMm7
2024-04-15_2024-05-15.json,7876,1,0,0,0,0,1,1826,213,7875,2024-04-15,2024-05-15,nifty,week,call,ATMm7
2024-05-15_2024-06-14.json,8628,3,0,0,0,0,2,2612,441,8625,2024-05-15,2024-06-14,nifty,week,call,ATMm7
2024-06-14_2024-07-14.json,7501,1,0,0,0,0,1,2384,160,7500,2024-06-14,2024-07-12,nifty,week,call,ATMm7
2024-07-14_2024-08-13.json,7877,2,0,0,0,0,1,1716,71,7875,2024-07-15,2024-08-13,nifty,week,call,ATMm7
2024-08-13_2024-09-12.json,8251,1,0,0,0,0,1,4024,124,8250,2024-08-13,2024-09-12,nifty,week,call,ATMm7
2024-09-12_2024-10-12.json,7877,2,0,0,0,0,1,2241,256,7875,2024-09-12,2024-10-11,nifty,week,call,ATMm7
2024-10-12_2024-11-11.json,7557,57,0,0,0,0,1,2203,293,7500,2024-10-14,2024-11-11,nifty,week,call,ATMm7
2024-11-11_2024-12-11.json,7875,0,0,0,0,0,3,1568,139,7875,2024-11-11,2024-12-11,nifty,week,call,ATMm7
2024-12-11_2025-01-10.json,8251,1,0,0,0,0,1,1870,255,8250,2024-12-11,2025-01-10,nifty,week,call,ATMm7
2025-01-10_2025-02-09.json,8250,1,0,0,0,0,1,1510,373,8249,2025-01-10,2025-02-07,nifty,week,call,ATMm7
2025-02-09_2025-03-11.json,7876,1,0,0,0,0,0,1031,389,7875,2025-02-10,2025-03-11,nifty,week,call,ATMm7
2025-03-11_2025-04-10.json,7501,1,0,0,0,0,0,1870,181,7500,2025-03-11,2025-04-09,nifty,week,call,ATMm7
2025-04-10_2025-05-10.json,6750,0,0,0,0,0,1,2108,135,6750,2025-04-11,2025-05-09,nifty,week,call,ATMm7
2025-05-10_2025-06-09.json,7876,1,0,0,0,0,1,1584,128,7875,2025-05-12,2025-06-09,nifty,week,call,ATMm7
2025-06-09_2025-07-09.json,8625,0,0,0,0,0,0,1324,170,8625,2025-06-09,2025-07-09,nifty,week,call,ATMm7
2025-07-09_2025-08-08.json,8625,0,0,0,0,0,1,1108,334,8625,2025-07-09,2025-08-08,nifty,week,call,ATMm7
2025-08-08_2025-09-07.json,7125,0,0,0,0,0,0,2052,196,7125,2025-08-08,2025-09-05,nifty,week,call,ATMm7
2025-09-07_2025-10-07.json,7875,0,0,0,0,0,0,1027,331,7875,2025-09-08,2025-10-07,nifty,week,call,ATMm7
2025-10-07_2025-11-06.json,7605,0,0,0,0,0,0,930,219,7605,2025-10-07,2025-11-06,nifty,week,call,ATMm7
2025-11-06_2025-12-06.json,8250,0,0,0,0,0,0,1348,118,8250,2025-11-06,2025-12-05,nifty,week,call,ATMm7
2025-12-06_2026-01-05.json,7500,0,0,0,0,0,1,3853,236,7500,2025-12-08,2026-01-05,nifty,week,call,ATMm7
2026-01-05_2026-02-04.json,8250,0,0,0,0,0,0,1548,123,8250,2026-01-05,2026-02-04,nifty,week,call,ATMm7
2026-02-04_2026-03-06.json,8250,0,0,0,0,0,0,1432,68,8250,2026-02-04,2026-03-06,nifty,week,call,ATMm7
2026-03-06_2026-04-05.json,6746,0,0,0,0,0,1,736,18,6746,2026-03-06,2026-04-02,nifty,week,call,ATMm7
2026-04-05_2026-04-30.json,6717,0,0,0,0,0,1,911,60,6717,2026-04-06,2026-04-30,nifty,week,call,ATMm7
2021-01-01_2021-01-31.json,7493,0,0,0,0,0,0,2740,3868,7493,2021-01-01,2021-01-29,nifty,week,call,ATMm8
2021-01-31_2021-03-02.json,8244,0,0,0,0,0,1,2530,3674,8244,2021-02-01,2021-03-02,nifty,week,call,ATMm8
2021-03-02_2021-04-01.json,7874,0,0,0,0,0,0,1232,3838,7874,2021-03-02,2021-04-01,nifty,week,call,ATMm8
2021-04-01_2021-05-01.json,7114,0,0,0,0,0,2,1745,3387,7114,2021-04-01,2021-04-30,nifty,week,call,ATMm8
2021-05-01_2021-05-31.json,7499,0,0,0,0,0,0,2338,3292,7499,2021-05-03,2021-05-31,nifty,week,call,ATMm8
2021-05-31_2021-06-30.json,8612,0,0,0,0,0,0,6541,4588,8612,2021-05-31,2021-06-30,nifty,week,call,ATMm8
2021-06-30_2021-07-30.json,8243,0,0,0,0,0,3,6891,5014,8243,2021-06-30,2021-07-30,nifty,week,call,ATMm8
2021-07-30_2021-08-29.json,7498,0,0,0,0,0,3,7055,2922,7498,2021-07-30,2021-08-27,nifty,week,call,ATMm8
2021-08-29_2021-09-28.json,7868,0,0,0,0,0,0,5262,2491,7868,2021-08-30,2021-09-28,nifty,week,call,ATMm8
2021-09-28_2021-10-28.json,8245,0,0,0,0,0,0,3532,2525,8245,2021-09-28,2021-10-28,nifty,week,call,ATMm8
2021-10-28_2021-11-27.json,7152,41,0,0,0,0,1,1780,3272,7111,2021-10-28,2021-11-26,nifty,week,call,ATMm8
2021-11-27_2021-12-27.json,7875,2,0,0,0,0,0,1251,2741,7873,2021-11-29,2021-12-27,nifty,week,call,ATMm8
2021-12-27_2022-01-26.json,8252,2,0,0,0,0,0,2323,2127,8250,2021-12-27,2022-01-25,nifty,week,call,ATMm8
2022-01-26_2022-02-25.json,8251,2,0,0,0,0,0,1668,1920,8249,2022-01-27,2022-02-25,nifty,week,call,ATMm8
2022-02-25_2022-03-27.json,7127,2,0,0,0,0,0,744,1478,7125,2022-02-25,2022-03-25,nifty,week,call,ATMm8
2022-03-27_2022-04-26.json,7493,1,0,0,0,0,0,892,1786,7492,2022-03-28,2022-04-26,nifty,week,call,ATMm8
2022-04-26_2022-05-26.json,8249,2,0,0,0,0,1,2265,2141,8247,2022-04-26,2022-05-26,nifty,week,call,ATMm8
2022-05-26_2022-06-25.json,8248,0,0,0,0,0,0,2302,1957,8248,2022-05-26,2022-06-24,nifty,week,call,ATMm8
2022-06-25_2022-07-25.json,7874,0,0,0,0,0,0,5137,1059,7874,2022-06-27,2022-07-25,nifty,week,call,ATMm8
2022-07-25_2022-08-24.json,7875,0,0,0,0,0,0,2800,1103,7875,2022-07-25,2022-08-24,nifty,week,call,ATMm8
2022-08-24_2022-09-23.json,8249,0,0,0,0,0,1,1764,1516,8249,2022-08-24,2022-09-23,nifty,week,call,ATMm8
2022-09-23_2022-10-23.json,7500,0,0,0,0,0,1,3533,956,7500,2022-09-23,2022-10-21,nifty,week,call,ATMm8
2022-10-23_2022-11-22.json,7183,58,0,0,0,0,1,1760,1677,7125,2022-10-25,2022-11-22,nifty,week,call,ATMm8
2022-11-22_2022-12-22.json,8624,0,0,0,0,0,1,1480,2376,8624,2022-11-22,2022-12-22,nifty,week,call,ATMm8
2022-12-22_2023-01-21.json,8250,0,0,0,0,0,0,1800,1764,8250,2022-12-22,2023-01-20,nifty,week,call,ATMm8
2023-01-21_2023-02-20.json,7500,0,0,0,0,0,0,2398,1932,7500,2023-01-23,2023-02-20,nifty,week,call,ATMm8
2023-02-20_2023-03-22.json,8241,0,0,0,0,0,1,3211,2218,8241,2023-02-20,2023-03-22,nifty,week,call,ATMm8
2023-03-22_2023-04-21.json,7122,0,0,0,0,0,0,3192,1660,7122,2023-03-22,2023-04-21,nifty,week,call,ATMm8
2023-04-21_2023-05-21.json,7500,0,0,0,0,0,0,2370,1750,7500,2023-04-21,2023-05-19,nifty,week,call,ATMm8
2023-05-21_2023-06-20.json,8249,1,0,0,0,0,0,2234,1993,8248,2023-05-22,2023-06-20,nifty,week,call,ATMm8
2023-06-20_2023-07-20.json,8249,0,0,0,0,0,0,5334,1662,8249,2023-06-20,2023-07-20,nifty,week,call,ATMm8
2023-07-20_2023-08-19.json,7875,1,0,0,0,0,0,4685,2242,7874,2023-07-20,2023-08-18,nifty,week,call,ATMm8
2023-08-19_2023-09-18.json,7875,1,0,0,0,0,0,5671,2058,7874,2023-08-21,2023-09-18,nifty,week,call,ATMm8
2023-09-18_2023-10-18.json,7873,0,0,0,0,0,0,4106,2529,7873,2023-09-18,2023-10-18,nifty,week,call,ATMm8
2023-10-18_2023-11-17.json,7924,52,0,0,0,0,1,4352,2662,7872,2023-10-18,2023-11-17,nifty,week,call,ATMm8
2023-11-17_2023-12-17.json,7502,2,0,0,0,0,0,1272,1258,7500,2023-11-17,2023-12-15,nifty,week,call,ATMm8
2023-12-17_2024-01-16.json,7875,1,0,0,0,0,0,2227,1351,7874,2023-12-18,2024-01-16,nifty,week,call,ATMm8
2024-01-16_2024-02-15.json,8165,1,0,0,0,0,0,2096,1006,8164,2024-01-16,2024-02-15,nifty,week,call,ATMm8
2024-02-15_2024-03-16.json,7984,2,0,0,0,0,1,2434,1041,7982,2024-02-15,2024-03-15,nifty,week,call,ATMm8
2024-03-16_2024-04-15.json,6743,2,0,0,0,0,0,1807,1310,6741,2024-03-18,2024-04-15,nifty,week,call,ATMm8
2024-04-15_2024-05-15.json,7875,0,0,0,0,0,0,2196,766,7875,2024-04-15,2024-05-15,nifty,week,call,ATMm8
2024-05-15_2024-06-14.json,8627,2,0,0,0,0,1,2980,786,8625,2024-05-15,2024-06-14,nifty,week,call,ATMm8
2024-06-14_2024-07-14.json,7500,0,0,0,0,0,0,2884,437,7500,2024-06-14,2024-07-12,nifty,week,call,ATMm8
2024-07-14_2024-08-13.json,7877,2,0,0,0,0,1,2117,272,7875,2024-07-15,2024-08-13,nifty,week,call,ATMm8
2024-08-13_2024-09-12.json,8251,1,0,0,0,0,0,4717,581,8250,2024-08-13,2024-09-12,nifty,week,call,ATMm8
2024-09-12_2024-10-12.json,7876,1,0,0,0,0,1,2718,533,7875,2024-09-12,2024-10-11,nifty,week,call,ATMm8
2024-10-12_2024-11-11.json,7553,53,0,0,0,0,2,2612,722,7500,2024-10-14,2024-11-11,nifty,week,call,ATMm8
2024-11-11_2024-12-11.json,7875,0,0,0,0,0,0,2289,388,7875,2024-11-11,2024-12-11,nifty,week,call,ATMm8
2024-12-11_2025-01-10.json,8250,1,0,0,0,0,0,2120,920,8249,2024-12-11,2025-01-10,nifty,week,call,ATMm8
2025-01-10_2025-02-09.json,8249,1,0,0,0,0,0,1622,798,8248,2025-01-10,2025-02-07,nifty,week,call,ATMm8
2025-02-09_2025-03-11.json,7862,0,0,0,0,0,0,1301,1256,7862,2025-02-10,2025-03-11,nifty,week,call,ATMm8
2025-03-11_2025-04-10.json,7498,0,0,0,0,0,1,2113,530,7498,2025-03-11,2025-04-09,nifty,week,call,ATMm8
2025-04-10_2025-05-10.json,6749,0,0,0,0,0,1,2313,334,6749,2025-04-11,2025-05-09,nifty,week,call,ATMm8
2025-05-10_2025-06-09.json,7875,0,0,0,0,0,1,1671,357,7875,2025-05-12,2025-06-09,nifty,week,call,ATMm8
2025-06-09_2025-07-09.json,8625,0,0,0,0,0,0,1793,659,8625,2025-06-09,2025-07-09,nifty,week,call,ATMm8
2025-07-09_2025-08-08.json,8621,0,0,0,0,0,0,1577,1266,8621,2025-07-09,2025-08-08,nifty,week,call,ATMm8
2025-08-08_2025-09-07.json,7124,0,0,0,0,0,0,2414,572,7124,2025-08-08,2025-09-05,nifty,week,call,ATMm8
2025-09-07_2025-10-07.json,7874,0,0,0,0,0,0,1282,717,7874,2025-09-08,2025-10-07,nifty,week,call,ATMm8
2025-10-07_2025-11-06.json,7605,0,0,0,0,0,0,1174,530,7605,2025-10-07,2025-11-06,nifty,week,call,ATMm8
2025-11-06_2025-12-06.json,8250,0,0,0,0,0,0,1988,417,8250,2025-11-06,2025-12-05,nifty,week,call,ATMm8
2025-12-06_2026-01-05.json,7500,0,0,0,0,0,0,4091,647,7500,2025-12-08,2026-01-05,nifty,week,call,ATMm8
2026-01-05_2026-02-04.json,8250,0,0,0,0,0,0,1881,430,8250,2026-01-05,2026-02-04,nifty,week,call,ATMm8
2026-02-04_2026-03-06.json,8250,0,0,0,0,0,0,1814,311,8250,2026-02-04,2026-03-06,nifty,week,call,ATMm8
2026-03-06_2026-04-05.json,6746,0,0,0,0,0,0,806,129,6746,2026-03-06,2026-04-02,nifty,week,call,ATMm8
2026-04-05_2026-04-30.json,6717,0,0,0,0,0,1,1048,93,6717,2026-04-06,2026-04-30,nifty,week,call,ATMm8
2021-01-01_2021-01-31.json,7458,0,0,0,0,0,0,3159,4548,7458,2021-01-01,2021-01-29,nifty,week,call,ATMm9
2021-01-31_2021-03-02.json,8241,0,0,0,0,0,0,3376,4387,8241,2021-02-01,2021-03-02,nifty,week,call,ATMm9
2021-03-02_2021-04-01.json,7863,0,0,0,0,0,0,1655,4367,7863,2021-03-02,2021-04-01,nifty,week,call,ATMm9
2021-04-01_2021-05-01.json,7121,0,0,0,0,0,0,2080,3770,7121,2021-04-01,2021-04-30,nifty,week,call,ATMm9
2021-05-01_2021-05-31.json,7476,0,0,0,0,0,0,2735,4096,7476,2021-05-03,2021-05-31,nifty,week,call,ATMm9
2021-05-31_2021-06-30.json,8609,0,0,0,0,0,0,6785,5447,8609,2021-05-31,2021-06-30,nifty,week,call,ATMm9
2021-06-30_2021-07-30.json,8226,0,0,0,0,0,0,6999,6105,8226,2021-06-30,2021-07-30,nifty,week,call,ATMm9
2021-07-30_2021-08-29.json,7496,1,0,0,0,0,1,7115,3031,7495,2021-07-30,2021-08-27,nifty,week,call,ATMm9
2021-08-29_2021-09-28.json,7871,1,0,0,0,0,1,5701,3225,7870,2021-08-30,2021-09-28,nifty,week,call,ATMm9
2021-09-28_2021-10-28.json,8247,0,0,0,0,0,1,4099,3660,8247,2021-09-28,2021-10-28,nifty,week,call,ATMm9
2021-10-28_2021-11-27.json,7155,37,0,0,0,0,0,2108,3686,7118,2021-10-28,2021-11-26,nifty,week,call,ATMm9
2021-11-27_2021-12-27.json,7870,1,0,0,0,0,0,1692,3361,7869,2021-11-29,2021-12-27,nifty,week,call,ATMm9
2021-12-27_2022-01-26.json,8241,1,0,0,0,0,2,3141,2882,8240,2021-12-27,2022-01-25,nifty,week,call,ATMm9
2022-01-26_2022-02-25.json,8246,0,0,0,0,0,1,2158,2706,8246,2022-01-27,2022-02-25,nifty,week,call,ATMm9
2022-02-25_2022-03-27.json,7124,0,0,0,0,0,0,845,1804,7124,2022-02-25,2022-03-25,nifty,week,call,ATMm9
2022-03-27_2022-04-26.json,7500,2,0,0,0,0,0,1165,2561,7498,2022-03-28,2022-04-26,nifty,week,call,ATMm9
2022-04-26_2022-05-26.json,8244,1,0,0,0,0,5,2667,2478,8243,2022-04-26,2022-05-26,nifty,week,call,ATMm9
2022-05-26_2022-06-25.json,8236,0,0,0,0,0,18,2885,2728,8236,2022-05-26,2022-06-24,nifty,week,call,ATMm9
2022-06-25_2022-07-25.json,7874,0,0,0,0,0,3,6067,1849,7874,2022-06-27,2022-07-25,nifty,week,call,ATMm9
2022-07-25_2022-08-24.json,7875,0,0,0,0,0,0,3551,2018,7875,2022-07-25,2022-08-24,nifty,week,call,ATMm9
2022-08-24_2022-09-23.json,8250,0,0,0,0,0,2,2331,1974,8250,2022-08-24,2022-09-23,nifty,week,call,ATMm9
2022-09-23_2022-10-23.json,7497,0,0,0,0,0,1,4355,1843,7497,2022-09-23,2022-10-21,nifty,week,call,ATMm9
2022-10-23_2022-11-22.json,7184,60,0,0,0,0,0,2392,2424,7124,2022-10-25,2022-11-22,nifty,week,call,ATMm9
2022-11-22_2022-12-22.json,8624,0,0,0,0,0,0,1818,3615,8624,2022-11-22,2022-12-22,nifty,week,call,ATMm9
2022-12-22_2023-01-21.json,8244,0,0,0,0,0,0,2411,3053,8244,2022-12-22,2023-01-20,nifty,week,call,ATMm9
2023-01-21_2023-02-20.json,7499,0,0,0,0,0,1,2829,2438,7499,2023-01-23,2023-02-20,nifty,week,call,ATMm9
2023-02-20_2023-03-22.json,8246,0,0,0,0,0,1,3768,2978,8246,2023-02-20,2023-03-22,nifty,week,call,ATMm9
2023-03-22_2023-04-21.json,7119,0,0,0,0,0,2,3381,2161,7119,2023-03-22,2023-04-21,nifty,week,call,ATMm9
2023-04-21_2023-05-21.json,7501,1,0,0,0,0,0,2635,2442,7500,2023-04-21,2023-05-19,nifty,week,call,ATMm9
2023-05-21_2023-06-20.json,8248,0,0,0,0,0,0,2442,3231,8248,2023-05-22,2023-06-20,nifty,week,call,ATMm9
2023-06-20_2023-07-20.json,8246,0,0,0,0,0,0,5590,2058,8246,2023-06-20,2023-07-20,nifty,week,call,ATMm9
2023-07-20_2023-08-19.json,7861,0,0,0,0,0,0,5020,3140,7861,2023-07-20,2023-08-18,nifty,week,call,ATMm9
2023-08-19_2023-09-18.json,7876,1,0,0,0,0,1,5810,2737,7875,2023-08-21,2023-09-18,nifty,week,call,ATMm9
2023-09-18_2023-10-18.json,7857,0,0,0,0,0,0,4455,3725,7857,2023-09-18,2023-10-18,nifty,week,call,ATMm9
2023-10-18_2023-11-17.json,7921,55,0,0,0,0,0,4594,2965,7866,2023-10-18,2023-11-17,nifty,week,call,ATMm9
2023-11-17_2023-12-17.json,7490,0,0,0,0,0,0,1412,2274,7490,2023-11-17,2023-12-15,nifty,week,call,ATMm9
2023-12-17_2024-01-16.json,7876,3,0,0,0,0,4,2561,1589,7873,2023-12-18,2024-01-16,nifty,week,call,ATMm9
2024-01-16_2024-02-15.json,8162,0,0,0,0,0,1,2446,1584,8162,2024-01-16,2024-02-15,nifty,week,call,ATMm9
2024-02-15_2024-03-16.json,7978,0,0,0,0,0,0,2874,1668,7978,2024-02-15,2024-03-15,nifty,week,call,ATMm9
2024-03-16_2024-04-15.json,6750,0,0,0,0,0,0,2143,1760,6750,2024-03-18,2024-04-15,nifty,week,call,ATMm9
2024-04-15_2024-05-15.json,7867,1,0,0,0,0,0,2600,1312,7866,2024-04-15,2024-05-15,nifty,week,call,ATMm9
2024-05-15_2024-06-14.json,8621,2,0,0,0,0,2,3348,935,8619,2024-05-15,2024-06-14,nifty,week,call,ATMm9
2024-06-14_2024-07-14.json,7499,0,0,0,0,0,0,3307,846,7499,2024-06-14,2024-07-12,nifty,week,call,ATMm9
2024-07-14_2024-08-13.json,7876,1,0,0,0,0,0,2501,560,7875,2024-07-15,2024-08-13,nifty,week,call,ATMm9
2024-08-13_2024-09-12.json,8251,1,0,0,0,0,0,5172,768,8250,2024-08-13,2024-09-12,nifty,week,call,ATMm9
2024-09-12_2024-10-12.json,7872,2,0,0,0,0,0,3153,1021,7870,2024-09-12,2024-10-11,nifty,week,call,ATMm9
2024-10-12_2024-11-11.json,7549,50,0,0,0,0,1,3125,1261,7499,2024-10-14,2024-11-11,nifty,week,call,ATMm9
2024-11-11_2024-12-11.json,7872,0,0,0,0,0,1,3072,673,7872,2024-11-11,2024-12-11,nifty,week,call,ATMm9
2024-12-11_2025-01-10.json,8251,2,0,0,0,0,0,2411,1174,8249,2024-12-11,2025-01-10,nifty,week,call,ATMm9
2025-01-10_2025-02-09.json,8247,0,0,0,0,0,1,1783,1350,8247,2025-01-10,2025-02-07,nifty,week,call,ATMm9
2025-02-09_2025-03-11.json,7871,0,0,0,0,0,0,1610,1655,7871,2025-02-10,2025-03-11,nifty,week,call,ATMm9
2025-03-11_2025-04-10.json,7497,1,0,0,0,0,1,2327,1008,7496,2025-03-11,2025-04-09,nifty,week,call,ATMm9
2025-04-10_2025-05-10.json,6749,0,0,0,0,0,0,2453,798,6749,2025-04-11,2025-05-09,nifty,week,call,ATMm9
2025-05-10_2025-06-09.json,7876,1,0,0,0,0,1,1931,930,7875,2025-05-12,2025-06-09,nifty,week,call,ATMm9
2025-06-09_2025-07-09.json,8625,0,0,0,0,0,0,2395,983,8625,2025-06-09,2025-07-09,nifty,week,call,ATMm9
2025-07-09_2025-08-08.json,8622,0,0,0,0,0,0,2194,2140,8622,2025-07-09,2025-08-08,nifty,week,call,ATMm9
2025-08-08_2025-09-07.json,7125,0,0,0,0,0,0,2727,1260,7125,2025-08-08,2025-09-05,nifty,week,call,ATMm9
2025-09-07_2025-10-07.json,7871,0,0,0,0,0,0,1449,1604,7871,2025-09-08,2025-10-07,nifty,week,call,ATMm9
2025-10-07_2025-11-06.json,7605,0,0,0,0,0,0,1326,953,7605,2025-10-07,2025-11-06,nifty,week,call,ATMm9
2025-11-06_2025-12-06.json,8250,0,0,0,0,0,0,2583,911,8250,2025-11-06,2025-12-05,nifty,week,call,ATMm9
2025-12-06_2026-01-05.json,7498,0,0,0,0,0,0,4439,1357,7498,2025-12-08,2026-01-05,nifty,week,call,ATMm9
2026-01-05_2026-02-04.json,8250,0,0,0,0,0,0,2171,909,8250,2026-01-05,2026-02-04,nifty,week,call,ATMm9
2026-02-04_2026-03-06.json,8250,0,0,0,0,0,1,2337,635,8250,2026-02-04,2026-03-06,nifty,week,call,ATMm9
2026-03-06_2026-04-05.json,6745,0,0,0,0,0,1,846,319,6745,2026-03-06,2026-04-02,nifty,week,call,ATMm9
2026-04-05_2026-04-30.json,6717,0,0,0,0,0,0,1344,343,6717,2026-04-06,2026-04-30,nifty,week,call,ATMm9
2021-01-01_2021-01-31.json,7500,0,0,0,0,0,0,3,0,7500,2021-01-01,2021-01-29,nifty,week,call,ATMp1
2021-01-31_2021-03-02.json,8250,0,0,0,0,0,0,2,229,8250,2021-02-01,2021-03-02,nifty,week,call,ATMp1
2021-03-02_2021-04-01.json,7874,0,0,0,0,0,0,3,0,7874,2021-03-02,2021-04-01,nifty,week,call,ATMp1
2021-04-01_2021-05-01.json,7124,0,0,0,0,0,0,5,0,7124,2021-04-01,2021-04-30,nifty,week,call,ATMp1
2021-05-01_2021-05-31.json,7500,0,0,0,0,0,0,2,0,7500,2021-05-03,2021-05-31,nifty,week,call,ATMp1
2021-05-31_2021-06-30.json,8623,0,0,0,0,0,0,3,0,8623,2021-05-31,2021-06-30,nifty,week,call,ATMp1
2021-06-30_2021-07-30.json,8250,0,0,0,0,0,0,4,0,8250,2021-06-30,2021-07-30,nifty,week,call,ATMp1
2021-07-30_2021-08-29.json,7510,11,0,0,0,0,0,2,0,7499,2021-07-30,2021-08-27,nifty,week,call,ATMp1
2021-08-29_2021-09-28.json,7887,12,0,0,0,0,0,3,0,7875,2021-08-30,2021-09-28,nifty,week,call,ATMp1
2021-09-28_2021-10-28.json,8265,15,0,0,0,0,0,0,0,8250,2021-09-28,2021-10-28,nifty,week,call,ATMp1
2021-10-28_2021-11-27.json,7200,75,0,0,0,0,0,2,0,7125,2021-10-28,2021-11-26,nifty,week,call,ATMp1
2021-11-27_2021-12-27.json,7893,18,0,0,0,0,0,1,0,7875,2021-11-29,2021-12-27,nifty,week,call,ATMp1
2021-12-27_2022-01-26.json,8267,17,0,0,0,0,0,2,0,8250,2021-12-27,2022-01-25,nifty,week,call,ATMp1
2022-01-26_2022-02-25.json,8270,20,0,0,0,0,1,2,1,8250,2022-01-27,2022-02-25,nifty,week,call,ATMp1
2022-02-25_2022-03-27.json,7141,16,0,0,0,0,0,0,3,7125,2022-02-25,2022-03-25,nifty,week,call,ATMp1
2022-03-27_2022-04-26.json,7516,16,0,0,0,0,0,0,0,7500,2022-03-28,2022-04-26,nifty,week,call,ATMp1
2022-04-26_2022-05-26.json,8267,17,0,0,0,0,0,4,0,8250,2022-04-26,2022-05-26,nifty,week,call,ATMp1
2022-05-26_2022-06-25.json,8252,2,0,0,0,0,0,3,0,8250,2022-05-26,2022-06-24,nifty,week,call,ATMp1
2022-06-25_2022-07-25.json,7875,0,0,0,0,0,0,2,0,7875,2022-06-27,2022-07-25,nifty,week,call,ATMp1
2022-07-25_2022-08-24.json,7875,0,0,0,0,0,0,0,0,7875,2022-07-25,2022-08-24,nifty,week,call,ATMp1
2022-08-24_2022-09-23.json,8250,0,0,0,0,0,0,0,1,8250,2022-08-24,2022-09-23,nifty,week,call,ATMp1
2022-09-23_2022-10-23.json,7500,0,0,0,0,0,0,0,0,7500,2022-09-23,2022-10-21,nifty,week,call,ATMp1
2022-10-23_2022-11-22.json,7185,60,0,0,0,0,0,1,2,7125,2022-10-25,2022-11-22,nifty,week,call,ATMp1
2022-11-22_2022-12-22.json,8625,0,0,0,0,0,0,0,1,8625,2022-11-22,2022-12-22,nifty,week,call,ATMp1
2022-12-22_2023-01-21.json,8250,0,0,0,0,0,0,0,1,8250,2022-12-22,2023-01-20,nifty,week,call,ATMp1
2023-01-21_2023-02-20.json,7500,0,0,0,0,0,0,0,1,7500,2023-01-23,2023-02-20,nifty,week,call,ATMp1
2023-02-20_2023-03-22.json,8250,0,0,0,0,0,0,1,0,8250,2023-02-20,2023-03-22,nifty,week,call,ATMp1
2023-03-22_2023-04-21.json,7125,0,0,0,0,0,0,1,1,7125,2023-03-22,2023-04-21,nifty,week,call,ATMp1
2023-04-21_2023-05-21.json,7511,11,0,0,0,0,0,1,2,7500,2023-04-21,2023-05-19,nifty,week,call,ATMp1
2023-05-21_2023-06-20.json,8268,18,0,0,0,0,0,1,0,8250,2023-05-22,2023-06-20,nifty,week,call,ATMp1
2023-06-20_2023-07-20.json,8267,17,0,0,0,0,0,1,0,8250,2023-06-20,2023-07-20,nifty,week,call,ATMp1
2023-07-20_2023-08-19.json,7893,18,0,0,0,0,0,0,0,7875,2023-07-20,2023-08-18,nifty,week,call,ATMp1
2023-08-19_2023-09-18.json,7894,19,0,0,0,0,0,2,0,7875,2023-08-21,2023-09-18,nifty,week,call,ATMp1
2023-09-18_2023-10-18.json,7893,18,0,0,0,0,0,0,0,7875,2023-09-18,2023-10-18,nifty,week,call,ATMp1
2023-10-18_2023-11-17.json,7952,77,0,0,0,0,0,0,24,7875,2023-10-18,2023-11-17,nifty,week,call,ATMp1
2023-11-17_2023-12-17.json,7517,17,0,0,0,0,0,1,12,7500,2023-11-17,2023-12-15,nifty,week,call,ATMp1
2023-12-17_2024-01-16.json,7895,20,0,0,0,0,0,0,0,7875,2023-12-18,2024-01-16,nifty,week,call,ATMp1
2024-01-16_2024-02-15.json,8266,16,0,0,0,0,0,0,18,8250,2024-01-16,2024-02-15,nifty,week,call,ATMp1
2024-02-15_2024-03-16.json,8001,19,0,0,0,0,0,0,0,7982,2024-02-15,2024-03-15,nifty,week,call,ATMp1
2024-03-16_2024-04-15.json,6764,14,0,0,0,0,0,0,0,6750,2024-03-18,2024-04-15,nifty,week,call,ATMp1
2024-04-15_2024-05-15.json,7881,6,0,0,0,0,0,0,0,7875,2024-04-15,2024-05-15,nifty,week,call,ATMp1
2024-05-15_2024-06-14.json,8635,10,0,0,0,0,0,0,269,8625,2024-05-15,2024-06-14,nifty,week,call,ATMp1
2024-06-14_2024-07-14.json,7506,6,0,0,0,0,0,0,0,7500,2024-06-14,2024-07-12,nifty,week,call,ATMp1
2024-07-14_2024-08-13.json,7887,12,0,0,0,0,0,0,0,7875,2024-07-15,2024-08-13,nifty,week,call,ATMp1
2024-08-13_2024-09-12.json,8259,9,0,0,0,0,2,0,0,8250,2024-08-13,2024-09-12,nifty,week,call,ATMp1
2024-09-12_2024-10-12.json,7884,9,0,0,0,0,2,0,0,7875,2024-09-12,2024-10-11,nifty,week,call,ATMp1
2024-10-12_2024-11-11.json,7572,72,0,0,0,0,0,0,0,7500,2024-10-14,2024-11-11,nifty,week,call,ATMp1
2024-11-11_2024-12-11.json,7878,3,0,0,0,0,0,0,0,7875,2024-11-11,2024-12-11,nifty,week,call,ATMp1
2024-12-11_2025-01-10.json,8254,4,0,0,0,0,0,0,0,8250,2024-12-11,2025-01-10,nifty,week,call,ATMp1
2025-01-10_2025-02-09.json,8252,2,0,0,0,0,0,0,0,8250,2025-01-10,2025-02-07,nifty,week,call,ATMp1
2025-02-09_2025-03-11.json,7878,3,0,0,0,0,0,0,0,7875,2025-02-10,2025-03-11,nifty,week,call,ATMp1
2025-03-11_2025-04-10.json,7504,4,0,0,0,0,0,0,2,7500,2025-03-11,2025-04-09,nifty,week,call,ATMp1
2025-04-10_2025-05-10.json,6751,1,0,0,0,0,7,0,8,6750,2025-04-11,2025-05-09,nifty,week,call,ATMp1
2025-05-10_2025-06-09.json,7878,3,0,0,0,0,0,0,0,7875,2025-05-12,2025-06-09,nifty,week,call,ATMp1
2025-06-09_2025-07-09.json,8625,0,0,0,0,0,0,0,0,8625,2025-06-09,2025-07-09,nifty,week,call,ATMp1
2025-07-09_2025-08-08.json,8625,0,0,0,0,0,0,0,4,8625,2025-07-09,2025-08-08,nifty,week,call,ATMp1
2025-08-08_2025-09-07.json,7125,0,0,0,0,0,0,0,12,7125,2025-08-08,2025-09-05,nifty,week,call,ATMp1
2025-09-07_2025-10-07.json,7875,0,0,0,0,0,0,0,12,7875,2025-09-08,2025-10-07,nifty,week,call,ATMp1
2025-10-07_2025-11-06.json,7605,0,0,0,0,0,0,0,58,7605,2025-10-07,2025-11-06,nifty,week,call,ATMp1
2025-11-06_2025-12-06.json,8250,0,0,0,0,0,0,0,9,8250,2025-11-06,2025-12-05,nifty,week,call,ATMp1
2025-12-06_2026-01-05.json,7500,0,0,0,0,0,0,0,0,7500,2025-12-08,2026-01-05,nifty,week,call,ATMp1
2026-01-05_2026-02-04.json,8250,0,0,0,0,0,0,0,0,8250,2026-01-05,2026-02-04,nifty,week,call,ATMp1
2026-02-04_2026-03-06.json,8250,0,0,0,0,0,0,0,0,8250,2026-02-04,2026-03-06,nifty,week,call,ATMp1
2026-03-06_2026-04-05.json,6746,0,0,0,0,0,0,0,0,6746,2026-03-06,2026-04-02,nifty,week,call,ATMp1
2026-04-05_2026-04-30.json,6716,0,0,0,0,0,0,0,2,6716,2026-04-06,2026-04-30,nifty,week,call,ATMp1
2021-01-01_2021-01-31.json,7500,0,0,0,0,0,0,426,704,7500,2021-01-01,2021-01-29,nifty,week,call,ATMp10
2021-01-31_2021-03-02.json,8250,0,0,0,0,0,0,403,608,8250,2021-02-01,2021-03-02,nifty,week,call,ATMp10
2021-03-02_2021-04-01.json,7875,0,0,0,0,0,0,550,121,7875,2021-03-02,2021-04-01,nifty,week,call,ATMp10
2021-04-01_2021-05-01.json,7125,0,0,0,0,0,0,545,218,7125,2021-04-01,2021-04-30,nifty,week,call,ATMp10
2021-05-01_2021-05-31.json,7500,0,0,0,0,0,0,406,237,7500,2021-05-03,2021-05-31,nifty,week,call,ATMp10
2021-05-31_2021-06-30.json,8625,0,0,0,0,0,0,400,328,8625,2021-05-31,2021-06-30,nifty,week,call,ATMp10
2021-06-30_2021-07-30.json,8250,0,0,0,0,0,0,466,548,8250,2021-06-30,2021-07-30,nifty,week,call,ATMp10
2021-07-30_2021-08-29.json,7500,0,0,0,0,0,0,349,657,7500,2021-07-30,2021-08-27,nifty,week,call,ATMp10
2021-08-29_2021-09-28.json,7877,2,0,0,0,0,0,294,312,7875,2021-08-30,2021-09-28,nifty,week,call,ATMp10
2021-09-28_2021-10-28.json,8258,8,0,0,0,0,0,392,103,8250,2021-09-28,2021-10-28,nifty,week,call,ATMp10
2021-10-28_2021-11-27.json,7194,69,0,0,0,0,0,382,14,7125,2021-10-28,2021-11-26,nifty,week,call,ATMp10
2021-11-27_2021-12-27.json,7889,14,0,0,0,0,0,308,13,7875,2021-11-29,2021-12-27,nifty,week,call,ATMp10
2021-12-27_2022-01-26.json,8265,15,0,0,0,0,0,286,89,8250,2021-12-27,2022-01-25,nifty,week,call,ATMp10
2022-01-26_2022-02-25.json,8261,11,0,0,0,0,0,388,14,8250,2022-01-27,2022-02-25,nifty,week,call,ATMp10
2022-02-25_2022-03-27.json,7137,12,0,0,0,0,0,321,5,7125,2022-02-25,2022-03-25,nifty,week,call,ATMp10
2022-03-27_2022-04-26.json,7510,10,0,0,0,0,0,303,16,7500,2022-03-28,2022-04-26,nifty,week,call,ATMp10
2022-04-26_2022-05-26.json,8264,14,0,0,0,0,0,449,2,8250,2022-04-26,2022-05-26,nifty,week,call,ATMp10
2022-05-26_2022-06-25.json,8250,0,0,0,0,0,0,468,3,8250,2022-05-26,2022-06-24,nifty,week,call,ATMp10
2022-06-25_2022-07-25.json,7875,0,0,0,0,0,0,323,72,7875,2022-06-27,2022-07-25,nifty,week,call,ATMp10
2022-07-25_2022-08-24.json,7875,0,0,0,0,0,0,277,79,7875,2022-07-25,2022-08-24,nifty,week,call,ATMp10
2022-08-24_2022-09-23.json,8250,0,0,0,0,0,0,357,10,8250,2022-08-24,2022-09-23,nifty,week,call,ATMp10
2022-09-23_2022-10-23.json,7500,0,0,0,0,0,0,305,11,7500,2022-09-23,2022-10-21,nifty,week,call,ATMp10
2022-10-23_2022-11-22.json,7185,60,0,0,0,0,0,267,16,7125,2022-10-25,2022-11-22,nifty,week,call,ATMp10
2022-11-22_2022-12-22.json,8625,0,0,0,0,0,0,342,52,8625,2022-11-22,2022-12-22,nifty,week,call,ATMp10
2022-12-22_2023-01-21.json,8250,0,0,0,0,0,0,370,13,8250,2022-12-22,2023-01-20,nifty,week,call,ATMp10
2023-01-21_2023-02-20.json,7500,0,0,0,0,0,0,305,16,7500,2023-01-23,2023-02-20,nifty,week,call,ATMp10
2023-02-20_2023-03-22.json,8250,0,0,0,0,0,0,305,1,8250,2023-02-20,2023-03-22,nifty,week,call,ATMp10
2023-03-22_2023-04-21.json,7125,0,0,0,0,0,0,375,44,7125,2023-03-22,2023-04-21,nifty,week,call,ATMp10
2023-04-21_2023-05-21.json,7507,7,0,0,0,0,0,277,69,7500,2023-04-21,2023-05-19,nifty,week,call,ATMp10
2023-05-21_2023-06-20.json,8260,10,0,0,0,0,0,275,44,8250,2023-05-22,2023-06-20,nifty,week,call,ATMp10
2023-06-20_2023-07-20.json,8255,5,0,0,0,0,0,298,11,8250,2023-06-20,2023-07-20,nifty,week,call,ATMp10
2023-07-20_2023-08-19.json,7886,11,0,0,0,0,0,299,3,7875,2023-07-20,2023-08-18,nifty,week,call,ATMp10
2023-08-19_2023-09-18.json,7883,8,0,0,0,0,0,235,35,7875,2023-08-21,2023-09-18,nifty,week,call,ATMp10
2023-09-18_2023-10-18.json,7880,5,0,0,0,0,0,228,4,7875,2023-09-18,2023-10-18,nifty,week,call,ATMp10
2023-10-18_2023-11-17.json,7943,68,0,0,0,0,0,279,35,7875,2023-10-18,2023-11-17,nifty,week,call,ATMp10
2023-11-17_2023-12-17.json,7511,11,0,0,0,0,0,194,7,7500,2023-11-17,2023-12-15,nifty,week,call,ATMp10
2023-12-17_2024-01-16.json,7888,13,0,0,0,0,0,187,0,7875,2023-12-18,2024-01-16,nifty,week,call,ATMp10
2024-01-16_2024-02-15.json,8263,13,0,0,0,0,0,238,1,8250,2024-01-16,2024-02-15,nifty,week,call,ATMp10
2024-02-15_2024-03-16.json,7996,14,0,0,0,0,0,214,6,7982,2024-02-15,2024-03-15,nifty,week,call,ATMp10
2024-03-16_2024-04-15.json,6758,8,0,0,0,0,0,165,7,6750,2024-03-18,2024-04-15,nifty,week,call,ATMp10
2024-04-15_2024-05-15.json,7877,2,0,0,0,0,0,168,2,7875,2024-04-15,2024-05-15,nifty,week,call,ATMp10
2024-05-15_2024-06-14.json,8634,9,0,0,0,0,0,224,317,8625,2024-05-15,2024-06-14,nifty,week,call,ATMp10
2024-06-14_2024-07-14.json,7503,3,0,0,0,0,0,135,0,7500,2024-06-14,2024-07-12,nifty,week,call,ATMp10
2024-07-14_2024-08-13.json,7884,9,0,0,0,0,0,141,2,7875,2024-07-15,2024-08-13,nifty,week,call,ATMp10
2024-08-13_2024-09-12.json,8254,4,0,0,0,0,0,176,2,8250,2024-08-13,2024-09-12,nifty,week,call,ATMp10
2024-09-12_2024-10-12.json,7883,8,0,0,0,0,0,168,0,7875,2024-09-12,2024-10-11,nifty,week,call,ATMp10
2024-10-12_2024-11-11.json,7569,69,0,0,0,0,0,150,0,7500,2024-10-14,2024-11-11,nifty,week,call,ATMp10
2024-11-11_2024-12-11.json,7878,3,0,0,0,0,0,171,0,7875,2024-11-11,2024-12-11,nifty,week,call,ATMp10
2024-12-11_2025-01-10.json,8253,3,0,0,0,0,0,190,0,8250,2024-12-11,2025-01-10,nifty,week,call,ATMp10
2025-01-10_2025-02-09.json,8252,2,0,0,0,0,0,152,0,8250,2025-01-10,2025-02-07,nifty,week,call,ATMp10
2025-02-09_2025-03-11.json,7877,2,0,0,0,0,0,165,4,7875,2025-02-10,2025-03-11,nifty,week,call,ATMp10
2025-03-11_2025-04-10.json,7503,3,0,0,0,0,0,201,0,7500,2025-03-11,2025-04-09,nifty,week,call,ATMp10
2025-04-10_2025-05-10.json,6750,0,0,0,0,0,0,151,0,6750,2025-04-11,2025-05-09,nifty,week,call,ATMp10
2025-05-10_2025-06-09.json,7878,3,0,0,0,0,0,145,0,7875,2025-05-12,2025-06-09,nifty,week,call,ATMp10
2025-06-09_2025-07-09.json,8625,0,0,0,0,0,0,140,1,8625,2025-06-09,2025-07-09,nifty,week,call,ATMp10
2025-07-09_2025-08-08.json,8625,0,0,0,0,0,0,139,2,8625,2025-07-09,2025-08-08,nifty,week,call,ATMp10
2025-08-08_2025-09-07.json,7125,0,0,0,0,0,0,0,10,7125,2025-08-08,2025-09-05,nifty,week,call,ATMp10
2025-09-07_2025-10-07.json,7875,0,0,0,0,0,0,0,9,7875,2025-09-08,2025-10-07,nifty,week,call,ATMp10
2025-10-07_2025-11-06.json,7605,0,0,0,0,0,0,0,54,7605,2025-10-07,2025-11-06,nifty,week,call,ATMp10
2025-11-06_2025-12-06.json,8250,0,0,0,0,0,0,0,4,8250,2025-11-06,2025-12-05,nifty,week,call,ATMp10
2025-12-06_2026-01-05.json,7500,0,0,0,0,0,0,0,0,7500,2025-12-08,2026-01-05,nifty,week,call,ATMp10
2026-01-05_2026-02-04.json,8250,0,0,0,0,0,0,0,0,8250,2026-01-05,2026-02-04,nifty,week,call,ATMp10
2026-02-04_2026-03-06.json,8250,0,0,0,0,0,0,0,0,8250,2026-02-04,2026-03-06,nifty,week,call,ATMp10
2026-03-06_2026-04-05.json,6746,0,0,0,0,0,0,0,0,6746,2026-03-06,2026-04-02,nifty,week,call,ATMp10
2026-04-05_2026-04-30.json,6717,0,0,0,0,0,0,0,2,6717,2026-04-06,2026-04-30,nifty,week,call,ATMp10
2021-01-01_2021-01-31.json,7499,0,0,0,0,0,0,14,0,7499,2021-01-01,2021-01-29,nifty,week,call,ATMp2
2021-01-31_2021-03-02.json,8249,0,0,0,0,0,0,15,229,8249,2021-02-01,2021-03-02,nifty,week,call,ATMp2
2021-03-02_2021-04-01.json,7864,0,0,0,0,0,0,13,0,7864,2021-03-02,2021-04-01,nifty,week,call,ATMp2
2021-04-01_2021-05-01.json,7124,0,0,0,0,0,0,20,0,7124,2021-04-01,2021-04-30,nifty,week,call,ATMp2
2021-05-01_2021-05-31.json,7500,0,0,0,0,0,0,12,0,7500,2021-05-03,2021-05-31,nifty,week,call,ATMp2
2021-05-31_2021-06-30.json,8625,0,0,0,0,0,0,15,3,8625,2021-05-31,2021-06-30,nifty,week,call,ATMp2
2021-06-30_2021-07-30.json,8250,0,0,0,0,0,0,15,0,8250,2021-06-30,2021-07-30,nifty,week,call,ATMp2
2021-07-30_2021-08-29.json,7507,7,0,0,0,0,0,12,0,7500,2021-07-30,2021-08-27,nifty,week,call,ATMp2
2021-08-29_2021-09-28.json,7887,12,0,0,0,0,0,12,0,7875,2021-08-30,2021-09-28,nifty,week,call,ATMp2
2021-09-28_2021-10-28.json,8268,18,0,0,0,0,0,10,0,8250,2021-09-28,2021-10-28,nifty,week,call,ATMp2
2021-10-28_2021-11-27.json,7201,76,0,0,0,0,0,11,0,7125,2021-10-28,2021-11-26,nifty,week,call,ATMp2
2021-11-27_2021-12-27.json,7893,18,0,0,0,0,0,9,0,7875,2021-11-29,2021-12-27,nifty,week,call,ATMp2
2021-12-27_2022-01-26.json,8267,17,0,0,0,0,0,8,0,8250,2021-12-27,2022-01-25,nifty,week,call,ATMp2
2022-01-26_2022-02-25.json,8268,18,0,0,0,0,0,13,1,8250,2022-01-27,2022-02-25,nifty,week,call,ATMp2
2022-02-25_2022-03-27.json,7139,14,0,0,0,0,0,11,3,7125,2022-02-25,2022-03-25,nifty,week,call,ATMp2
2022-03-27_2022-04-26.json,7515,15,0,0,0,0,0,8,0,7500,2022-03-28,2022-04-26,nifty,week,call,ATMp2
2022-04-26_2022-05-26.json,8269,19,0,0,0,0,0,15,0,8250,2022-04-26,2022-05-26,nifty,week,call,ATMp2
2022-05-26_2022-06-25.json,8251,1,0,0,0,0,0,16,0,8250,2022-05-26,2022-06-24,nifty,week,call,ATMp2
2022-06-25_2022-07-25.json,7875,0,0,0,0,0,0,11,0,7875,2022-06-27,2022-07-25,nifty,week,call,ATMp2
2022-07-25_2022-08-24.json,7875,0,0,0,0,0,0,9,0,7875,2022-07-25,2022-08-24,nifty,week,call,ATMp2
2022-08-24_2022-09-23.json,8250,0,0,0,0,0,0,10,1,8250,2022-08-24,2022-09-23,nifty,week,call,ATMp2
2022-09-23_2022-10-23.json,7500,0,0,0,0,0,0,5,0,7500,2022-09-23,2022-10-21,nifty,week,call,ATMp2
2022-10-23_2022-11-22.json,7185,60,0,0,0,0,0,9,2,7125,2022-10-25,2022-11-22,nifty,week,call,ATMp2
2022-11-22_2022-12-22.json,8625,0,0,0,0,0,0,7,1,8625,2022-11-22,2022-12-22,nifty,week,call,ATMp2
2022-12-22_2023-01-21.json,8250,0,0,0,0,0,0,8,1,8250,2022-12-22,2023-01-20,nifty,week,call,ATMp2
2023-01-21_2023-02-20.json,7500,0,0,0,0,0,0,8,1,7500,2023-01-23,2023-02-20,nifty,week,call,ATMp2
2023-02-20_2023-03-22.json,8250,0,0,0,0,0,0,7,0,8250,2023-02-20,2023-03-22,nifty,week,call,ATMp2
2023-03-22_2023-04-21.json,7125,0,0,0,0,0,0,10,1,7125,2023-03-22,2023-04-21,nifty,week,call,ATMp2
2023-04-21_2023-05-21.json,7511,11,0,0,0,0,0,9,2,7500,2023-04-21,2023-05-19,nifty,week,call,ATMp2
2023-05-21_2023-06-20.json,8268,18,0,0,0,0,0,11,0,8250,2023-05-22,2023-06-20,nifty,week,call,ATMp2
2023-06-20_2023-07-20.json,8266,16,0,0,0,0,0,10,0,8250,2023-06-20,2023-07-20,nifty,week,call,ATMp2
2023-07-20_2023-08-19.json,7891,16,0,0,0,0,0,10,0,7875,2023-07-20,2023-08-18,nifty,week,call,ATMp2
2023-08-19_2023-09-18.json,7893,18,0,0,0,0,0,6,0,7875,2023-08-21,2023-09-18,nifty,week,call,ATMp2
2023-09-18_2023-10-18.json,7894,19,0,0,0,0,0,7,0,7875,2023-09-18,2023-10-18,nifty,week,call,ATMp2
2023-10-18_2023-11-17.json,7951,76,0,0,0,0,0,8,21,7875,2023-10-18,2023-11-17,nifty,week,call,ATMp2
2023-11-17_2023-12-17.json,7518,18,0,0,0,0,0,5,0,7500,2023-11-17,2023-12-15,nifty,week,call,ATMp2
2023-12-17_2024-01-16.json,7893,18,0,0,0,0,0,3,0,7875,2023-12-18,2024-01-16,nifty,week,call,ATMp2
2024-01-16_2024-02-15.json,8269,19,0,0,0,0,0,8,0,8250,2024-01-16,2024-02-15,nifty,week,call,ATMp2
2024-02-15_2024-03-16.json,7999,17,0,0,0,0,0,8,1,7982,2024-02-15,2024-03-15,nifty,week,call,ATMp2
2024-03-16_2024-04-15.json,6762,12,0,0,0,0,0,5,0,6750,2024-03-18,2024-04-15,nifty,week,call,ATMp2
2024-04-15_2024-05-15.json,7881,6,0,0,0,0,0,5,0,7875,2024-04-15,2024-05-15,nifty,week,call,ATMp2
2024-05-15_2024-06-14.json,8635,10,0,0,0,0,0,5,269,8625,2024-05-15,2024-06-14,nifty,week,call,ATMp2
2024-06-14_2024-07-14.json,7505,5,0,0,0,0,0,4,0,7500,2024-06-14,2024-07-12,nifty,week,call,ATMp2
2024-07-14_2024-08-13.json,7886,11,0,0,0,0,0,4,0,7875,2024-07-15,2024-08-13,nifty,week,call,ATMp2
2024-08-13_2024-09-12.json,8258,8,0,0,0,0,0,4,0,8250,2024-08-13,2024-09-12,nifty,week,call,ATMp2
2024-09-12_2024-10-12.json,7885,10,0,0,0,0,0,3,0,7875,2024-09-12,2024-10-11,nifty,week,call,ATMp2
2024-10-12_2024-11-11.json,7570,70,0,0,0,0,0,3,0,7500,2024-10-14,2024-11-11,nifty,week,call,ATMp2
2024-11-11_2024-12-11.json,7878,3,0,0,0,0,0,4,0,7875,2024-11-11,2024-12-11,nifty,week,call,ATMp2
2024-12-11_2025-01-10.json,8253,3,0,0,0,0,0,4,0,8250,2024-12-11,2025-01-10,nifty,week,call,ATMp2
2025-01-10_2025-02-09.json,8252,2,0,0,0,0,0,5,0,8250,2025-01-10,2025-02-07,nifty,week,call,ATMp2
2025-02-09_2025-03-11.json,7877,2,0,0,0,0,0,5,0,7875,2025-02-10,2025-03-11,nifty,week,call,ATMp2
2025-03-11_2025-04-10.json,7502,2,0,0,0,0,0,5,1,7500,2025-03-11,2025-04-09,nifty,week,call,ATMp2
2025-04-10_2025-05-10.json,6750,0,0,0,0,0,1,3,3,6750,2025-04-11,2025-05-09,nifty,week,call,ATMp2
2025-05-10_2025-06-09.json,7878,3,0,0,0,0,0,5,0,7875,2025-05-12,2025-06-09,nifty,week,call,ATMp2
2025-06-09_2025-07-09.json,8625,0,0,0,0,0,0,3,5,8625,2025-06-09,2025-07-09,nifty,week,call,ATMp2
2025-07-09_2025-08-08.json,8626,1,0,0,0,0,0,3,5,8625,2025-07-09,2025-08-08,nifty,week,call,ATMp2
2025-08-08_2025-09-07.json,7125,0,0,0,0,0,0,0,6,7125,2025-08-08,2025-09-05,nifty,week,call,ATMp2
2025-09-07_2025-10-07.json,7875,0,0,0,0,0,0,0,13,7875,2025-09-08,2025-10-07,nifty,week,call,ATMp2
2025-10-07_2025-11-06.json,7605,0,0,0,0,0,0,0,63,7605,2025-10-07,2025-11-06,nifty,week,call,ATMp2
2025-11-06_2025-12-06.json,8250,0,0,0,0,0,0,0,12,8250,2025-11-06,2025-12-05,nifty,week,call,ATMp2
2025-12-06_2026-01-05.json,7500,0,0,0,0,0,0,0,0,7500,2025-12-08,2026-01-05,nifty,week,call,ATMp2
2026-01-05_2026-02-04.json,8250,0,0,0,0,0,0,0,0,8250,2026-01-05,2026-02-04,nifty,week,call,ATMp2
2026-02-04_2026-03-06.json,8250,0,0,0,0,0,0,0,0,8250,2026-02-04,2026-03-06,nifty,week,call,ATMp2
2026-03-06_2026-04-05.json,6746,0,0,0,0,0,0,0,0,6746,2026-03-06,2026-04-02,nifty,week,call,ATMp2
2026-04-05_2026-04-30.json,6716,0,0,0,0,0,0,0,2,6716,2026-04-06,2026-04-30,nifty,week,call,ATMp2
2021-01-01_2021-01-31.json,7499,0,0,0,0,0,0,38,1,7499,2021-01-01,2021-01-29,nifty,week,call,ATMp3
2021-01-31_2021-03-02.json,8250,0,0,0,0,0,0,35,233,8250,2021-02-01,2021-03-02,nifty,week,call,ATMp3
2021-03-02_2021-04-01.json,7866,0,0,0,0,0,0,39,0,7866,2021-03-02,2021-04-01,nifty,week,call,ATMp3
2021-04-01_2021-05-01.json,7125,0,0,0,0,0,0,47,0,7125,2021-04-01,2021-04-30,nifty,week,call,ATMp3
2021-05-01_2021-05-31.json,7500,0,0,0,0,0,0,33,0,7500,2021-05-03,2021-05-31,nifty,week,call,ATMp3
2021-05-31_2021-06-30.json,8625,0,0,0,0,0,0,33,3,8625,2021-05-31,2021-06-30,nifty,week,call,ATMp3
2021-06-30_2021-07-30.json,8249,0,0,0,0,0,0,41,0,8249,2021-06-30,2021-07-30,nifty,week,call,ATMp3
2021-07-30_2021-08-29.json,7506,6,0,0,0,0,0,25,0,7500,2021-07-30,2021-08-27,nifty,week,call,ATMp3
2021-08-29_2021-09-28.json,7884,9,0,0,0,0,0,23,0,7875,2021-08-30,2021-09-28,nifty,week,call,ATMp3
2021-09-28_2021-10-28.json,8267,17,0,0,0,0,0,31,0,8250,2021-09-28,2021-10-28,nifty,week,call,ATMp3
2021-10-28_2021-11-27.json,7200,75,0,0,0,0,0,30,0,7125,2021-10-28,2021-11-26,nifty,week,call,ATMp3
2021-11-27_2021-12-27.json,7892,17,0,0,0,0,0,21,0,7875,2021-11-29,2021-12-27,nifty,week,call,ATMp3
2021-12-27_2022-01-26.json,8267,17,0,0,0,0,0,20,0,8250,2021-12-27,2022-01-25,nifty,week,call,ATMp3
2022-01-26_2022-02-25.json,8265,15,0,0,0,0,0,30,1,8250,2022-01-27,2022-02-25,nifty,week,call,ATMp3
2022-02-25_2022-03-27.json,7140,15,0,0,0,0,0,25,3,7125,2022-02-25,2022-03-25,nifty,week,call,ATMp3
2022-03-27_2022-04-26.json,7516,16,0,0,0,0,0,21,0,7500,2022-03-28,2022-04-26,nifty,week,call,ATMp3
2022-04-26_2022-05-26.json,8269,19,0,0,0,0,0,34,0,8250,2022-04-26,2022-05-26,nifty,week,call,ATMp3
2022-05-26_2022-06-25.json,8251,1,0,0,0,0,0,35,0,8250,2022-05-26,2022-06-24,nifty,week,call,ATMp3
2022-06-25_2022-07-25.json,7875,0,0,0,0,0,0,24,0,7875,2022-06-27,2022-07-25,nifty,week,call,ATMp3
2022-07-25_2022-08-24.json,7875,0,0,0,0,0,0,21,0,7875,2022-07-25,2022-08-24,nifty,week,call,ATMp3
2022-08-24_2022-09-23.json,8250,0,0,0,0,0,0,24,1,8250,2022-08-24,2022-09-23,nifty,week,call,ATMp3
2022-09-23_2022-10-23.json,7500,0,0,0,0,0,0,22,0,7500,2022-09-23,2022-10-21,nifty,week,call,ATMp3
2022-10-23_2022-11-22.json,7185,60,0,0,0,0,0,21,2,7125,2022-10-25,2022-11-22,nifty,week,call,ATMp3
2022-11-22_2022-12-22.json,8625,0,0,0,0,0,0,21,1,8625,2022-11-22,2022-12-22,nifty,week,call,ATMp3
2022-12-22_2023-01-21.json,8250,0,0,0,0,0,0,24,1,8250,2022-12-22,2023-01-20,nifty,week,call,ATMp3
2023-01-21_2023-02-20.json,7500,0,0,0,0,0,0,20,1,7500,2023-01-23,2023-02-20,nifty,week,call,ATMp3
2023-02-20_2023-03-22.json,8250,0,0,0,0,0,0,22,0,8250,2023-02-20,2023-03-22,nifty,week,call,ATMp3
2023-03-22_2023-04-21.json,7125,0,0,0,0,0,0,29,1,7125,2023-03-22,2023-04-21,nifty,week,call,ATMp3
2023-04-21_2023-05-21.json,7511,11,0,0,0,0,0,22,2,7500,2023-04-21,2023-05-19,nifty,week,call,ATMp3
2023-05-21_2023-06-20.json,8268,18,0,0,0,0,0,25,0,8250,2023-05-22,2023-06-20,nifty,week,call,ATMp3
2023-06-20_2023-07-20.json,8267,17,0,0,0,0,0,27,0,8250,2023-06-20,2023-07-20,nifty,week,call,ATMp3
2023-07-20_2023-08-19.json,7893,18,0,0,0,0,0,22,0,7875,2023-07-20,2023-08-18,nifty,week,call,ATMp3
2023-08-19_2023-09-18.json,7892,17,0,0,0,0,0,20,0,7875,2023-08-21,2023-09-18,nifty,week,call,ATMp3
2023-09-18_2023-10-18.json,7892,17,0,0,0,0,0,17,0,7875,2023-09-18,2023-10-18,nifty,week,call,ATMp3
2023-10-18_2023-11-17.json,7952,77,0,0,0,0,0,20,1,7875,2023-10-18,2023-11-17,nifty,week,call,ATMp3
2023-11-17_2023-12-17.json,7516,16,0,0,0,0,0,13,0,7500,2023-11-17,2023-12-15,nifty,week,call,ATMp3
2023-12-17_2024-01-16.json,7894,19,0,0,0,0,0,14,0,7875,2023-12-18,2024-01-16,nifty,week,call,ATMp3
2024-01-16_2024-02-15.json,8267,17,0,0,0,0,0,22,0,8250,2024-01-16,2024-02-15,nifty,week,call,ATMp3
2024-02-15_2024-03-16.json,7999,17,0,0,0,0,0,20,0,7982,2024-02-15,2024-03-15,nifty,week,call,ATMp3
2024-03-16_2024-04-15.json,6761,11,0,0,0,0,0,14,0,6750,2024-03-18,2024-04-15,nifty,week,call,ATMp3
2024-04-15_2024-05-15.json,7881,6,0,0,0,0,0,12,0,7875,2024-04-15,2024-05-15,nifty,week,call,ATMp3
2024-05-15_2024-06-14.json,8637,12,0,0,0,0,0,15,269,8625,2024-05-15,2024-06-14,nifty,week,call,ATMp3
2024-06-14_2024-07-14.json,7505,5,0,0,0,0,0,10,0,7500,2024-06-14,2024-07-12,nifty,week,call,ATMp3
2024-07-14_2024-08-13.json,7886,11,0,0,0,0,0,10,0,7875,2024-07-15,2024-08-13,nifty,week,call,ATMp3
2024-08-13_2024-09-12.json,8259,9,0,0,0,0,0,12,0,8250,2024-08-13,2024-09-12,nifty,week,call,ATMp3
2024-09-12_2024-10-12.json,7881,6,0,0,0,0,0,12,0,7875,2024-09-12,2024-10-11,nifty,week,call,ATMp3
2024-10-12_2024-11-11.json,7572,72,0,0,0,0,0,9,0,7500,2024-10-14,2024-11-11,nifty,week,call,ATMp3
2024-11-11_2024-12-11.json,7877,2,0,0,0,0,0,11,0,7875,2024-11-11,2024-12-11,nifty,week,call,ATMp3
2024-12-11_2025-01-10.json,8254,4,0,0,0,0,0,14,0,8250,2024-12-11,2025-01-10,nifty,week,call,ATMp3
2025-01-10_2025-02-09.json,8252,2,0,0,0,0,0,12,0,8250,2025-01-10,2025-02-07,nifty,week,call,ATMp3
2025-02-09_2025-03-11.json,7878,3,0,0,0,0,0,11,0,7875,2025-02-10,2025-03-11,nifty,week,call,ATMp3
2025-03-11_2025-04-10.json,7504,4,0,0,0,0,0,16,0,7500,2025-03-11,2025-04-09,nifty,week,call,ATMp3
2025-04-10_2025-05-10.json,6751,1,0,0,0,0,0,12,0,6750,2025-04-11,2025-05-09,nifty,week,call,ATMp3
2025-05-10_2025-06-09.json,7878,3,0,0,0,0,0,9,0,7875,2025-05-12,2025-06-09,nifty,week,call,ATMp3
2025-06-09_2025-07-09.json,8625,0,0,0,0,0,0,8,0,8625,2025-06-09,2025-07-09,nifty,week,call,ATMp3
2025-07-09_2025-08-08.json,8626,1,0,0,0,0,0,8,2,8625,2025-07-09,2025-08-08,nifty,week,call,ATMp3
2025-08-08_2025-09-07.json,7125,0,0,0,0,0,0,0,11,7125,2025-08-08,2025-09-05,nifty,week,call,ATMp3
2025-09-07_2025-10-07.json,7875,0,0,0,0,0,0,0,18,7875,2025-09-08,2025-10-07,nifty,week,call,ATMp3
2025-10-07_2025-11-06.json,7605,0,0,0,0,0,0,0,59,7605,2025-10-07,2025-11-06,nifty,week,call,ATMp3
2025-11-06_2025-12-06.json,8250,0,0,0,0,0,0,0,8,8250,2025-11-06,2025-12-05,nifty,week,call,ATMp3
2025-12-06_2026-01-05.json,7500,0,0,0,0,0,0,0,0,7500,2025-12-08,2026-01-05,nifty,week,call,ATMp3
2026-01-05_2026-02-04.json,8250,0,0,0,0,0,0,0,0,8250,2026-01-05,2026-02-04,nifty,week,call,ATMp3
2026-02-04_2026-03-06.json,8250,0,0,0,0,0,0,0,0,8250,2026-02-04,2026-03-06,nifty,week,call,ATMp3
2026-03-06_2026-04-05.json,6746,0,0,0,0,0,0,0,0,6746,2026-03-06,2026-04-02,nifty,week,call,ATMp3
2026-04-05_2026-04-30.json,6716,0,0,0,0,0,0,0,2,6716,2026-04-06,2026-04-30,nifty,week,call,ATMp3
2021-01-01_2021-01-31.json,7500,0,0,0,0,0,0,72,4,7500,2021-01-01,2021-01-29,nifty,week,call,ATMp4
2021-01-31_2021-03-02.json,8250,0,0,0,0,0,0,55,229,8250,2021-02-01,2021-03-02,nifty,week,call,ATMp4
2021-03-02_2021-04-01.json,7865,0,0,0,0,0,0,88,1,7865,2021-03-02,2021-04-01,nifty,week,call,ATMp4
2021-04-01_2021-05-01.json,7125,0,0,0,0,0,0,80,1,7125,2021-04-01,2021-04-30,nifty,week,call,ATMp4
2021-05-01_2021-05-31.json,7500,0,0,0,0,0,0,64,0,7500,2021-05-03,2021-05-31,nifty,week,call,ATMp4
2021-05-31_2021-06-30.json,8625,0,0,0,0,0,0,57,0,8625,2021-05-31,2021-06-30,nifty,week,call,ATMp4
2021-06-30_2021-07-30.json,8250,0,0,0,0,0,0,65,0,8250,2021-06-30,2021-07-30,nifty,week,call,ATMp4
2021-07-30_2021-08-29.json,7508,8,0,0,0,0,0,48,1,7500,2021-07-30,2021-08-27,nifty,week,call,ATMp4
2021-08-29_2021-09-28.json,7885,10,0,0,0,0,0,38,5,7875,2021-08-30,2021-09-28,nifty,week,call,ATMp4
2021-09-28_2021-10-28.json,8265,15,0,0,0,0,0,55,0,8250,2021-09-28,2021-10-28,nifty,week,call,ATMp4
2021-10-28_2021-11-27.json,7201,76,0,0,0,0,0,56,0,7125,2021-10-28,2021-11-26,nifty,week,call,ATMp4
2021-11-27_2021-12-27.json,7890,15,0,0,0,0,0,40,0,7875,2021-11-29,2021-12-27,nifty,week,call,ATMp4
2021-12-27_2022-01-26.json,8266,16,0,0,0,0,0,38,0,8250,2021-12-27,2022-01-25,nifty,week,call,ATMp4
2022-01-26_2022-02-25.json,8262,12,0,0,0,0,0,56,1,8250,2022-01-27,2022-02-25,nifty,week,call,ATMp4
2022-02-25_2022-03-27.json,7139,14,0,0,0,0,0,41,3,7125,2022-02-25,2022-03-25,nifty,week,call,ATMp4
2022-03-27_2022-04-26.json,7515,15,0,0,0,0,0,43,0,7500,2022-03-28,2022-04-26,nifty,week,call,ATMp4
2022-04-26_2022-05-26.json,8265,15,0,0,0,0,0,63,1,8250,2022-04-26,2022-05-26,nifty,week,call,ATMp4
2022-05-26_2022-06-25.json,8251,1,0,0,0,0,0,68,0,8250,2022-05-26,2022-06-24,nifty,week,call,ATMp4
2022-06-25_2022-07-25.json,7875,0,0,0,0,0,0,51,0,7875,2022-06-27,2022-07-25,nifty,week,call,ATMp4
2022-07-25_2022-08-24.json,7875,0,0,0,0,0,0,43,0,7875,2022-07-25,2022-08-24,nifty,week,call,ATMp4
2022-08-24_2022-09-23.json,8250,0,0,0,0,0,0,52,1,8250,2022-08-24,2022-09-23,nifty,week,call,ATMp4
2022-09-23_2022-10-23.json,7500,0,0,0,0,0,0,47,0,7500,2022-09-23,2022-10-21,nifty,week,call,ATMp4
2022-10-23_2022-11-22.json,7185,60,0,0,0,0,0,39,2,7125,2022-10-25,2022-11-22,nifty,week,call,ATMp4
2022-11-22_2022-12-22.json,8625,0,0,0,0,0,0,44,1,8625,2022-11-22,2022-12-22,nifty,week,call,ATMp4
2022-12-22_2023-01-21.json,8250,0,0,0,0,0,0,48,1,8250,2022-12-22,2023-01-20,nifty,week,call,ATMp4
2023-01-21_2023-02-20.json,7500,0,0,0,0,0,0,38,1,7500,2023-01-23,2023-02-20,nifty,week,call,ATMp4
2023-02-20_2023-03-22.json,8250,0,0,0,0,0,0,41,0,8250,2023-02-20,2023-03-22,nifty,week,call,ATMp4
2023-03-22_2023-04-21.json,7125,0,0,0,0,0,0,55,1,7125,2023-03-22,2023-04-21,nifty,week,call,ATMp4
2023-04-21_2023-05-21.json,7511,11,0,0,0,0,0,42,2,7500,2023-04-21,2023-05-19,nifty,week,call,ATMp4
2023-05-21_2023-06-20.json,8266,16,0,0,0,0,0,39,0,8250,2023-05-22,2023-06-20,nifty,week,call,ATMp4
2023-06-20_2023-07-20.json,8266,16,0,0,0,0,0,44,0,8250,2023-06-20,2023-07-20,nifty,week,call,ATMp4
2023-07-20_2023-08-19.json,7891,16,0,0,0,0,0,44,0,7875,2023-07-20,2023-08-18,nifty,week,call,ATMp4
2023-08-19_2023-09-18.json,7891,16,0,0,0,0,0,35,0,7875,2023-08-21,2023-09-18,nifty,week,call,ATMp4
2023-09-18_2023-10-18.json,7889,14,0,0,0,0,0,36,0,7875,2023-09-18,2023-10-18,nifty,week,call,ATMp4
2023-10-18_2023-11-17.json,7950,75,0,0,0,0,0,41,0,7875,2023-10-18,2023-11-17,nifty,week,call,ATMp4
2023-11-17_2023-12-17.json,7514,14,0,0,0,0,0,28,0,7500,2023-11-17,2023-12-15,nifty,week,call,ATMp4
2023-12-17_2024-01-16.json,7894,19,0,0,0,0,0,24,0,7875,2023-12-18,2024-01-16,nifty,week,call,ATMp4
2024-01-16_2024-02-15.json,8266,16,0,0,0,0,0,34,0,8250,2024-01-16,2024-02-15,nifty,week,call,ATMp4
2024-02-15_2024-03-16.json,7999,17,0,0,0,0,0,34,1,7982,2024-02-15,2024-03-15,nifty,week,call,ATMp4
2024-03-16_2024-04-15.json,6760,10,0,0,0,0,0,25,0,6750,2024-03-18,2024-04-15,nifty,week,call,ATMp4
2024-04-15_2024-05-15.json,7881,6,0,0,0,0,0,25,0,7875,2024-04-15,2024-05-15,nifty,week,call,ATMp4
2024-05-15_2024-06-14.json,8635,10,0,0,0,0,0,26,269,8625,2024-05-15,2024-06-14,nifty,week,call,ATMp4
2024-06-14_2024-07-14.json,7506,6,0,0,0,0,0,20,0,7500,2024-06-14,2024-07-12,nifty,week,call,ATMp4
2024-07-14_2024-08-13.json,7887,12,0,0,0,0,0,18,0,7875,2024-07-15,2024-08-13,nifty,week,call,ATMp4
2024-08-13_2024-09-12.json,8258,8,0,0,0,0,0,22,0,8250,2024-08-13,2024-09-12,nifty,week,call,ATMp4
2024-09-12_2024-10-12.json,7883,8,0,0,0,0,0,22,0,7875,2024-09-12,2024-10-11,nifty,week,call,ATMp4
2024-10-12_2024-11-11.json,7570,70,0,0,0,0,0,18,0,7500,2024-10-14,2024-11-11,nifty,week,call,ATMp4
2024-11-11_2024-12-11.json,7878,3,0,0,0,0,0,22,0,7875,2024-11-11,2024-12-11,nifty,week,call,ATMp4
2024-12-11_2025-01-10.json,8253,3,0,0,0,0,0,27,0,8250,2024-12-11,2025-01-10,nifty,week,call,ATMp4
2025-01-10_2025-02-09.json,8252,2,0,0,0,0,0,20,0,8250,2025-01-10,2025-02-07,nifty,week,call,ATMp4
2025-02-09_2025-03-11.json,7878,3,0,0,0,0,0,23,0,7875,2025-02-10,2025-03-11,nifty,week,call,ATMp4
2025-03-11_2025-04-10.json,7504,4,0,0,0,0,0,29,0,7500,2025-03-11,2025-04-09,nifty,week,call,ATMp4
2025-04-10_2025-05-10.json,6751,1,0,0,0,0,0,21,0,6750,2025-04-11,2025-05-09,nifty,week,call,ATMp4
2025-05-10_2025-06-09.json,7878,3,0,0,0,0,0,17,0,7875,2025-05-12,2025-06-09,nifty,week,call,ATMp4
2025-06-09_2025-07-09.json,8625,0,0,0,0,0,0,18,0,8625,2025-06-09,2025-07-09,nifty,week,call,ATMp4
2025-07-09_2025-08-08.json,8626,1,0,0,0,0,0,18,2,8625,2025-07-09,2025-08-08,nifty,week,call,ATMp4
2025-08-08_2025-09-07.json,7125,0,0,0,0,0,0,0,5,7125,2025-08-08,2025-09-05,nifty,week,call,ATMp4
2025-09-07_2025-10-07.json,7875,0,0,0,0,0,0,0,15,7875,2025-09-08,2025-10-07,nifty,week,call,ATMp4
2025-10-07_2025-11-06.json,7605,0,0,0,0,0,0,0,67,7605,2025-10-07,2025-11-06,nifty,week,call,ATMp4
2025-11-06_2025-12-06.json,8250,0,0,0,0,0,0,0,8,8250,2025-11-06,2025-12-05,nifty,week,call,ATMp4
2025-12-06_2026-01-05.json,7500,0,0,0,0,0,0,0,0,7500,2025-12-08,2026-01-05,nifty,week,call,ATMp4
2026-01-05_2026-02-04.json,8250,0,0,0,0,0,0,0,0,8250,2026-01-05,2026-02-04,nifty,week,call,ATMp4
2026-02-04_2026-03-06.json,8250,0,0,0,0,0,0,0,0,8250,2026-02-04,2026-03-06,nifty,week,call,ATMp4
2026-03-06_2026-04-05.json,6746,0,0,0,0,0,0,0,0,6746,2026-03-06,2026-04-02,nifty,week,call,ATMp4
2026-04-05_2026-04-30.json,6716,0,0,0,0,0,0,0,2,6716,2026-04-06,2026-04-30,nifty,week,call,ATMp4
2021-01-01_2021-01-31.json,7500,0,0,0,0,0,0,105,16,7500,2021-01-01,2021-01-29,nifty,week,call,ATMp5
2021-01-31_2021-03-02.json,8250,0,0,0,0,0,0,94,238,8250,2021-02-01,2021-03-02,nifty,week,call,ATMp5
2021-03-02_2021-04-01.json,7875,0,0,0,0,0,0,123,3,7875,2021-03-02,2021-04-01,nifty,week,call,ATMp5
2021-04-01_2021-05-01.json,7125,0,0,0,0,0,0,120,6,7125,2021-04-01,2021-04-30,nifty,week,call,ATMp5
2021-05-01_2021-05-31.json,7500,0,0,0,0,0,0,107,0,7500,2021-05-03,2021-05-31,nifty,week,call,ATMp5
2021-05-31_2021-06-30.json,8625,0,0,0,0,0,0,94,1,8625,2021-05-31,2021-06-30,nifty,week,call,ATMp5
2021-06-30_2021-07-30.json,8250,0,0,0,0,0,0,99,1,8250,2021-06-30,2021-07-30,nifty,week,call,ATMp5
2021-07-30_2021-08-29.json,7505,5,0,0,0,0,0,81,6,7500,2021-07-30,2021-08-27,nifty,week,call,ATMp5
2021-08-29_2021-09-28.json,7884,9,0,0,0,0,0,67,4,7875,2021-08-30,2021-09-28,nifty,week,call,ATMp5
2021-09-28_2021-10-28.json,8263,13,0,0,0,0,0,85,0,8250,2021-09-28,2021-10-28,nifty,week,call,ATMp5
2021-10-28_2021-11-27.json,7202,77,0,0,0,0,0,84,0,7125,2021-10-28,2021-11-26,nifty,week,call,ATMp5
2021-11-27_2021-12-27.json,7887,12,0,0,0,0,0,73,0,7875,2021-11-29,2021-12-27,nifty,week,call,ATMp5
2021-12-27_2022-01-26.json,8269,19,0,0,0,0,0,60,0,8250,2021-12-27,2022-01-25,nifty,week,call,ATMp5
2022-01-26_2022-02-25.json,8266,16,0,0,0,0,0,94,3,8250,2022-01-27,2022-02-25,nifty,week,call,ATMp5
2022-02-25_2022-03-27.json,7137,12,0,0,0,0,0,75,4,7125,2022-02-25,2022-03-25,nifty,week,call,ATMp5
2022-03-27_2022-04-26.json,7516,16,0,0,0,0,0,71,0,7500,2022-03-28,2022-04-26,nifty,week,call,ATMp5
2022-04-26_2022-05-26.json,8267,17,0,0,0,0,0,106,0,8250,2022-04-26,2022-05-26,nifty,week,call,ATMp5
2022-05-26_2022-06-25.json,8251,1,0,0,0,0,0,105,0,8250,2022-05-26,2022-06-24,nifty,week,call,ATMp5
2022-06-25_2022-07-25.json,7875,0,0,0,0,0,0,83,3,7875,2022-06-27,2022-07-25,nifty,week,call,ATMp5
2022-07-25_2022-08-24.json,7875,0,0,0,0,0,0,69,0,7875,2022-07-25,2022-08-24,nifty,week,call,ATMp5
2022-08-24_2022-09-23.json,8250,0,0,0,0,0,0,88,1,8250,2022-08-24,2022-09-23,nifty,week,call,ATMp5
2022-09-23_2022-10-23.json,7500,0,0,0,0,0,0,67,0,7500,2022-09-23,2022-10-21,nifty,week,call,ATMp5
2022-10-23_2022-11-22.json,7185,60,0,0,0,0,0,67,2,7125,2022-10-25,2022-11-22,nifty,week,call,ATMp5
2022-11-22_2022-12-22.json,8625,0,0,0,0,0,0,78,2,8625,2022-11-22,2022-12-22,nifty,week,call,ATMp5
2022-12-22_2023-01-21.json,8250,0,0,0,0,0,0,81,1,8250,2022-12-22,2023-01-20,nifty,week,call,ATMp5
2023-01-21_2023-02-20.json,7500,0,0,0,0,0,0,67,2,7500,2023-01-23,2023-02-20,nifty,week,call,ATMp5
2023-02-20_2023-03-22.json,8250,0,0,0,0,0,0,71,0,8250,2023-02-20,2023-03-22,nifty,week,call,ATMp5
2023-03-22_2023-04-21.json,7125,0,0,0,0,0,0,86,1,7125,2023-03-22,2023-04-21,nifty,week,call,ATMp5
2023-04-21_2023-05-21.json,7510,10,0,0,0,0,0,59,3,7500,2023-04-21,2023-05-19,nifty,week,call,ATMp5
2023-05-21_2023-06-20.json,8263,13,0,0,0,0,0,60,0,8250,2023-05-22,2023-06-20,nifty,week,call,ATMp5
2023-06-20_2023-07-20.json,8261,11,0,0,0,0,0,63,2,8250,2023-06-20,2023-07-20,nifty,week,call,ATMp5
2023-07-20_2023-08-19.json,7887,12,0,0,0,0,0,67,0,7875,2023-07-20,2023-08-18,nifty,week,call,ATMp5
2023-08-19_2023-09-18.json,7889,14,0,0,0,0,0,50,0,7875,2023-08-21,2023-09-18,nifty,week,call,ATMp5
2023-09-18_2023-10-18.json,7889,14,0,0,0,0,0,55,0,7875,2023-09-18,2023-10-18,nifty,week,call,ATMp5
2023-10-18_2023-11-17.json,7951,76,0,0,0,0,0,68,0,7875,2023-10-18,2023-11-17,nifty,week,call,ATMp5
2023-11-17_2023-12-17.json,7512,12,0,0,0,0,0,49,0,7500,2023-11-17,2023-12-15,nifty,week,call,ATMp5
2023-12-17_2024-01-16.json,7892,17,0,0,0,0,0,42,0,7875,2023-12-18,2024-01-16,nifty,week,call,ATMp5
2024-01-16_2024-02-15.json,8268,18,0,0,0,0,0,48,0,8250,2024-01-16,2024-02-15,nifty,week,call,ATMp5
2024-02-15_2024-03-16.json,7998,16,0,0,0,0,0,47,1,7982,2024-02-15,2024-03-15,nifty,week,call,ATMp5
2024-03-16_2024-04-15.json,6760,10,0,0,0,0,0,40,0,6750,2024-03-18,2024-04-15,nifty,week,call,ATMp5
2024-04-15_2024-05-15.json,7880,5,0,0,0,0,0,41,0,7875,2024-04-15,2024-05-15,nifty,week,call,ATMp5
2024-05-15_2024-06-14.json,8635,10,0,0,0,0,0,45,269,8625,2024-05-15,2024-06-14,nifty,week,call,ATMp5
2024-06-14_2024-07-14.json,7506,6,0,0,0,0,0,33,0,7500,2024-06-14,2024-07-12,nifty,week,call,ATMp5
2024-07-14_2024-08-13.json,7885,10,0,0,0,0,0,32,0,7875,2024-07-15,2024-08-13,nifty,week,call,ATMp5
2024-08-13_2024-09-12.json,8259,9,0,0,0,0,0,37,0,8250,2024-08-13,2024-09-12,nifty,week,call,ATMp5
2024-09-12_2024-10-12.json,7884,9,0,0,0,0,0,37,0,7875,2024-09-12,2024-10-11,nifty,week,call,ATMp5
2024-10-12_2024-11-11.json,7571,71,0,0,0,0,0,32,0,7500,2024-10-14,2024-11-11,nifty,week,call,ATMp5
2024-11-11_2024-12-11.json,7878,3,0,0,0,0,0,36,0,7875,2024-11-11,2024-12-11,nifty,week,call,ATMp5
2024-12-11_2025-01-10.json,8254,4,0,0,0,0,0,44,0,8250,2024-12-11,2025-01-10,nifty,week,call,ATMp5
2025-01-10_2025-02-09.json,8252,2,0,0,0,0,0,31,0,8250,2025-01-10,2025-02-07,nifty,week,call,ATMp5
2025-02-09_2025-03-11.json,7878,3,0,0,0,0,0,37,0,7875,2025-02-10,2025-03-11,nifty,week,call,ATMp5
2025-03-11_2025-04-10.json,7503,3,0,0,0,0,0,50,0,7500,2025-03-11,2025-04-09,nifty,week,call,ATMp5
2025-04-10_2025-05-10.json,6751,1,0,0,0,0,0,32,0,6750,2025-04-11,2025-05-09,nifty,week,call,ATMp5
2025-05-10_2025-06-09.json,7877,2,0,0,0,0,0,29,0,7875,2025-05-12,2025-06-09,nifty,week,call,ATMp5
2025-06-09_2025-07-09.json,8625,0,0,0,0,0,0,31,0,8625,2025-06-09,2025-07-09,nifty,week,call,ATMp5
2025-07-09_2025-08-08.json,8626,1,0,0,0,0,0,30,3,8625,2025-07-09,2025-08-08,nifty,week,call,ATMp5
2025-08-08_2025-09-07.json,7125,0,0,0,0,0,0,0,11,7125,2025-08-08,2025-09-05,nifty,week,call,ATMp5
2025-09-07_2025-10-07.json,7875,0,0,0,0,0,0,0,10,7875,2025-09-08,2025-10-07,nifty,week,call,ATMp5
2025-10-07_2025-11-06.json,7605,0,0,0,0,0,0,0,55,7605,2025-10-07,2025-11-06,nifty,week,call,ATMp5
2025-11-06_2025-12-06.json,8250,0,0,0,0,0,0,0,8,8250,2025-11-06,2025-12-05,nifty,week,call,ATMp5
2025-12-06_2026-01-05.json,7500,0,0,0,0,0,0,0,0,7500,2025-12-08,2026-01-05,nifty,week,call,ATMp5
2026-01-05_2026-02-04.json,8250,0,0,0,0,0,0,0,0,8250,2026-01-05,2026-02-04,nifty,week,call,ATMp5
2026-02-04_2026-03-06.json,8250,0,0,0,0,0,0,0,0,8250,2026-02-04,2026-03-06,nifty,week,call,ATMp5
2026-03-06_2026-04-05.json,6746,0,0,0,0,0,0,0,0,6746,2026-03-06,2026-04-02,nifty,week,call,ATMp5
2026-04-05_2026-04-30.json,6716,0,0,0,0,0,0,0,2,6716,2026-04-06,2026-04-30,nifty,week,call,ATMp5
2021-01-01_2021-01-31.json,7500,0,0,0,0,0,0,164,137,7500,2021-01-01,2021-01-29,nifty,week,call,ATMp6
2021-01-31_2021-03-02.json,8250,0,0,0,0,0,0,140,244,8250,2021-02-01,2021-03-02,nifty,week,call,ATMp6
2021-03-02_2021-04-01.json,7875,0,0,0,0,0,0,191,5,7875,2021-03-02,2021-04-01,nifty,week,call,ATMp6
2021-04-01_2021-05-01.json,7125,0,0,0,0,0,0,183,7,7125,2021-04-01,2021-04-30,nifty,week,call,ATMp6
2021-05-01_2021-05-31.json,7499,0,0,0,0,0,0,149,6,7499,2021-05-03,2021-05-31,nifty,week,call,ATMp6
2021-05-31_2021-06-30.json,8625,0,0,0,0,0,0,131,11,8625,2021-05-31,2021-06-30,nifty,week,call,ATMp6
2021-06-30_2021-07-30.json,8250,0,0,0,0,0,0,163,34,8250,2021-06-30,2021-07-30,nifty,week,call,ATMp6
2021-07-30_2021-08-29.json,7504,4,0,0,0,0,0,108,43,7500,2021-07-30,2021-08-27,nifty,week,call,ATMp6
2021-08-29_2021-09-28.json,7884,9,0,0,0,0,0,99,16,7875,2021-08-30,2021-09-28,nifty,week,call,ATMp6
2021-09-28_2021-10-28.json,8266,16,0,0,0,0,0,132,5,8250,2021-09-28,2021-10-28,nifty,week,call,ATMp6
2021-10-28_2021-11-27.json,7201,76,0,0,0,0,0,129,0,7125,2021-10-28,2021-11-26,nifty,week,call,ATMp6
2021-11-27_2021-12-27.json,7894,19,0,0,0,0,0,109,0,7875,2021-11-29,2021-12-27,nifty,week,call,ATMp6
2021-12-27_2022-01-26.json,8265,15,0,0,0,0,0,99,4,8250,2021-12-27,2022-01-25,nifty,week,call,ATMp6
2022-01-26_2022-02-25.json,8266,16,0,0,0,0,0,136,2,8250,2022-01-27,2022-02-25,nifty,week,call,ATMp6
2022-02-25_2022-03-27.json,7137,12,0,0,0,0,0,119,3,7125,2022-02-25,2022-03-25,nifty,week,call,ATMp6
2022-03-27_2022-04-26.json,7514,14,0,0,0,0,0,101,0,7500,2022-03-28,2022-04-26,nifty,week,call,ATMp6
2022-04-26_2022-05-26.json,8268,18,0,0,0,0,0,154,0,8250,2022-04-26,2022-05-26,nifty,week,call,ATMp6
2022-05-26_2022-06-25.json,8251,1,0,0,0,0,0,149,1,8250,2022-05-26,2022-06-24,nifty,week,call,ATMp6
2022-06-25_2022-07-25.json,7875,0,0,0,0,0,0,116,2,7875,2022-06-27,2022-07-25,nifty,week,call,ATMp6
2022-07-25_2022-08-24.json,7875,0,0,0,0,0,0,95,5,7875,2022-07-25,2022-08-24,nifty,week,call,ATMp6
2022-08-24_2022-09-23.json,8250,0,0,0,0,0,0,127,1,8250,2022-08-24,2022-09-23,nifty,week,call,ATMp6
2022-09-23_2022-10-23.json,7500,0,0,0,0,0,0,103,1,7500,2022-09-23,2022-10-21,nifty,week,call,ATMp6
2022-10-23_2022-11-22.json,7185,60,0,0,0,0,0,91,2,7125,2022-10-25,2022-11-22,nifty,week,call,ATMp6
2022-11-22_2022-12-22.json,8625,0,0,0,0,0,0,122,2,8625,2022-11-22,2022-12-22,nifty,week,call,ATMp6
2022-12-22_2023-01-21.json,8250,0,0,0,0,0,0,126,1,8250,2022-12-22,2023-01-20,nifty,week,call,ATMp6
2023-01-21_2023-02-20.json,7500,0,0,0,0,0,0,102,1,7500,2023-01-23,2023-02-20,nifty,week,call,ATMp6
2023-02-20_2023-03-22.json,8250,0,0,0,0,0,0,110,0,8250,2023-02-20,2023-03-22,nifty,week,call,ATMp6
2023-03-22_2023-04-21.json,7125,0,0,0,0,0,0,117,7,7125,2023-03-22,2023-04-21,nifty,week,call,ATMp6
2023-04-21_2023-05-21.json,7509,9,0,0,0,0,0,88,9,7500,2023-04-21,2023-05-19,nifty,week,call,ATMp6
2023-05-21_2023-06-20.json,8264,14,0,0,0,0,0,86,2,8250,2023-05-22,2023-06-20,nifty,week,call,ATMp6
2023-06-20_2023-07-20.json,8259,9,0,0,0,0,0,96,1,8250,2023-06-20,2023-07-20,nifty,week,call,ATMp6
2023-07-20_2023-08-19.json,7892,17,0,0,0,0,0,98,0,7875,2023-07-20,2023-08-18,nifty,week,call,ATMp6
2023-08-19_2023-09-18.json,7890,15,0,0,0,0,0,75,2,7875,2023-08-21,2023-09-18,nifty,week,call,ATMp6
2023-09-18_2023-10-18.json,7890,15,0,0,0,0,0,76,0,7875,2023-09-18,2023-10-18,nifty,week,call,ATMp6
2023-10-18_2023-11-17.json,7950,75,0,0,0,0,0,98,0,7875,2023-10-18,2023-11-17,nifty,week,call,ATMp6
2023-11-17_2023-12-17.json,7511,11,0,0,0,0,0,68,0,7500,2023-11-17,2023-12-15,nifty,week,call,ATMp6
2023-12-17_2024-01-16.json,7892,17,0,0,0,0,0,60,0,7875,2023-12-18,2024-01-16,nifty,week,call,ATMp6
2024-01-16_2024-02-15.json,8265,15,0,0,0,0,0,78,0,8250,2024-01-16,2024-02-15,nifty,week,call,ATMp6
2024-02-15_2024-03-16.json,7997,15,0,0,0,0,0,73,1,7982,2024-02-15,2024-03-15,nifty,week,call,ATMp6
2024-03-16_2024-04-15.json,6759,9,0,0,0,0,0,55,0,6750,2024-03-18,2024-04-15,nifty,week,call,ATMp6
2024-04-15_2024-05-15.json,7880,5,0,0,0,0,0,59,0,7875,2024-04-15,2024-05-15,nifty,week,call,ATMp6
2024-05-15_2024-06-14.json,8635,10,0,0,0,0,0,69,270,8625,2024-05-15,2024-06-14,nifty,week,call,ATMp6
2024-06-14_2024-07-14.json,7503,3,0,0,0,0,0,44,0,7500,2024-06-14,2024-07-12,nifty,week,call,ATMp6
2024-07-14_2024-08-13.json,7884,9,0,0,0,0,0,46,0,7875,2024-07-15,2024-08-13,nifty,week,call,ATMp6
2024-08-13_2024-09-12.json,8257,7,0,0,0,0,0,55,0,8250,2024-08-13,2024-09-12,nifty,week,call,ATMp6
2024-09-12_2024-10-12.json,7881,6,0,0,0,0,0,52,0,7875,2024-09-12,2024-10-11,nifty,week,call,ATMp6
2024-10-12_2024-11-11.json,7570,70,0,0,0,0,0,46,0,7500,2024-10-14,2024-11-11,nifty,week,call,ATMp6
2024-11-11_2024-12-11.json,7878,3,0,0,0,0,0,49,0,7875,2024-11-11,2024-12-11,nifty,week,call,ATMp6
2024-12-11_2025-01-10.json,8253,3,0,0,0,0,0,64,0,8250,2024-12-11,2025-01-10,nifty,week,call,ATMp6
2025-01-10_2025-02-09.json,8252,2,0,0,0,0,0,47,0,8250,2025-01-10,2025-02-07,nifty,week,call,ATMp6
2025-02-09_2025-03-11.json,7878,3,0,0,0,0,0,56,0,7875,2025-02-10,2025-03-11,nifty,week,call,ATMp6
2025-03-11_2025-04-10.json,7504,4,0,0,0,0,0,70,0,7500,2025-03-11,2025-04-09,nifty,week,call,ATMp6
2025-04-10_2025-05-10.json,6751,1,0,0,0,0,0,50,0,6750,2025-04-11,2025-05-09,nifty,week,call,ATMp6
2025-05-10_2025-06-09.json,7878,3,0,0,0,0,0,48,0,7875,2025-05-12,2025-06-09,nifty,week,call,ATMp6
2025-06-09_2025-07-09.json,8625,0,0,0,0,0,0,47,0,8625,2025-06-09,2025-07-09,nifty,week,call,ATMp6
2025-07-09_2025-08-08.json,8625,0,0,0,0,0,0,42,2,8625,2025-07-09,2025-08-08,nifty,week,call,ATMp6
2025-08-08_2025-09-07.json,7125,0,0,0,0,0,0,0,10,7125,2025-08-08,2025-09-05,nifty,week,call,ATMp6
2025-09-07_2025-10-07.json,7875,0,0,0,0,0,0,0,12,7875,2025-09-08,2025-10-07,nifty,week,call,ATMp6
2025-10-07_2025-11-06.json,7605,0,0,0,0,0,0,0,63,7605,2025-10-07,2025-11-06,nifty,week,call,ATMp6
2025-11-06_2025-12-06.json,8250,0,0,0,0,0,0,0,7,8250,2025-11-06,2025-12-05,nifty,week,call,ATMp6
2025-12-06_2026-01-05.json,7500,0,0,0,0,0,0,0,0,7500,2025-12-08,2026-01-05,nifty,week,call,ATMp6
2026-01-05_2026-02-04.json,8250,0,0,0,0,0,0,0,0,8250,2026-01-05,2026-02-04,nifty,week,call,ATMp6
2026-02-04_2026-03-06.json,8250,0,0,0,0,0,0,0,0,8250,2026-02-04,2026-03-06,nifty,week,call,ATMp6
2026-03-06_2026-04-05.json,6746,0,0,0,0,0,0,0,0,6746,2026-03-06,2026-04-02,nifty,week,call,ATMp6
2026-04-05_2026-04-30.json,6717,0,0,0,0,0,0,0,2,6717,2026-04-06,2026-04-30,nifty,week,call,ATMp6
2021-01-01_2021-01-31.json,7500,0,0,0,0,0,0,204,298,7500,2021-01-01,2021-01-29,nifty,week,call,ATMp7
2021-01-31_2021-03-02.json,8250,0,0,0,0,0,0,191,263,8250,2021-02-01,2021-03-02,nifty,week,call,ATMp7
2021-03-02_2021-04-01.json,7875,0,0,0,0,0,0,272,5,7875,2021-03-02,2021-04-01,nifty,week,call,ATMp7
2021-04-01_2021-05-01.json,7125,0,0,0,0,0,0,266,8,7125,2021-04-01,2021-04-30,nifty,week,call,ATMp7
2021-05-01_2021-05-31.json,7500,0,0,0,0,0,0,208,12,7500,2021-05-03,2021-05-31,nifty,week,call,ATMp7
2021-05-31_2021-06-30.json,8625,0,0,0,0,0,0,188,34,8625,2021-05-31,2021-06-30,nifty,week,call,ATMp7
2021-06-30_2021-07-30.json,8250,0,0,0,0,0,0,222,72,8250,2021-06-30,2021-07-30,nifty,week,call,ATMp7
2021-07-30_2021-08-29.json,7506,6,0,0,0,0,0,155,62,7500,2021-07-30,2021-08-27,nifty,week,call,ATMp7
2021-08-29_2021-09-28.json,7884,9,0,0,0,0,0,152,49,7875,2021-08-30,2021-09-28,nifty,week,call,ATMp7
2021-09-28_2021-10-28.json,8262,12,0,0,0,0,0,183,19,8250,2021-09-28,2021-10-28,nifty,week,call,ATMp7
2021-10-28_2021-11-27.json,7198,73,0,0,0,0,0,189,0,7125,2021-10-28,2021-11-26,nifty,week,call,ATMp7
2021-11-27_2021-12-27.json,7891,16,0,0,0,0,0,144,0,7875,2021-11-29,2021-12-27,nifty,week,call,ATMp7
2021-12-27_2022-01-26.json,8265,15,0,0,0,0,0,138,2,8250,2021-12-27,2022-01-25,nifty,week,call,ATMp7
2022-01-26_2022-02-25.json,8264,14,0,0,0,0,0,186,7,8250,2022-01-27,2022-02-25,nifty,week,call,ATMp7
2022-02-25_2022-03-27.json,7136,11,0,0,0,0,0,149,6,7125,2022-02-25,2022-03-25,nifty,week,call,ATMp7
2022-03-27_2022-04-26.json,7516,16,0,0,0,0,0,135,5,7500,2022-03-28,2022-04-26,nifty,week,call,ATMp7
2022-04-26_2022-05-26.json,8267,17,0,0,0,0,0,205,0,8250,2022-04-26,2022-05-26,nifty,week,call,ATMp7
2022-05-26_2022-06-25.json,8251,1,0,0,0,0,0,213,0,8250,2022-05-26,2022-06-24,nifty,week,call,ATMp7
2022-06-25_2022-07-25.json,7875,0,0,0,0,0,0,158,19,7875,2022-06-27,2022-07-25,nifty,week,call,ATMp7
2022-07-25_2022-08-24.json,7875,0,0,0,0,0,0,136,4,7875,2022-07-25,2022-08-24,nifty,week,call,ATMp7
2022-08-24_2022-09-23.json,8250,0,0,0,0,0,0,171,2,8250,2022-08-24,2022-09-23,nifty,week,call,ATMp7
2022-09-23_2022-10-23.json,7500,0,0,0,0,0,0,144,3,7500,2022-09-23,2022-10-21,nifty,week,call,ATMp7
2022-10-23_2022-11-22.json,7185,60,0,0,0,0,0,134,4,7125,2022-10-25,2022-11-22,nifty,week,call,ATMp7
2022-11-22_2022-12-22.json,8625,0,0,0,0,0,0,170,6,8625,2022-11-22,2022-12-22,nifty,week,call,ATMp7
2022-12-22_2023-01-21.json,8250,0,0,0,0,0,0,170,1,8250,2022-12-22,2023-01-20,nifty,week,call,ATMp7
2023-01-21_2023-02-20.json,7500,0,0,0,0,0,0,135,2,7500,2023-01-23,2023-02-20,nifty,week,call,ATMp7
2023-02-20_2023-03-22.json,8250,0,0,0,0,0,0,153,0,8250,2023-02-20,2023-03-22,nifty,week,call,ATMp7
2023-03-22_2023-04-21.json,7125,0,0,0,0,0,0,165,11,7125,2023-03-22,2023-04-21,nifty,week,call,ATMp7
2023-04-21_2023-05-21.json,7508,8,0,0,0,0,0,135,6,7500,2023-04-21,2023-05-19,nifty,week,call,ATMp7
2023-05-21_2023-06-20.json,8262,12,0,0,0,0,0,122,2,8250,2023-05-22,2023-06-20,nifty,week,call,ATMp7
2023-06-20_2023-07-20.json,8262,12,0,0,0,0,0,145,15,8250,2023-06-20,2023-07-20,nifty,week,call,ATMp7
2023-07-20_2023-08-19.json,7887,12,0,0,0,0,0,141,0,7875,2023-07-20,2023-08-18,nifty,week,call,ATMp7
2023-08-19_2023-09-18.json,7885,10,0,0,0,0,0,106,3,7875,2023-08-21,2023-09-18,nifty,week,call,ATMp7
2023-09-18_2023-10-18.json,7887,12,0,0,0,0,0,109,0,7875,2023-09-18,2023-10-18,nifty,week,call,ATMp7
2023-10-18_2023-11-17.json,7950,75,0,0,0,0,0,136,1,7875,2023-10-18,2023-11-17,nifty,week,call,ATMp7
2023-11-17_2023-12-17.json,7509,9,0,0,0,0,0,95,1,7500,2023-11-17,2023-12-15,nifty,week,call,ATMp7
2023-12-17_2024-01-16.json,7888,13,0,0,0,0,0,89,0,7875,2023-12-18,2024-01-16,nifty,week,call,ATMp7
2024-01-16_2024-02-15.json,8264,14,0,0,0,0,0,106,0,8250,2024-01-16,2024-02-15,nifty,week,call,ATMp7
2024-02-15_2024-03-16.json,7996,14,0,0,0,0,0,98,1,7982,2024-02-15,2024-03-15,nifty,week,call,ATMp7
2024-03-16_2024-04-15.json,6759,9,0,0,0,0,0,78,0,6750,2024-03-18,2024-04-15,nifty,week,call,ATMp7
2024-04-15_2024-05-15.json,7880,5,0,0,0,0,0,83,0,7875,2024-04-15,2024-05-15,nifty,week,call,ATMp7
2024-05-15_2024-06-14.json,8635,10,0,0,0,0,0,110,280,8625,2024-05-15,2024-06-14,nifty,week,call,ATMp7
2024-06-14_2024-07-14.json,7505,5,0,0,0,0,0,67,0,7500,2024-06-14,2024-07-12,nifty,week,call,ATMp7
2024-07-14_2024-08-13.json,7884,9,0,0,0,0,0,62,1,7875,2024-07-15,2024-08-13,nifty,week,call,ATMp7
2024-08-13_2024-09-12.json,8255,5,0,0,0,0,0,77,0,8250,2024-08-13,2024-09-12,nifty,week,call,ATMp7
2024-09-12_2024-10-12.json,7882,7,0,0,0,0,0,73,0,7875,2024-09-12,2024-10-11,nifty,week,call,ATMp7
2024-10-12_2024-11-11.json,7571,71,0,0,0,0,0,66,0,7500,2024-10-14,2024-11-11,nifty,week,call,ATMp7
2024-11-11_2024-12-11.json,7878,3,0,0,0,0,0,77,0,7875,2024-11-11,2024-12-11,nifty,week,call,ATMp7
2024-12-11_2025-01-10.json,8252,2,0,0,0,0,0,91,0,8250,2024-12-11,2025-01-10,nifty,week,call,ATMp7
2025-01-10_2025-02-09.json,8252,2,0,0,0,0,0,74,0,8250,2025-01-10,2025-02-07,nifty,week,call,ATMp7
2025-02-09_2025-03-11.json,7878,3,0,0,0,0,0,76,0,7875,2025-02-10,2025-03-11,nifty,week,call,ATMp7
2025-03-11_2025-04-10.json,7502,2,0,0,0,0,0,99,1,7500,2025-03-11,2025-04-09,nifty,week,call,ATMp7
2025-04-10_2025-05-10.json,6750,0,0,0,0,0,0,66,0,6750,2025-04-11,2025-05-09,nifty,week,call,ATMp7
2025-05-10_2025-06-09.json,7878,3,0,0,0,0,0,64,0,7875,2025-05-12,2025-06-09,nifty,week,call,ATMp7
2025-06-09_2025-07-09.json,8625,0,0,0,0,0,0,64,0,8625,2025-06-09,2025-07-09,nifty,week,call,ATMp7
2025-07-09_2025-08-08.json,8625,0,0,0,0,0,0,56,0,8625,2025-07-09,2025-08-08,nifty,week,call,ATMp7
2025-08-08_2025-09-07.json,7125,0,0,0,0,0,0,0,7,7125,2025-08-08,2025-09-05,nifty,week,call,ATMp7
2025-09-07_2025-10-07.json,7875,0,0,0,0,0,0,0,10,7875,2025-09-08,2025-10-07,nifty,week,call,ATMp7
2025-10-07_2025-11-06.json,7605,0,0,0,0,0,0,0,65,7605,2025-10-07,2025-11-06,nifty,week,call,ATMp7
2025-11-06_2025-12-06.json,8250,0,0,0,0,0,0,0,10,8250,2025-11-06,2025-12-05,nifty,week,call,ATMp7
2025-12-06_2026-01-05.json,7500,0,0,0,0,0,0,0,0,7500,2025-12-08,2026-01-05,nifty,week,call,ATMp7
2026-01-05_2026-02-04.json,8250,0,0,0,0,0,0,0,0,8250,2026-01-05,2026-02-04,nifty,week,call,ATMp7
2026-02-04_2026-03-06.json,8250,0,0,0,0,0,0,0,0,8250,2026-02-04,2026-03-06,nifty,week,call,ATMp7
2026-03-06_2026-04-05.json,6746,0,0,0,0,0,0,0,0,6746,2026-03-06,2026-04-02,nifty,week,call,ATMp7
2026-04-05_2026-04-30.json,6717,0,0,0,0,0,0,0,2,6717,2026-04-06,2026-04-30,nifty,week,call,ATMp7
2021-01-01_2021-01-31.json,7500,0,0,0,0,0,0,271,322,7500,2021-01-01,2021-01-29,nifty,week,call,ATMp8
2021-01-31_2021-03-02.json,8250,0,0,0,0,0,0,252,332,8250,2021-02-01,2021-03-02,nifty,week,call,ATMp8
2021-03-02_2021-04-01.json,7874,0,0,0,0,0,0,356,25,7874,2021-03-02,2021-04-01,nifty,week,call,ATMp8
2021-04-01_2021-05-01.json,7125,0,0,0,0,0,0,349,70,7125,2021-04-01,2021-04-30,nifty,week,call,ATMp8
2021-05-01_2021-05-31.json,7500,0,0,0,0,0,0,266,73,7500,2021-05-03,2021-05-31,nifty,week,call,ATMp8
2021-05-31_2021-06-30.json,8625,0,0,0,0,0,0,248,129,8625,2021-05-31,2021-06-30,nifty,week,call,ATMp8
2021-06-30_2021-07-30.json,8250,0,0,0,0,0,0,298,144,8250,2021-06-30,2021-07-30,nifty,week,call,ATMp8
2021-07-30_2021-08-29.json,7502,2,0,0,0,0,0,209,236,7500,2021-07-30,2021-08-27,nifty,week,call,ATMp8
2021-08-29_2021-09-28.json,7881,6,0,0,0,0,0,195,98,7875,2021-08-30,2021-09-28,nifty,week,call,ATMp8
2021-09-28_2021-10-28.json,8260,10,0,0,0,0,0,235,23,8250,2021-09-28,2021-10-28,nifty,week,call,ATMp8
2021-10-28_2021-11-27.json,7199,74,0,0,0,0,0,245,3,7125,2021-10-28,2021-11-26,nifty,week,call,ATMp8
2021-11-27_2021-12-27.json,7889,14,0,0,0,0,0,191,2,7875,2021-11-29,2021-12-27,nifty,week,call,ATMp8
2021-12-27_2022-01-26.json,8262,12,0,0,0,0,0,177,66,8250,2021-12-27,2022-01-25,nifty,week,call,ATMp8
2022-01-26_2022-02-25.json,8267,17,0,0,0,0,0,237,2,8250,2022-01-27,2022-02-25,nifty,week,call,ATMp8
2022-02-25_2022-03-27.json,7138,13,0,0,0,0,0,208,4,7125,2022-02-25,2022-03-25,nifty,week,call,ATMp8
2022-03-27_2022-04-26.json,7516,16,0,0,0,0,0,189,4,7500,2022-03-28,2022-04-26,nifty,week,call,ATMp8
2022-04-26_2022-05-26.json,8267,17,0,0,0,0,0,280,1,8250,2022-04-26,2022-05-26,nifty,week,call,ATMp8
2022-05-26_2022-06-25.json,8251,1,0,0,0,0,0,290,3,8250,2022-05-26,2022-06-24,nifty,week,call,ATMp8
2022-06-25_2022-07-25.json,7875,0,0,0,0,0,0,217,31,7875,2022-06-27,2022-07-25,nifty,week,call,ATMp8
2022-07-25_2022-08-24.json,7875,0,0,0,0,0,0,180,34,7875,2022-07-25,2022-08-24,nifty,week,call,ATMp8
2022-08-24_2022-09-23.json,8250,0,0,0,0,0,0,235,1,8250,2022-08-24,2022-09-23,nifty,week,call,ATMp8
2022-09-23_2022-10-23.json,7500,0,0,0,0,0,0,193,2,7500,2022-09-23,2022-10-21,nifty,week,call,ATMp8
2022-10-23_2022-11-22.json,7185,60,0,0,0,0,0,179,3,7125,2022-10-25,2022-11-22,nifty,week,call,ATMp8
2022-11-22_2022-12-22.json,8625,0,0,0,0,0,0,226,6,8625,2022-11-22,2022-12-22,nifty,week,call,ATMp8
2022-12-22_2023-01-21.json,8250,0,0,0,0,0,0,238,3,8250,2022-12-22,2023-01-20,nifty,week,call,ATMp8
2023-01-21_2023-02-20.json,7500,0,0,0,0,0,0,180,3,7500,2023-01-23,2023-02-20,nifty,week,call,ATMp8
2023-02-20_2023-03-22.json,8250,0,0,0,0,0,0,186,0,8250,2023-02-20,2023-03-22,nifty,week,call,ATMp8
2023-03-22_2023-04-21.json,7125,0,0,0,0,0,0,228,14,7125,2023-03-22,2023-04-21,nifty,week,call,ATMp8
2023-04-21_2023-05-21.json,7502,2,0,0,0,0,0,165,25,7500,2023-04-21,2023-05-19,nifty,week,call,ATMp8
2023-05-21_2023-06-20.json,8259,9,0,0,0,0,0,172,7,8250,2023-05-22,2023-06-20,nifty,week,call,ATMp8
2023-06-20_2023-07-20.json,8259,9,0,0,0,0,0,196,6,8250,2023-06-20,2023-07-20,nifty,week,call,ATMp8
2023-07-20_2023-08-19.json,7889,14,0,0,0,0,0,194,0,7875,2023-07-20,2023-08-18,nifty,week,call,ATMp8
2023-08-19_2023-09-18.json,7887,12,0,0,0,0,0,143,12,7875,2023-08-21,2023-09-18,nifty,week,call,ATMp8
2023-09-18_2023-10-18.json,7883,8,0,0,0,0,0,141,3,7875,2023-09-18,2023-10-18,nifty,week,call,ATMp8
2023-10-18_2023-11-17.json,7948,73,0,0,0,0,0,186,1,7875,2023-10-18,2023-11-17,nifty,week,call,ATMp8
2023-11-17_2023-12-17.json,7511,11,0,0,0,0,0,124,1,7500,2023-11-17,2023-12-15,nifty,week,call,ATMp8
2023-12-17_2024-01-16.json,7890,15,0,0,0,0,0,114,0,7875,2023-12-18,2024-01-16,nifty,week,call,ATMp8
2024-01-16_2024-02-15.json,8265,15,0,0,0,0,0,146,0,8250,2024-01-16,2024-02-15,nifty,week,call,ATMp8
2024-02-15_2024-03-16.json,7997,15,0,0,0,0,0,133,0,7982,2024-02-15,2024-03-15,nifty,week,call,ATMp8
2024-03-16_2024-04-15.json,6757,7,0,0,0,0,0,98,2,6750,2024-03-18,2024-04-15,nifty,week,call,ATMp8
2024-04-15_2024-05-15.json,7880,5,0,0,0,0,0,110,0,7875,2024-04-15,2024-05-15,nifty,week,call,ATMp8
2024-05-15_2024-06-14.json,8636,11,0,0,0,0,0,141,302,8625,2024-05-15,2024-06-14,nifty,week,call,ATMp8
2024-06-14_2024-07-14.json,7504,4,0,0,0,0,0,87,0,7500,2024-06-14,2024-07-12,nifty,week,call,ATMp8
2024-07-14_2024-08-13.json,7884,9,0,0,0,0,0,85,0,7875,2024-07-15,2024-08-13,nifty,week,call,ATMp8
2024-08-13_2024-09-12.json,8257,7,0,0,0,0,0,107,2,8250,2024-08-13,2024-09-12,nifty,week,call,ATMp8
2024-09-12_2024-10-12.json,7883,8,0,0,0,0,0,103,2,7875,2024-09-12,2024-10-11,nifty,week,call,ATMp8
2024-10-12_2024-11-11.json,7570,70,0,0,0,0,0,89,0,7500,2024-10-14,2024-11-11,nifty,week,call,ATMp8
2024-11-11_2024-12-11.json,7878,3,0,0,0,0,0,105,0,7875,2024-11-11,2024-12-11,nifty,week,call,ATMp8
2024-12-11_2025-01-10.json,8252,2,0,0,0,0,0,118,0,8250,2024-12-11,2025-01-10,nifty,week,call,ATMp8
2025-01-10_2025-02-09.json,8252,2,0,0,0,0,0,92,0,8250,2025-01-10,2025-02-07,nifty,week,call,ATMp8
2025-02-09_2025-03-11.json,7878,3,0,0,0,0,0,99,1,7875,2025-02-10,2025-03-11,nifty,week,call,ATMp8
2025-03-11_2025-04-10.json,7503,3,0,0,0,0,0,127,0,7500,2025-03-11,2025-04-09,nifty,week,call,ATMp8
2025-04-10_2025-05-10.json,6750,0,0,0,0,0,0,90,0,6750,2025-04-11,2025-05-09,nifty,week,call,ATMp8
2025-05-10_2025-06-09.json,7877,2,0,0,0,0,0,88,0,7875,2025-05-12,2025-06-09,nifty,week,call,ATMp8
2025-06-09_2025-07-09.json,8625,0,0,0,0,0,0,82,0,8625,2025-06-09,2025-07-09,nifty,week,call,ATMp8
2025-07-09_2025-08-08.json,8625,0,0,0,0,0,0,77,2,8625,2025-07-09,2025-08-08,nifty,week,call,ATMp8
2025-08-08_2025-09-07.json,7125,0,0,0,0,0,0,0,9,7125,2025-08-08,2025-09-05,nifty,week,call,ATMp8
2025-09-07_2025-10-07.json,7875,0,0,0,0,0,0,0,12,7875,2025-09-08,2025-10-07,nifty,week,call,ATMp8
2025-10-07_2025-11-06.json,7605,0,0,0,0,0,0,0,62,7605,2025-10-07,2025-11-06,nifty,week,call,ATMp8
2025-11-06_2025-12-06.json,8250,0,0,0,0,0,0,0,9,8250,2025-11-06,2025-12-05,nifty,week,call,ATMp8
2025-12-06_2026-01-05.json,7500,0,0,0,0,0,0,0,1,7500,2025-12-08,2026-01-05,nifty,week,call,ATMp8
2026-01-05_2026-02-04.json,8250,0,0,0,0,0,0,0,0,8250,2026-01-05,2026-02-04,nifty,week,call,ATMp8
2026-02-04_2026-03-06.json,8250,0,0,0,0,0,0,0,0,8250,2026-02-04,2026-03-06,nifty,week,call,ATMp8
2026-03-06_2026-04-05.json,6746,0,0,0,0,0,0,0,0,6746,2026-03-06,2026-04-02,nifty,week,call,ATMp8
2026-04-05_2026-04-30.json,6717,0,0,0,0,0,0,0,2,6717,2026-04-06,2026-04-30,nifty,week,call,ATMp8
2021-01-01_2021-01-31.json,7500,0,0,0,0,0,0,335,607,7500,2021-01-01,2021-01-29,nifty,week,call,ATMp9
2021-01-31_2021-03-02.json,8250,0,0,0,0,0,0,337,356,8250,2021-02-01,2021-03-02,nifty,week,call,ATMp9
2021-03-02_2021-04-01.json,7873,0,0,0,0,0,0,466,38,7873,2021-03-02,2021-04-01,nifty,week,call,ATMp9
2021-04-01_2021-05-01.json,7124,0,0,0,0,0,0,443,79,7124,2021-04-01,2021-04-30,nifty,week,call,ATMp9
2021-05-01_2021-05-31.json,7500,0,0,0,0,0,0,333,135,7500,2021-05-03,2021-05-31,nifty,week,call,ATMp9
2021-05-31_2021-06-30.json,8625,0,0,0,0,0,0,321,247,8625,2021-05-31,2021-06-30,nifty,week,call,ATMp9
2021-06-30_2021-07-30.json,8250,0,0,0,0,0,0,378,296,8250,2021-06-30,2021-07-30,nifty,week,call,ATMp9
2021-07-30_2021-08-29.json,7504,4,0,0,0,0,0,286,221,7500,2021-07-30,2021-08-27,nifty,week,call,ATMp9
2021-08-29_2021-09-28.json,7882,7,0,0,0,0,0,244,160,7875,2021-08-30,2021-09-28,nifty,week,call,ATMp9
2021-09-28_2021-10-28.json,8256,6,0,0,0,0,0,306,84,8250,2021-09-28,2021-10-28,nifty,week,call,ATMp9
2021-10-28_2021-11-27.json,7194,69,0,0,0,0,0,318,0,7125,2021-10-28,2021-11-26,nifty,week,call,ATMp9
2021-11-27_2021-12-27.json,7883,8,0,0,0,0,0,250,23,7875,2021-11-29,2021-12-27,nifty,week,call,ATMp9
2021-12-27_2022-01-26.json,8260,10,0,0,0,0,0,228,27,8250,2021-12-27,2022-01-25,nifty,week,call,ATMp9
2022-01-26_2022-02-25.json,8264,14,0,0,0,0,0,311,20,8250,2022-01-27,2022-02-25,nifty,week,call,ATMp9
2022-02-25_2022-03-27.json,7137,12,0,0,0,0,0,266,11,7125,2022-02-25,2022-03-25,nifty,week,call,ATMp9
2022-03-27_2022-04-26.json,7513,13,0,0,0,0,0,239,13,7500,2022-03-28,2022-04-26,nifty,week,call,ATMp9
2022-04-26_2022-05-26.json,8267,17,0,0,0,0,0,368,0,8250,2022-04-26,2022-05-26,nifty,week,call,ATMp9
2022-05-26_2022-06-25.json,8251,1,0,0,0,0,0,357,3,8250,2022-05-26,2022-06-24,nifty,week,call,ATMp9
2022-06-25_2022-07-25.json,7875,0,0,0,0,0,0,283,35,7875,2022-06-27,2022-07-25,nifty,week,call,ATMp9
2022-07-25_2022-08-24.json,7875,0,0,0,0,0,0,232,24,7875,2022-07-25,2022-08-24,nifty,week,call,ATMp9
2022-08-24_2022-09-23.json,8250,0,0,0,0,0,0,297,8,8250,2022-08-24,2022-09-23,nifty,week,call,ATMp9
2022-09-23_2022-10-23.json,7500,0,0,0,0,0,0,246,8,7500,2022-09-23,2022-10-21,nifty,week,call,ATMp9
2022-10-23_2022-11-22.json,7185,60,0,0,0,0,0,231,6,7125,2022-10-25,2022-11-22,nifty,week,call,ATMp9
2022-11-22_2022-12-22.json,8625,0,0,0,0,0,0,271,24,8625,2022-11-22,2022-12-22,nifty,week,call,ATMp9
2022-12-22_2023-01-21.json,8250,0,0,0,0,0,0,295,6,8250,2022-12-22,2023-01-20,nifty,week,call,ATMp9
2023-01-21_2023-02-20.json,7500,0,0,0,0,0,0,235,11,7500,2023-01-23,2023-02-20,nifty,week,call,ATMp9
2023-02-20_2023-03-22.json,8250,0,0,0,0,0,0,243,0,8250,2023-02-20,2023-03-22,nifty,week,call,ATMp9
2023-03-22_2023-04-21.json,7125,0,0,0,0,0,0,300,57,7125,2023-03-22,2023-04-21,nifty,week,call,ATMp9
2023-04-21_2023-05-21.json,7507,7,0,0,0,0,0,215,39,7500,2023-04-21,2023-05-19,nifty,week,call,ATMp9
2023-05-21_2023-06-20.json,8257,7,0,0,0,0,0,225,21,8250,2023-05-22,2023-06-20,nifty,week,call,ATMp9
2023-06-20_2023-07-20.json,8258,8,0,0,0,0,0,247,25,8250,2023-06-20,2023-07-20,nifty,week,call,ATMp9
2023-07-20_2023-08-19.json,7888,13,0,0,0,0,0,239,2,7875,2023-07-20,2023-08-18,nifty,week,call,ATMp9
2023-08-19_2023-09-18.json,7885,10,0,0,0,0,0,184,13,7875,2023-08-21,2023-09-18,nifty,week,call,ATMp9
2023-09-18_2023-10-18.json,7885,10,0,0,0,0,0,175,0,7875,2023-09-18,2023-10-18,nifty,week,call,ATMp9
2023-10-18_2023-11-17.json,7945,70,0,0,0,0,0,227,9,7875,2023-10-18,2023-11-17,nifty,week,call,ATMp9
2023-11-17_2023-12-17.json,7509,9,0,0,0,0,0,156,9,7500,2023-11-17,2023-12-15,nifty,week,call,ATMp9
2023-12-17_2024-01-16.json,7890,15,0,0,0,0,0,146,0,7875,2023-12-18,2024-01-16,nifty,week,call,ATMp9
2024-01-16_2024-02-15.json,8267,17,0,0,0,0,0,186,0,8250,2024-01-16,2024-02-15,nifty,week,call,ATMp9
2024-02-15_2024-03-16.json,7994,12,0,0,0,0,0,174,0,7982,2024-02-15,2024-03-15,nifty,week,call,ATMp9
2024-03-16_2024-04-15.json,6758,8,0,0,0,0,0,131,0,6750,2024-03-18,2024-04-15,nifty,week,call,ATMp9
2024-04-15_2024-05-15.json,7877,2,0,0,0,0,0,138,0,7875,2024-04-15,2024-05-15,nifty,week,call,ATMp9
2024-05-15_2024-06-14.json,8632,7,0,0,0,0,0,174,309,8625,2024-05-15,2024-06-14,nifty,week,call,ATMp9
2024-06-14_2024-07-14.json,7503,3,0,0,0,0,0,110,0,7500,2024-06-14,2024-07-12,nifty,week,call,ATMp9
2024-07-14_2024-08-13.json,7884,9,0,0,0,0,0,112,4,7875,2024-07-15,2024-08-13,nifty,week,call,ATMp9
2024-08-13_2024-09-12.json,8253,3,0,0,0,0,0,139,0,8250,2024-08-13,2024-09-12,nifty,week,call,ATMp9
2024-09-12_2024-10-12.json,7882,7,0,0,0,0,0,135,0,7875,2024-09-12,2024-10-11,nifty,week,call,ATMp9
2024-10-12_2024-11-11.json,7568,68,0,0,0,0,0,117,0,7500,2024-10-14,2024-11-11,nifty,week,call,ATMp9
2024-11-11_2024-12-11.json,7878,3,0,0,0,0,0,138,0,7875,2024-11-11,2024-12-11,nifty,week,call,ATMp9
2024-12-11_2025-01-10.json,8253,3,0,0,0,0,0,155,0,8250,2024-12-11,2025-01-10,nifty,week,call,ATMp9
2025-01-10_2025-02-09.json,8251,1,0,0,0,0,0,127,0,8250,2025-01-10,2025-02-07,nifty,week,call,ATMp9
2025-02-09_2025-03-11.json,7878,3,0,0,0,0,0,132,2,7875,2025-02-10,2025-03-11,nifty,week,call,ATMp9
2025-03-11_2025-04-10.json,7503,3,0,0,0,0,0,166,0,7500,2025-03-11,2025-04-09,nifty,week,call,ATMp9
2025-04-10_2025-05-10.json,6750,0,0,0,0,0,0,117,0,6750,2025-04-11,2025-05-09,nifty,week,call,ATMp9
2025-05-10_2025-06-09.json,7877,2,0,0,0,0,0,119,0,7875,2025-05-12,2025-06-09,nifty,week,call,ATMp9
2025-06-09_2025-07-09.json,8625,0,0,0,0,0,0,113,0,8625,2025-06-09,2025-07-09,nifty,week,call,ATMp9
2025-07-09_2025-08-08.json,8625,0,0,0,0,0,0,106,3,8625,2025-07-09,2025-08-08,nifty,week,call,ATMp9
2025-08-08_2025-09-07.json,7125,0,0,0,0,0,0,0,8,7125,2025-08-08,2025-09-05,nifty,week,call,ATMp9
2025-09-07_2025-10-07.json,7875,0,0,0,0,0,0,0,11,7875,2025-09-08,2025-10-07,nifty,week,call,ATMp9
2025-10-07_2025-11-06.json,7605,0,0,0,0,0,0,0,59,7605,2025-10-07,2025-11-06,nifty,week,call,ATMp9
2025-11-06_2025-12-06.json,8250,0,0,0,0,0,0,0,14,8250,2025-11-06,2025-12-05,nifty,week,call,ATMp9
2025-12-06_2026-01-05.json,7500,0,0,0,0,0,0,0,1,7500,2025-12-08,2026-01-05,nifty,week,call,ATMp9
2026-01-05_2026-02-04.json,8250,0,0,0,0,0,0,0,1,8250,2026-01-05,2026-02-04,nifty,week,call,ATMp9
2026-02-04_2026-03-06.json,8250,0,0,0,0,0,0,0,0,8250,2026-02-04,2026-03-06,nifty,week,call,ATMp9
2026-03-06_2026-04-05.json,6746,0,0,0,0,0,0,0,0,6746,2026-03-06,2026-04-02,nifty,week,call,ATMp9
2026-04-05_2026-04-30.json,6717,0,0,0,0,0,0,0,3,6717,2026-04-06,2026-04-30,nifty,week,call,ATMp9
2021-01-01_2021-01-31.json,7499,0,0,0,0,0,1,30,0,7499,2021-01-01,2021-01-29,nifty,week,put,ATM
2021-01-31_2021-03-02.json,8250,0,0,0,0,0,0,27,229,8250,2021-02-01,2021-03-02,nifty,week,put,ATM
2021-03-02_2021-04-01.json,7875,0,0,0,0,0,4,10,1,7875,2021-03-02,2021-04-01,nifty,week,put,ATM
2021-04-01_2021-05-01.json,7125,0,0,0,0,0,1,21,0,7125,2021-04-01,2021-04-30,nifty,week,put,ATM
2021-05-01_2021-05-31.json,7500,0,0,0,0,0,1,11,0,7500,2021-05-03,2021-05-31,nifty,week,put,ATM
2021-05-31_2021-06-30.json,8625,0,0,0,0,0,0,32,0,8625,2021-05-31,2021-06-30,nifty,week,put,ATM
2021-06-30_2021-07-30.json,8250,0,0,0,0,0,0,14,0,8250,2021-06-30,2021-07-30,nifty,week,put,ATM
2021-07-30_2021-08-29.json,7507,7,0,0,0,0,0,27,0,7500,2021-07-30,2021-08-27,nifty,week,put,ATM
2021-08-29_2021-09-28.json,7889,14,0,0,0,0,0,18,0,7875,2021-08-30,2021-09-28,nifty,week,put,ATM
2021-09-28_2021-10-28.json,8271,21,0,0,0,0,1,44,0,8250,2021-09-28,2021-10-28,nifty,week,put,ATM
2021-10-28_2021-11-27.json,7202,77,0,0,0,0,0,21,0,7125,2021-10-28,2021-11-26,nifty,week,put,ATM
2021-11-27_2021-12-27.json,7895,20,0,0,0,0,3,4,0,7875,2021-11-29,2021-12-27,nifty,week,put,ATM
2021-12-27_2022-01-26.json,8268,18,0,0,0,0,3,16,0,8250,2021-12-27,2022-01-25,nifty,week,put,ATM
2022-01-26_2022-02-25.json,8270,20,0,0,0,0,2,38,1,8250,2022-01-27,2022-02-25,nifty,week,put,ATM
2022-02-25_2022-03-27.json,7143,18,0,0,0,0,0,12,3,7125,2022-02-25,2022-03-25,nifty,week,put,ATM
2022-03-27_2022-04-26.json,7518,18,0,0,0,0,0,23,0,7500,2022-03-28,2022-04-26,nifty,week,put,ATM
2022-04-26_2022-05-26.json,8272,22,0,0,0,0,6,27,0,8250,2022-04-26,2022-05-26,nifty,week,put,ATM
2022-05-26_2022-06-25.json,8252,2,0,0,0,0,3,12,0,8250,2022-05-26,2022-06-24,nifty,week,put,ATM
2022-06-25_2022-07-25.json,7875,0,0,0,0,0,0,14,0,7875,2022-06-27,2022-07-25,nifty,week,put,ATM
2022-07-25_2022-08-24.json,7875,0,0,0,0,0,0,14,0,7875,2022-07-25,2022-08-24,nifty,week,put,ATM
2022-08-24_2022-09-23.json,8250,0,0,0,0,0,0,25,12,8250,2022-08-24,2022-09-23,nifty,week,put,ATM
2022-09-23_2022-10-23.json,7500,0,0,0,0,0,2,19,0,7500,2022-09-23,2022-10-21,nifty,week,put,ATM
2022-10-23_2022-11-22.json,7185,60,0,0,0,0,0,26,2,7125,2022-10-25,2022-11-22,nifty,week,put,ATM
2022-11-22_2022-12-22.json,8625,0,0,0,0,0,1,16,1,8625,2022-11-22,2022-12-22,nifty,week,put,ATM
2022-12-22_2023-01-21.json,8250,0,0,0,0,0,0,12,1,8250,2022-12-22,2023-01-20,nifty,week,put,ATM
2023-01-21_2023-02-20.json,7500,0,0,0,0,0,0,23,1,7500,2023-01-23,2023-02-20,nifty,week,put,ATM
2023-02-20_2023-03-22.json,8250,0,0,0,0,0,1,18,0,8250,2023-02-20,2023-03-22,nifty,week,put,ATM
2023-03-22_2023-04-21.json,7125,0,0,0,0,0,1,7,1,7125,2023-03-22,2023-04-21,nifty,week,put,ATM
2023-04-21_2023-05-21.json,7513,13,0,0,0,0,0,8,2,7500,2023-04-21,2023-05-19,nifty,week,put,ATM
2023-05-21_2023-06-20.json,8270,20,0,0,0,0,1,29,0,8250,2023-05-22,2023-06-20,nifty,week,put,ATM
2023-06-20_2023-07-20.json,8266,16,0,0,0,0,3,16,0,8250,2023-06-20,2023-07-20,nifty,week,put,ATM
2023-07-20_2023-08-19.json,7894,19,0,0,0,0,3,24,0,7875,2023-07-20,2023-08-18,nifty,week,put,ATM
2023-08-19_2023-09-18.json,7896,21,0,0,0,0,2,37,0,7875,2023-08-21,2023-09-18,nifty,week,put,ATM
2023-09-18_2023-10-18.json,7892,17,0,0,0,0,1,79,65,7875,2023-09-18,2023-10-18,nifty,week,put,ATM
2023-10-18_2023-11-17.json,7955,80,0,0,0,0,0,45,55,7875,2023-10-18,2023-11-17,nifty,week,put,ATM
2023-11-17_2023-12-17.json,7516,16,0,0,0,0,0,21,70,7500,2023-11-17,2023-12-15,nifty,week,put,ATM
2023-12-17_2024-01-16.json,7894,19,0,0,0,0,1,4,9,7875,2023-12-18,2024-01-16,nifty,week,put,ATM
2024-01-16_2024-02-15.json,8270,20,0,0,0,0,5,17,16,8250,2024-01-16,2024-02-15,nifty,week,put,ATM
2024-02-15_2024-03-16.json,8002,20,0,0,0,0,7,28,0,7982,2024-02-15,2024-03-15,nifty,week,put,ATM
2024-03-16_2024-04-15.json,6763,13,0,0,0,0,1,21,10,6750,2024-03-18,2024-04-15,nifty,week,put,ATM
2024-04-15_2024-05-15.json,7881,6,0,0,0,0,5,41,1,7875,2024-04-15,2024-05-15,nifty,week,put,ATM
2024-05-15_2024-06-14.json,8636,11,0,0,0,0,4,2,269,8625,2024-05-15,2024-06-14,nifty,week,put,ATM
2024-06-14_2024-07-14.json,7507,7,0,0,0,0,1,13,0,7500,2024-06-14,2024-07-12,nifty,week,put,ATM
2024-07-14_2024-08-13.json,7887,12,0,0,0,0,0,47,0,7875,2024-07-15,2024-08-13,nifty,week,put,ATM
2024-08-13_2024-09-12.json,8260,10,0,0,0,0,0,60,14,8250,2024-08-13,2024-09-12,nifty,week,put,ATM
2024-09-12_2024-10-12.json,7884,9,0,0,0,0,2,35,12,7875,2024-09-12,2024-10-11,nifty,week,put,ATM
2024-10-12_2024-11-11.json,7572,72,0,0,0,0,3,122,13,7500,2024-10-14,2024-11-11,nifty,week,put,ATM
2024-11-11_2024-12-11.json,7878,3,0,0,0,0,1,17,0,7875,2024-11-11,2024-12-11,nifty,week,put,ATM
2024-12-11_2025-01-10.json,8254,4,0,0,0,0,2,61,0,8250,2024-12-11,2025-01-10,nifty,week,put,ATM
2025-01-10_2025-02-09.json,8251,1,0,0,0,0,5,2,0,8250,2025-01-10,2025-02-07,nifty,week,put,ATM
2025-02-09_2025-03-11.json,7879,4,0,0,0,0,0,149,0,7875,2025-02-10,2025-03-11,nifty,week,put,ATM
2025-03-11_2025-04-10.json,7503,3,0,0,0,0,0,105,32,7500,2025-03-11,2025-04-09,nifty,week,put,ATM
2025-04-10_2025-05-10.json,6751,1,0,0,0,0,0,136,0,6750,2025-04-11,2025-05-09,nifty,week,put,ATM
2025-05-10_2025-06-09.json,7878,3,0,0,0,0,3,4,0,7875,2025-05-12,2025-06-09,nifty,week,put,ATM
2025-06-09_2025-07-09.json,8625,0,0,0,0,0,0,42,24,8625,2025-06-09,2025-07-09,nifty,week,put,ATM
2025-07-09_2025-08-08.json,8625,0,0,0,0,0,0,10,14,8625,2025-07-09,2025-08-08,nifty,week,put,ATM
2025-08-08_2025-09-07.json,7125,0,0,0,0,0,0,16,7,7125,2025-08-08,2025-09-05,nifty,week,put,ATM
2025-09-07_2025-10-07.json,7875,0,0,0,0,0,0,8,11,7875,2025-09-08,2025-10-07,nifty,week,put,ATM
2025-10-07_2025-11-06.json,7605,0,0,0,0,0,0,25,57,7605,2025-10-07,2025-11-06,nifty,week,put,ATM
2025-11-06_2025-12-06.json,8250,0,0,0,0,0,0,17,10,8250,2025-11-06,2025-12-05,nifty,week,put,ATM
2025-12-06_2026-01-05.json,7500,0,0,0,0,0,0,22,0,7500,2025-12-08,2026-01-05,nifty,week,put,ATM
2026-01-05_2026-02-04.json,8250,0,0,0,0,0,0,26,0,8250,2026-01-05,2026-02-04,nifty,week,put,ATM
2026-02-04_2026-03-06.json,8250,0,0,0,0,0,0,10,0,8250,2026-02-04,2026-03-06,nifty,week,put,ATM
2026-03-06_2026-04-05.json,6746,0,0,0,0,0,0,3,0,6746,2026-03-06,2026-04-02,nifty,week,put,ATM
2026-04-05_2026-04-30.json,6716,0,0,0,0,0,0,9,2,6716,2026-04-06,2026-04-30,nifty,week,put,ATM
2021-01-01_2021-01-31.json,7500,0,0,0,0,0,1,3,0,7500,2021-01-01,2021-01-29,nifty,week,put,ATMm1
2021-01-31_2021-03-02.json,8250,0,0,0,0,0,0,2,229,8250,2021-02-01,2021-03-02,nifty,week,put,ATMm1
2021-03-02_2021-04-01.json,7875,0,0,0,0,0,0,2,0,7875,2021-03-02,2021-04-01,nifty,week,put,ATMm1
2021-04-01_2021-05-01.json,7125,0,0,0,0,0,0,1,0,7125,2021-04-01,2021-04-30,nifty,week,put,ATMm1
2021-05-01_2021-05-31.json,7499,0,0,0,0,0,0,2,0,7499,2021-05-03,2021-05-31,nifty,week,put,ATMm1
2021-05-31_2021-06-30.json,8624,0,0,0,0,0,0,0,1,8624,2021-05-31,2021-06-30,nifty,week,put,ATMm1
2021-06-30_2021-07-30.json,8250,0,0,0,0,0,0,1,0,8250,2021-06-30,2021-07-30,nifty,week,put,ATMm1
2021-07-30_2021-08-29.json,7508,8,0,0,0,0,0,1,0,7500,2021-07-30,2021-08-27,nifty,week,put,ATMm1
2021-08-29_2021-09-28.json,7888,13,0,0,0,0,0,0,0,7875,2021-08-30,2021-09-28,nifty,week,put,ATMm1
2021-09-28_2021-10-28.json,8268,18,0,0,0,0,0,2,0,8250,2021-09-28,2021-10-28,nifty,week,put,ATMm1
2021-10-28_2021-11-27.json,7199,74,0,0,0,0,0,1,0,7125,2021-10-28,2021-11-26,nifty,week,put,ATMm1
2021-11-27_2021-12-27.json,7894,19,0,0,0,0,0,0,0,7875,2021-11-29,2021-12-27,nifty,week,put,ATMm1
2021-12-27_2022-01-26.json,8267,17,0,0,0,0,0,1,0,8250,2021-12-27,2022-01-25,nifty,week,put,ATMm1
2022-01-26_2022-02-25.json,8268,18,0,0,0,0,0,2,1,8250,2022-01-27,2022-02-25,nifty,week,put,ATMm1
2022-02-25_2022-03-27.json,7139,14,0,0,0,0,0,2,3,7125,2022-02-25,2022-03-25,nifty,week,put,ATMm1
2022-03-27_2022-04-26.json,7516,16,0,0,0,0,0,2,0,7500,2022-03-28,2022-04-26,nifty,week,put,ATMm1
2022-04-26_2022-05-26.json,8267,17,0,0,0,0,0,1,0,8250,2022-04-26,2022-05-26,nifty,week,put,ATMm1
2022-05-26_2022-06-25.json,8251,1,0,0,0,0,0,0,0,8250,2022-05-26,2022-06-24,nifty,week,put,ATMm1
2022-06-25_2022-07-25.json,7875,0,0,0,0,0,0,1,0,7875,2022-06-27,2022-07-25,nifty,week,put,ATMm1
2022-07-25_2022-08-24.json,7875,0,0,0,0,0,0,3,0,7875,2022-07-25,2022-08-24,nifty,week,put,ATMm1
2022-08-24_2022-09-23.json,8250,0,0,0,0,0,0,2,12,8250,2022-08-24,2022-09-23,nifty,week,put,ATMm1
2022-09-23_2022-10-23.json,7500,0,0,0,0,0,0,3,0,7500,2022-09-23,2022-10-21,nifty,week,put,ATMm1
2022-10-23_2022-11-22.json,7185,60,0,0,0,0,0,0,2,7125,2022-10-25,2022-11-22,nifty,week,put,ATMm1
2022-11-22_2022-12-22.json,8625,0,0,0,0,0,0,1,1,8625,2022-11-22,2022-12-22,nifty,week,put,ATMm1
2022-12-22_2023-01-21.json,8250,0,0,0,0,0,0,2,1,8250,2022-12-22,2023-01-20,nifty,week,put,ATMm1
2023-01-21_2023-02-20.json,7500,0,0,0,0,0,0,1,1,7500,2023-01-23,2023-02-20,nifty,week,put,ATMm1
2023-02-20_2023-03-22.json,8250,0,0,0,0,0,0,3,0,8250,2023-02-20,2023-03-22,nifty,week,put,ATMm1
2023-03-22_2023-04-21.json,7125,0,0,0,0,0,0,3,1,7125,2023-03-22,2023-04-21,nifty,week,put,ATMm1
2023-04-21_2023-05-21.json,7514,14,0,0,0,0,0,1,2,7500,2023-04-21,2023-05-19,nifty,week,put,ATMm1
2023-05-21_2023-06-20.json,8268,18,0,0,0,0,0,0,0,8250,2023-05-22,2023-06-20,nifty,week,put,ATMm1
2023-06-20_2023-07-20.json,8268,18,0,0,0,0,0,0,0,8250,2023-06-20,2023-07-20,nifty,week,put,ATMm1
2023-07-20_2023-08-19.json,7892,17,0,0,0,0,0,0,0,7875,2023-07-20,2023-08-18,nifty,week,put,ATMm1
2023-08-19_2023-09-18.json,7895,20,0,0,0,0,0,1,0,7875,2023-08-21,2023-09-18,nifty,week,put,ATMm1
2023-09-18_2023-10-18.json,7891,16,0,0,0,0,0,0,23,7875,2023-09-18,2023-10-18,nifty,week,put,ATMm1
2023-10-18_2023-11-17.json,7952,77,0,0,0,0,0,0,30,7875,2023-10-18,2023-11-17,nifty,week,put,ATMm1
2023-11-17_2023-12-17.json,7517,17,0,0,0,0,0,0,0,7500,2023-11-17,2023-12-15,nifty,week,put,ATMm1
2023-12-17_2024-01-16.json,7895,20,0,0,0,0,0,0,0,7875,2023-12-18,2024-01-16,nifty,week,put,ATMm1
2024-01-16_2024-02-15.json,8269,19,0,0,0,0,0,0,4,8250,2024-01-16,2024-02-15,nifty,week,put,ATMm1
2024-02-15_2024-03-16.json,8000,18,0,0,0,0,2,0,0,7982,2024-02-15,2024-03-15,nifty,week,put,ATMm1
2024-03-16_2024-04-15.json,6763,13,0,0,0,0,0,0,11,6750,2024-03-18,2024-04-15,nifty,week,put,ATMm1
2024-04-15_2024-05-15.json,7881,6,0,0,0,0,0,0,0,7875,2024-04-15,2024-05-15,nifty,week,put,ATMm1
2024-05-15_2024-06-14.json,8636,11,0,0,0,0,1,0,269,8625,2024-05-15,2024-06-14,nifty,week,put,ATMm1
2024-06-14_2024-07-14.json,7505,5,0,0,0,0,0,0,0,7500,2024-06-14,2024-07-12,nifty,week,put,ATMm1
2024-07-14_2024-08-13.json,7886,11,0,0,0,0,0,0,0,7875,2024-07-15,2024-08-13,nifty,week,put,ATMm1
2024-08-13_2024-09-12.json,8257,7,0,0,0,0,0,0,0,8250,2024-08-13,2024-09-12,nifty,week,put,ATMm1
2024-09-12_2024-10-12.json,7883,8,0,0,0,0,0,0,0,7875,2024-09-12,2024-10-11,nifty,week,put,ATMm1
2024-10-12_2024-11-11.json,7572,72,0,0,0,0,0,0,0,7500,2024-10-14,2024-11-11,nifty,week,put,ATMm1
2024-11-11_2024-12-11.json,7878,3,0,0,0,0,0,0,0,7875,2024-11-11,2024-12-11,nifty,week,put,ATMm1
2024-12-11_2025-01-10.json,8253,3,0,0,0,0,0,0,0,8250,2024-12-11,2025-01-10,nifty,week,put,ATMm1
2025-01-10_2025-02-09.json,8252,2,0,0,0,0,0,0,0,8250,2025-01-10,2025-02-07,nifty,week,put,ATMm1
2025-02-09_2025-03-11.json,7878,3,0,0,0,0,0,0,0,7875,2025-02-10,2025-03-11,nifty,week,put,ATMm1
2025-03-11_2025-04-10.json,7504,4,0,0,0,0,0,1,0,7500,2025-03-11,2025-04-09,nifty,week,put,ATMm1
2025-04-10_2025-05-10.json,6751,1,0,0,0,0,0,0,0,6750,2025-04-11,2025-05-09,nifty,week,put,ATMm1
2025-05-10_2025-06-09.json,7878,3,0,0,0,0,1,0,0,7875,2025-05-12,2025-06-09,nifty,week,put,ATMm1
2025-06-09_2025-07-09.json,8625,0,0,0,0,0,0,0,0,8625,2025-06-09,2025-07-09,nifty,week,put,ATMm1
2025-07-09_2025-08-08.json,8626,1,0,0,0,0,0,0,1,8625,2025-07-09,2025-08-08,nifty,week,put,ATMm1
2025-08-08_2025-09-07.json,7125,0,0,0,0,0,0,0,9,7125,2025-08-08,2025-09-05,nifty,week,put,ATMm1
2025-09-07_2025-10-07.json,7875,0,0,0,0,0,0,0,8,7875,2025-09-08,2025-10-07,nifty,week,put,ATMm1
2025-10-07_2025-11-06.json,7605,0,0,0,0,0,0,0,60,7605,2025-10-07,2025-11-06,nifty,week,put,ATMm1
2025-11-06_2025-12-06.json,8250,0,0,0,0,0,0,0,8,8250,2025-11-06,2025-12-05,nifty,week,put,ATMm1
2025-12-06_2026-01-05.json,7500,0,0,0,0,0,0,0,0,7500,2025-12-08,2026-01-05,nifty,week,put,ATMm1
2026-01-05_2026-02-04.json,8250,0,0,0,0,0,0,0,0,8250,2026-01-05,2026-02-04,nifty,week,put,ATMm1
2026-02-04_2026-03-06.json,8250,0,0,0,0,0,0,0,0,8250,2026-02-04,2026-03-06,nifty,week,put,ATMm1
2026-03-06_2026-04-05.json,6746,0,0,0,0,0,0,0,0,6746,2026-03-06,2026-04-02,nifty,week,put,ATMm1
2026-04-05_2026-04-30.json,6716,0,0,0,0,0,0,0,2,6716,2026-04-06,2026-04-30,nifty,week,put,ATMm1
2021-01-01_2021-01-31.json,7500,0,0,0,0,0,0,497,140,7500,2021-01-01,2021-01-29,nifty,week,put,ATMm10
2021-01-31_2021-03-02.json,8250,0,0,0,0,0,0,463,282,8250,2021-02-01,2021-03-02,nifty,week,put,ATMm10
2021-03-02_2021-04-01.json,7875,0,0,0,0,0,0,632,69,7875,2021-03-02,2021-04-01,nifty,week,put,ATMm10
2021-04-01_2021-05-01.json,7125,0,0,0,0,0,0,646,5,7125,2021-04-01,2021-04-30,nifty,week,put,ATMm10
2021-05-01_2021-05-31.json,7500,0,0,0,0,0,0,459,71,7500,2021-05-03,2021-05-31,nifty,week,put,ATMm10
2021-05-31_2021-06-30.json,8625,0,0,0,0,0,0,432,73,8625,2021-05-31,2021-06-30,nifty,week,put,ATMm10
2021-06-30_2021-07-30.json,8250,0,0,0,0,0,0,505,93,8250,2021-06-30,2021-07-30,nifty,week,put,ATMm10
2021-07-30_2021-08-29.json,7500,0,0,0,0,0,0,387,26,7500,2021-07-30,2021-08-27,nifty,week,put,ATMm10
2021-08-29_2021-09-28.json,7877,2,0,0,0,0,0,343,24,7875,2021-08-30,2021-09-28,nifty,week,put,ATMm10
2021-09-28_2021-10-28.json,8255,5,0,0,0,0,0,388,41,8250,2021-09-28,2021-10-28,nifty,week,put,ATMm10
2021-10-28_2021-11-27.json,7193,68,0,0,0,0,0,411,48,7125,2021-10-28,2021-11-26,nifty,week,put,ATMm10
2021-11-27_2021-12-27.json,7888,13,0,0,0,0,0,346,8,7875,2021-11-29,2021-12-27,nifty,week,put,ATMm10
2021-12-27_2022-01-26.json,8261,11,0,0,0,0,0,315,23,8250,2021-12-27,2022-01-25,nifty,week,put,ATMm10
2022-01-26_2022-02-25.json,8265,15,0,0,0,0,0,452,1,8250,2022-01-27,2022-02-25,nifty,week,put,ATMm10
2022-02-25_2022-03-27.json,7136,11,0,0,0,0,0,376,3,7125,2022-02-25,2022-03-25,nifty,week,put,ATMm10
2022-03-27_2022-04-26.json,7510,10,0,0,0,0,0,322,38,7500,2022-03-28,2022-04-26,nifty,week,put,ATMm10
2022-04-26_2022-05-26.json,8265,15,0,0,0,0,0,486,12,8250,2022-04-26,2022-05-26,nifty,week,put,ATMm10
2022-05-26_2022-06-25.json,8251,1,0,0,0,0,0,541,5,8250,2022-05-26,2022-06-24,nifty,week,put,ATMm10
2022-06-25_2022-07-25.json,7875,0,0,0,0,0,0,389,19,7875,2022-06-27,2022-07-25,nifty,week,put,ATMm10
2022-07-25_2022-08-24.json,7875,0,0,0,0,0,0,346,0,7875,2022-07-25,2022-08-24,nifty,week,put,ATMm10
2022-08-24_2022-09-23.json,8250,0,0,0,0,0,0,402,15,8250,2022-08-24,2022-09-23,nifty,week,put,ATMm10
2022-09-23_2022-10-23.json,7500,0,0,0,0,0,0,324,13,7500,2022-09-23,2022-10-21,nifty,week,put,ATMm10
2022-10-23_2022-11-22.json,7185,60,0,0,0,0,0,294,13,7125,2022-10-25,2022-11-22,nifty,week,put,ATMm10
2022-11-22_2022-12-22.json,8625,0,0,0,0,0,0,369,13,8625,2022-11-22,2022-12-22,nifty,week,put,ATMm10
2022-12-22_2023-01-21.json,8250,0,0,0,0,0,0,384,5,8250,2022-12-22,2023-01-20,nifty,week,put,ATMm10
2023-01-21_2023-02-20.json,7500,0,0,0,0,0,0,317,3,7500,2023-01-23,2023-02-20,nifty,week,put,ATMm10
2023-02-20_2023-03-22.json,8250,0,0,0,0,0,0,313,4,8250,2023-02-20,2023-03-22,nifty,week,put,ATMm10
2023-03-22_2023-04-21.json,7125,0,0,0,0,0,0,404,7,7125,2023-03-22,2023-04-21,nifty,week,put,ATMm10
2023-04-21_2023-05-21.json,7504,4,0,0,0,0,0,311,6,7500,2023-04-21,2023-05-19,nifty,week,put,ATMm10
2023-05-21_2023-06-20.json,8257,7,0,0,0,0,0,295,3,8250,2023-05-22,2023-06-20,nifty,week,put,ATMm10
2023-06-20_2023-07-20.json,8258,8,0,0,0,0,0,349,6,8250,2023-06-20,2023-07-20,nifty,week,put,ATMm10
2023-07-20_2023-08-19.json,7883,8,0,0,0,0,0,322,3,7875,2023-07-20,2023-08-18,nifty,week,put,ATMm10
2023-08-19_2023-09-18.json,7886,11,0,0,0,0,0,237,2,7875,2023-08-21,2023-09-18,nifty,week,put,ATMm10
2023-09-18_2023-10-18.json,7880,5,0,0,0,0,0,232,8,7875,2023-09-18,2023-10-18,nifty,week,put,ATMm10
2023-10-18_2023-11-17.json,7944,69,0,0,0,0,0,316,3,7875,2023-10-18,2023-11-17,nifty,week,put,ATMm10
2023-11-17_2023-12-17.json,7513,13,0,0,0,0,0,223,1,7500,2023-11-17,2023-12-15,nifty,week,put,ATMm10
2023-12-17_2024-01-16.json,7891,16,0,0,0,0,0,199,0,7875,2023-12-18,2024-01-16,nifty,week,put,ATMm10
2024-01-16_2024-02-15.json,8261,11,0,0,0,0,0,252,1,8250,2024-01-16,2024-02-15,nifty,week,put,ATMm10
2024-02-15_2024-03-16.json,7993,11,0,0,0,0,0,235,1,7982,2024-02-15,2024-03-15,nifty,week,put,ATMm10
2024-03-16_2024-04-15.json,6756,6,0,0,0,0,0,187,0,6750,2024-03-18,2024-04-15,nifty,week,put,ATMm10
2024-04-15_2024-05-15.json,7879,4,0,0,0,0,0,192,3,7875,2024-04-15,2024-05-15,nifty,week,put,ATMm10
2024-05-15_2024-06-14.json,8632,7,0,0,0,0,0,218,270,8625,2024-05-15,2024-06-14,nifty,week,put,ATMm10
2024-06-14_2024-07-14.json,7504,4,0,0,0,0,0,160,0,7500,2024-06-14,2024-07-12,nifty,week,put,ATMm10
2024-07-14_2024-08-13.json,7880,5,0,0,0,0,0,144,0,7875,2024-07-15,2024-08-13,nifty,week,put,ATMm10
2024-08-13_2024-09-12.json,8257,7,0,0,0,0,0,186,1,8250,2024-08-13,2024-09-12,nifty,week,put,ATMm10
2024-09-12_2024-10-12.json,7881,6,0,0,0,0,0,185,0,7875,2024-09-12,2024-10-11,nifty,week,put,ATMm10
2024-10-12_2024-11-11.json,7568,68,0,0,0,0,0,146,0,7500,2024-10-14,2024-11-11,nifty,week,put,ATMm10
2024-11-11_2024-12-11.json,7876,1,0,0,0,0,0,168,0,7875,2024-11-11,2024-12-11,nifty,week,put,ATMm10
2024-12-11_2025-01-10.json,8253,3,0,0,0,0,0,205,0,8250,2024-12-11,2025-01-10,nifty,week,put,ATMm10
2025-01-10_2025-02-09.json,8251,1,0,0,0,0,0,166,0,8250,2025-01-10,2025-02-07,nifty,week,put,ATMm10
2025-02-09_2025-03-11.json,7878,3,0,0,0,0,0,175,0,7875,2025-02-10,2025-03-11,nifty,week,put,ATMm10
2025-03-11_2025-04-10.json,7501,1,0,0,0,0,0,225,1,7500,2025-03-11,2025-04-09,nifty,week,put,ATMm10
2025-04-10_2025-05-10.json,6751,1,0,0,0,0,0,172,0,6750,2025-04-11,2025-05-09,nifty,week,put,ATMm10
2025-05-10_2025-06-09.json,7878,3,0,0,0,0,0,164,0,7875,2025-05-12,2025-06-09,nifty,week,put,ATMm10
2025-06-09_2025-07-09.json,8625,0,0,0,0,0,0,152,0,8625,2025-06-09,2025-07-09,nifty,week,put,ATMm10
2025-07-09_2025-08-08.json,8626,1,0,0,0,0,0,147,0,8625,2025-07-09,2025-08-08,nifty,week,put,ATMm10
2025-08-08_2025-09-07.json,7125,0,0,0,0,0,0,0,13,7125,2025-08-08,2025-09-05,nifty,week,put,ATMm10
2025-09-07_2025-10-07.json,7875,0,0,0,0,0,0,0,11,7875,2025-09-08,2025-10-07,nifty,week,put,ATMm10
2025-10-07_2025-11-06.json,7605,0,0,0,0,0,0,0,64,7605,2025-10-07,2025-11-06,nifty,week,put,ATMm10
2025-11-06_2025-12-06.json,8250,0,0,0,0,0,0,0,10,8250,2025-11-06,2025-12-05,nifty,week,put,ATMm10
2025-12-06_2026-01-05.json,7500,0,0,0,0,0,0,0,4,7500,2025-12-08,2026-01-05,nifty,week,put,ATMm10
2026-01-05_2026-02-04.json,8250,0,0,0,0,0,0,0,0,8250,2026-01-05,2026-02-04,nifty,week,put,ATMm10
2026-02-04_2026-03-06.json,8250,0,0,0,0,0,0,0,0,8250,2026-02-04,2026-03-06,nifty,week,put,ATMm10
2026-03-06_2026-04-05.json,6746,0,0,0,0,0,0,0,0,6746,2026-03-06,2026-04-02,nifty,week,put,ATMm10
2026-04-05_2026-04-30.json,6717,0,0,0,0,0,0,0,2,6717,2026-04-06,2026-04-30,nifty,week,put,ATMm10
2021-01-01_2021-01-31.json,7500,0,0,0,0,0,0,16,0,7500,2021-01-01,2021-01-29,nifty,week,put,ATMm2
2021-01-31_2021-03-02.json,8250,0,0,0,0,0,0,11,229,8250,2021-02-01,2021-03-02,nifty,week,put,ATMm2
2021-03-02_2021-04-01.json,7874,0,0,0,0,0,0,21,0,7874,2021-03-02,2021-04-01,nifty,week,put,ATMm2
2021-04-01_2021-05-01.json,7124,0,0,0,0,0,0,15,0,7124,2021-04-01,2021-04-30,nifty,week,put,ATMm2
2021-05-01_2021-05-31.json,7500,0,0,0,0,0,0,16,0,7500,2021-05-03,2021-05-31,nifty,week,put,ATMm2
2021-05-31_2021-06-30.json,8624,0,0,0,0,0,0,8,0,8624,2021-05-31,2021-06-30,nifty,week,put,ATMm2
2021-06-30_2021-07-30.json,8250,0,0,0,0,0,0,11,0,8250,2021-06-30,2021-07-30,nifty,week,put,ATMm2
2021-07-30_2021-08-29.json,7505,6,0,0,0,0,0,10,0,7499,2021-07-30,2021-08-27,nifty,week,put,ATMm2
2021-08-29_2021-09-28.json,7888,13,0,0,0,0,0,7,0,7875,2021-08-30,2021-09-28,nifty,week,put,ATMm2
2021-09-28_2021-10-28.json,8267,17,0,0,0,0,0,10,0,8250,2021-09-28,2021-10-28,nifty,week,put,ATMm2
2021-10-28_2021-11-27.json,7199,74,0,0,0,0,0,9,0,7125,2021-10-28,2021-11-26,nifty,week,put,ATMm2
2021-11-27_2021-12-27.json,7888,13,0,0,0,0,0,11,1,7875,2021-11-29,2021-12-27,nifty,week,put,ATMm2
2021-12-27_2022-01-26.json,8266,16,0,0,0,0,0,8,0,8250,2021-12-27,2022-01-25,nifty,week,put,ATMm2
2022-01-26_2022-02-25.json,8265,15,0,0,0,0,0,12,1,8250,2022-01-27,2022-02-25,nifty,week,put,ATMm2
2022-02-25_2022-03-27.json,7138,13,0,0,0,0,0,11,3,7125,2022-02-25,2022-03-25,nifty,week,put,ATMm2
2022-03-27_2022-04-26.json,7515,15,0,0,0,0,0,10,0,7500,2022-03-28,2022-04-26,nifty,week,put,ATMm2
2022-04-26_2022-05-26.json,8265,15,0,0,0,0,0,15,0,8250,2022-04-26,2022-05-26,nifty,week,put,ATMm2
2022-05-26_2022-06-25.json,8251,1,0,0,0,0,0,13,0,8250,2022-05-26,2022-06-24,nifty,week,put,ATMm2
2022-06-25_2022-07-25.json,7875,0,0,0,0,0,0,11,0,7875,2022-06-27,2022-07-25,nifty,week,put,ATMm2
2022-07-25_2022-08-24.json,7875,0,0,0,0,0,0,9,0,7875,2022-07-25,2022-08-24,nifty,week,put,ATMm2
2022-08-24_2022-09-23.json,8250,0,0,0,0,0,0,10,12,8250,2022-08-24,2022-09-23,nifty,week,put,ATMm2
2022-09-23_2022-10-23.json,7500,0,0,0,0,0,0,15,0,7500,2022-09-23,2022-10-21,nifty,week,put,ATMm2
2022-10-23_2022-11-22.json,7185,60,0,0,0,0,0,7,2,7125,2022-10-25,2022-11-22,nifty,week,put,ATMm2
2022-11-22_2022-12-22.json,8625,0,0,0,0,0,0,13,1,8625,2022-11-22,2022-12-22,nifty,week,put,ATMm2
2022-12-22_2023-01-21.json,8250,0,0,0,0,0,0,13,1,8250,2022-12-22,2023-01-20,nifty,week,put,ATMm2
2023-01-21_2023-02-20.json,7500,0,0,0,0,0,0,11,1,7500,2023-01-23,2023-02-20,nifty,week,put,ATMm2
2023-02-20_2023-03-22.json,8250,0,0,0,0,0,0,10,0,8250,2023-02-20,2023-03-22,nifty,week,put,ATMm2
2023-03-22_2023-04-21.json,7125,0,0,0,0,0,0,13,1,7125,2023-03-22,2023-04-21,nifty,week,put,ATMm2
2023-04-21_2023-05-21.json,7512,12,0,0,0,0,0,9,2,7500,2023-04-21,2023-05-19,nifty,week,put,ATMm2
2023-05-21_2023-06-20.json,8269,19,0,0,0,0,0,5,0,8250,2023-05-22,2023-06-20,nifty,week,put,ATMm2
2023-06-20_2023-07-20.json,8264,14,0,0,0,0,0,9,0,8250,2023-06-20,2023-07-20,nifty,week,put,ATMm2
2023-07-20_2023-08-19.json,7892,17,0,0,0,0,0,8,0,7875,2023-07-20,2023-08-18,nifty,week,put,ATMm2
2023-08-19_2023-09-18.json,7893,18,0,0,0,0,0,8,0,7875,2023-08-21,2023-09-18,nifty,week,put,ATMm2
2023-09-18_2023-10-18.json,7891,16,0,0,0,0,0,5,0,7875,2023-09-18,2023-10-18,nifty,week,put,ATMm2
2023-10-18_2023-11-17.json,7951,76,0,0,0,0,0,9,0,7875,2023-10-18,2023-11-17,nifty,week,put,ATMm2
2023-11-17_2023-12-17.json,7515,15,0,0,0,0,0,6,0,7500,2023-11-17,2023-12-15,nifty,week,put,ATMm2
2023-12-17_2024-01-16.json,7894,19,0,0,0,0,0,7,0,7875,2023-12-18,2024-01-16,nifty,week,put,ATMm2
2024-01-16_2024-02-15.json,8268,18,0,0,0,0,0,5,0,8250,2024-01-16,2024-02-15,nifty,week,put,ATMm2
2024-02-15_2024-03-16.json,7997,15,0,0,0,0,0,4,0,7982,2024-02-15,2024-03-15,nifty,week,put,ATMm2
2024-03-16_2024-04-15.json,6762,12,0,0,0,0,0,5,0,6750,2024-03-18,2024-04-15,nifty,week,put,ATMm2
2024-04-15_2024-05-15.json,7880,5,0,0,0,0,0,6,0,7875,2024-04-15,2024-05-15,nifty,week,put,ATMm2
2024-05-15_2024-06-14.json,8636,11,0,0,0,0,0,5,269,8625,2024-05-15,2024-06-14,nifty,week,put,ATMm2
2024-06-14_2024-07-14.json,7505,5,0,0,0,0,0,3,0,7500,2024-06-14,2024-07-12,nifty,week,put,ATMm2
2024-07-14_2024-08-13.json,7884,9,0,0,0,0,0,3,0,7875,2024-07-15,2024-08-13,nifty,week,put,ATMm2
2024-08-13_2024-09-12.json,8255,5,0,0,0,0,0,5,0,8250,2024-08-13,2024-09-12,nifty,week,put,ATMm2
2024-09-12_2024-10-12.json,7884,9,0,0,0,0,0,4,0,7875,2024-09-12,2024-10-11,nifty,week,put,ATMm2
2024-10-12_2024-11-11.json,7571,71,0,0,0,0,0,4,0,7500,2024-10-14,2024-11-11,nifty,week,put,ATMm2
2024-11-11_2024-12-11.json,7878,3,0,0,0,0,0,4,0,7875,2024-11-11,2024-12-11,nifty,week,put,ATMm2
2024-12-11_2025-01-10.json,8253,3,0,0,0,0,0,5,0,8250,2024-12-11,2025-01-10,nifty,week,put,ATMm2
2025-01-10_2025-02-09.json,8251,1,0,0,0,0,0,4,0,8250,2025-01-10,2025-02-07,nifty,week,put,ATMm2
2025-02-09_2025-03-11.json,7878,3,0,0,0,0,0,5,0,7875,2025-02-10,2025-03-11,nifty,week,put,ATMm2
2025-03-11_2025-04-10.json,7503,3,0,0,0,0,0,6,0,7500,2025-03-11,2025-04-09,nifty,week,put,ATMm2
2025-04-10_2025-05-10.json,6750,0,0,0,0,0,0,5,0,6750,2025-04-11,2025-05-09,nifty,week,put,ATMm2
2025-05-10_2025-06-09.json,7878,3,0,0,0,0,0,2,0,7875,2025-05-12,2025-06-09,nifty,week,put,ATMm2
2025-06-09_2025-07-09.json,8625,0,0,0,0,0,0,3,0,8625,2025-06-09,2025-07-09,nifty,week,put,ATMm2
2025-07-09_2025-08-08.json,8626,1,0,0,0,0,0,4,4,8625,2025-07-09,2025-08-08,nifty,week,put,ATMm2
2025-08-08_2025-09-07.json,7125,0,0,0,0,0,0,0,9,7125,2025-08-08,2025-09-05,nifty,week,put,ATMm2
2025-09-07_2025-10-07.json,7875,0,0,0,0,0,0,0,10,7875,2025-09-08,2025-10-07,nifty,week,put,ATMm2
2025-10-07_2025-11-06.json,7605,0,0,0,0,0,0,0,60,7605,2025-10-07,2025-11-06,nifty,week,put,ATMm2
2025-11-06_2025-12-06.json,8250,0,0,0,0,0,0,0,4,8250,2025-11-06,2025-12-05,nifty,week,put,ATMm2
2025-12-06_2026-01-05.json,7500,0,0,0,0,0,0,0,0,7500,2025-12-08,2026-01-05,nifty,week,put,ATMm2
2026-01-05_2026-02-04.json,8250,0,0,0,0,0,0,0,0,8250,2026-01-05,2026-02-04,nifty,week,put,ATMm2
2026-02-04_2026-03-06.json,8250,0,0,0,0,0,0,0,0,8250,2026-02-04,2026-03-06,nifty,week,put,ATMm2
2026-03-06_2026-04-05.json,6746,0,0,0,0,0,0,0,0,6746,2026-03-06,2026-04-02,nifty,week,put,ATMm2
2026-04-05_2026-04-30.json,6716,0,0,0,0,0,0,0,2,6716,2026-04-06,2026-04-30,nifty,week,put,ATMm2
2021-01-01_2021-01-31.json,7500,0,0,0,0,0,0,39,0,7500,2021-01-01,2021-01-29,nifty,week,put,ATMm3
2021-01-31_2021-03-02.json,8250,0,0,0,0,0,0,29,229,8250,2021-02-01,2021-03-02,nifty,week,put,ATMm3
2021-03-02_2021-04-01.json,7875,0,0,0,0,0,0,51,0,7875,2021-03-02,2021-04-01,nifty,week,put,ATMm3
2021-04-01_2021-05-01.json,7125,0,0,0,0,0,0,41,0,7125,2021-04-01,2021-04-30,nifty,week,put,ATMm3
2021-05-01_2021-05-31.json,7499,0,0,0,0,0,0,33,0,7499,2021-05-03,2021-05-31,nifty,week,put,ATMm3
2021-05-31_2021-06-30.json,8625,0,0,0,0,0,0,25,0,8625,2021-05-31,2021-06-30,nifty,week,put,ATMm3
2021-06-30_2021-07-30.json,8250,0,0,0,0,0,0,35,0,8250,2021-06-30,2021-07-30,nifty,week,put,ATMm3
2021-07-30_2021-08-29.json,7508,8,0,0,0,0,0,27,0,7500,2021-07-30,2021-08-27,nifty,week,put,ATMm3
2021-08-29_2021-09-28.json,7884,9,0,0,0,0,0,23,0,7875,2021-08-30,2021-09-28,nifty,week,put,ATMm3
2021-09-28_2021-10-28.json,8266,16,0,0,0,0,0,24,0,8250,2021-09-28,2021-10-28,nifty,week,put,ATMm3
2021-10-28_2021-11-27.json,7199,74,0,0,0,0,0,27,0,7125,2021-10-28,2021-11-26,nifty,week,put,ATMm3
2021-11-27_2021-12-27.json,7891,16,0,0,0,0,0,26,0,7875,2021-11-29,2021-12-27,nifty,week,put,ATMm3
2021-12-27_2022-01-26.json,8268,18,0,0,0,0,0,24,0,8250,2021-12-27,2022-01-25,nifty,week,put,ATMm3
2022-01-26_2022-02-25.json,8263,13,0,0,0,0,0,29,1,8250,2022-01-27,2022-02-25,nifty,week,put,ATMm3
2022-02-25_2022-03-27.json,7139,14,0,0,0,0,0,29,3,7125,2022-02-25,2022-03-25,nifty,week,put,ATMm3
2022-03-27_2022-04-26.json,7515,15,0,0,0,0,0,23,0,7500,2022-03-28,2022-04-26,nifty,week,put,ATMm3
2022-04-26_2022-05-26.json,8265,15,0,0,0,0,0,33,0,8250,2022-04-26,2022-05-26,nifty,week,put,ATMm3
2022-05-26_2022-06-25.json,8251,1,0,0,0,0,0,33,0,8250,2022-05-26,2022-06-24,nifty,week,put,ATMm3
2022-06-25_2022-07-25.json,7875,0,0,0,0,0,0,28,0,7875,2022-06-27,2022-07-25,nifty,week,put,ATMm3
2022-07-25_2022-08-24.json,7875,0,0,0,0,0,0,23,0,7875,2022-07-25,2022-08-24,nifty,week,put,ATMm3
2022-08-24_2022-09-23.json,8250,0,0,0,0,0,0,30,12,8250,2022-08-24,2022-09-23,nifty,week,put,ATMm3
2022-09-23_2022-10-23.json,7500,0,0,0,0,0,0,26,0,7500,2022-09-23,2022-10-21,nifty,week,put,ATMm3
2022-10-23_2022-11-22.json,7185,60,0,0,0,0,0,20,2,7125,2022-10-25,2022-11-22,nifty,week,put,ATMm3
2022-11-22_2022-12-22.json,8625,0,0,0,0,0,0,31,1,8625,2022-11-22,2022-12-22,nifty,week,put,ATMm3
2022-12-22_2023-01-21.json,8250,0,0,0,0,0,0,30,1,8250,2022-12-22,2023-01-20,nifty,week,put,ATMm3
2023-01-21_2023-02-20.json,7500,0,0,0,0,0,0,24,1,7500,2023-01-23,2023-02-20,nifty,week,put,ATMm3
2023-02-20_2023-03-22.json,8250,0,0,0,0,0,0,26,0,8250,2023-02-20,2023-03-22,nifty,week,put,ATMm3
2023-03-22_2023-04-21.json,7125,0,0,0,0,0,0,28,1,7125,2023-03-22,2023-04-21,nifty,week,put,ATMm3
2023-04-21_2023-05-21.json,7511,11,0,0,0,0,0,20,2,7500,2023-04-21,2023-05-19,nifty,week,put,ATMm3
2023-05-21_2023-06-20.json,8265,15,0,0,0,0,0,17,0,8250,2023-05-22,2023-06-20,nifty,week,put,ATMm3
2023-06-20_2023-07-20.json,8267,17,0,0,0,0,0,20,0,8250,2023-06-20,2023-07-20,nifty,week,put,ATMm3
2023-07-20_2023-08-19.json,7892,17,0,0,0,0,0,22,0,7875,2023-07-20,2023-08-18,nifty,week,put,ATMm3
2023-08-19_2023-09-18.json,7891,16,0,0,0,0,0,17,0,7875,2023-08-21,2023-09-18,nifty,week,put,ATMm3
2023-09-18_2023-10-18.json,7892,17,0,0,0,0,0,17,0,7875,2023-09-18,2023-10-18,nifty,week,put,ATMm3
2023-10-18_2023-11-17.json,7950,75,0,0,0,0,0,22,0,7875,2023-10-18,2023-11-17,nifty,week,put,ATMm3
2023-11-17_2023-12-17.json,7517,17,0,0,0,0,0,19,0,7500,2023-11-17,2023-12-15,nifty,week,put,ATMm3
2023-12-17_2024-01-16.json,7893,18,0,0,0,0,0,12,0,7875,2023-12-18,2024-01-16,nifty,week,put,ATMm3
2024-01-16_2024-02-15.json,8266,16,0,0,0,0,0,15,0,8250,2024-01-16,2024-02-15,nifty,week,put,ATMm3
2024-02-15_2024-03-16.json,7996,14,0,0,0,0,0,14,1,7982,2024-02-15,2024-03-15,nifty,week,put,ATMm3
2024-03-16_2024-04-15.json,6762,12,0,0,0,0,0,11,0,6750,2024-03-18,2024-04-15,nifty,week,put,ATMm3
2024-04-15_2024-05-15.json,7879,4,0,0,0,0,0,13,0,7875,2024-04-15,2024-05-15,nifty,week,put,ATMm3
2024-05-15_2024-06-14.json,8633,8,0,0,0,0,0,22,269,8625,2024-05-15,2024-06-14,nifty,week,put,ATMm3
2024-06-14_2024-07-14.json,7504,4,0,0,0,0,0,12,0,7500,2024-06-14,2024-07-12,nifty,week,put,ATMm3
2024-07-14_2024-08-13.json,7883,8,0,0,0,0,0,10,0,7875,2024-07-15,2024-08-13,nifty,week,put,ATMm3
2024-08-13_2024-09-12.json,8257,7,0,0,0,0,0,14,0,8250,2024-08-13,2024-09-12,nifty,week,put,ATMm3
2024-09-12_2024-10-12.json,7882,7,0,0,0,0,0,13,0,7875,2024-09-12,2024-10-11,nifty,week,put,ATMm3
2024-10-12_2024-11-11.json,7572,72,0,0,0,0,0,10,0,7500,2024-10-14,2024-11-11,nifty,week,put,ATMm3
2024-11-11_2024-12-11.json,7877,2,0,0,0,0,0,12,0,7875,2024-11-11,2024-12-11,nifty,week,put,ATMm3
2024-12-11_2025-01-10.json,8253,3,0,0,0,0,0,16,0,8250,2024-12-11,2025-01-10,nifty,week,put,ATMm3
2025-01-10_2025-02-09.json,8252,2,0,0,0,0,0,12,0,8250,2025-01-10,2025-02-07,nifty,week,put,ATMm3
2025-02-09_2025-03-11.json,7878,3,0,0,0,0,0,14,0,7875,2025-02-10,2025-03-11,nifty,week,put,ATMm3
2025-03-11_2025-04-10.json,7503,3,0,0,0,0,0,15,0,7500,2025-03-11,2025-04-09,nifty,week,put,ATMm3
2025-04-10_2025-05-10.json,6751,1,0,0,0,0,0,12,0,6750,2025-04-11,2025-05-09,nifty,week,put,ATMm3
2025-05-10_2025-06-09.json,7878,3,0,0,0,0,0,12,0,7875,2025-05-12,2025-06-09,nifty,week,put,ATMm3
2025-06-09_2025-07-09.json,8625,0,0,0,0,0,0,10,0,8625,2025-06-09,2025-07-09,nifty,week,put,ATMm3
2025-07-09_2025-08-08.json,8626,1,0,0,0,0,0,11,3,8625,2025-07-09,2025-08-08,nifty,week,put,ATMm3
2025-08-08_2025-09-07.json,7125,0,0,0,0,0,0,0,11,7125,2025-08-08,2025-09-05,nifty,week,put,ATMm3
2025-09-07_2025-10-07.json,7875,0,0,0,0,0,0,0,11,7875,2025-09-08,2025-10-07,nifty,week,put,ATMm3
2025-10-07_2025-11-06.json,7605,0,0,0,0,0,0,0,61,7605,2025-10-07,2025-11-06,nifty,week,put,ATMm3
2025-11-06_2025-12-06.json,8250,0,0,0,0,0,0,0,10,8250,2025-11-06,2025-12-05,nifty,week,put,ATMm3
2025-12-06_2026-01-05.json,7500,0,0,0,0,0,0,0,0,7500,2025-12-08,2026-01-05,nifty,week,put,ATMm3
2026-01-05_2026-02-04.json,8250,0,0,0,0,0,0,0,0,8250,2026-01-05,2026-02-04,nifty,week,put,ATMm3
2026-02-04_2026-03-06.json,8250,0,0,0,0,0,0,0,0,8250,2026-02-04,2026-03-06,nifty,week,put,ATMm3
2026-03-06_2026-04-05.json,6746,0,0,0,0,0,0,0,0,6746,2026-03-06,2026-04-02,nifty,week,put,ATMm3
2026-04-05_2026-04-30.json,6716,0,0,0,0,0,0,0,2,6716,2026-04-06,2026-04-30,nifty,week,put,ATMm3
2021-01-01_2021-01-31.json,7500,0,0,0,0,0,0,66,0,7500,2021-01-01,2021-01-29,nifty,week,put,ATMm4
2021-01-31_2021-03-02.json,8250,0,0,0,0,0,0,67,229,8250,2021-02-01,2021-03-02,nifty,week,put,ATMm4
2021-03-02_2021-04-01.json,7870,0,0,0,0,0,0,74,2,7870,2021-03-02,2021-04-01,nifty,week,put,ATMm4
2021-04-01_2021-05-01.json,7124,0,0,0,0,0,0,83,0,7124,2021-04-01,2021-04-30,nifty,week,put,ATMm4
2021-05-01_2021-05-31.json,7500,0,0,0,0,0,0,66,0,7500,2021-05-03,2021-05-31,nifty,week,put,ATMm4
2021-05-31_2021-06-30.json,8625,0,0,0,0,0,0,51,0,8625,2021-05-31,2021-06-30,nifty,week,put,ATMm4
2021-06-30_2021-07-30.json,8250,0,0,0,0,0,0,75,0,8250,2021-06-30,2021-07-30,nifty,week,put,ATMm4
2021-07-30_2021-08-29.json,7506,6,0,0,0,0,0,53,0,7500,2021-07-30,2021-08-27,nifty,week,put,ATMm4
2021-08-29_2021-09-28.json,7885,10,0,0,0,0,0,47,0,7875,2021-08-30,2021-09-28,nifty,week,put,ATMm4
2021-09-28_2021-10-28.json,8265,15,0,0,0,0,0,48,1,8250,2021-09-28,2021-10-28,nifty,week,put,ATMm4
2021-10-28_2021-11-27.json,7199,74,0,0,0,0,0,52,1,7125,2021-10-28,2021-11-26,nifty,week,put,ATMm4
2021-11-27_2021-12-27.json,7890,15,0,0,0,0,0,49,0,7875,2021-11-29,2021-12-27,nifty,week,put,ATMm4
2021-12-27_2022-01-26.json,8263,13,0,0,0,0,0,44,0,8250,2021-12-27,2022-01-25,nifty,week,put,ATMm4
2022-01-26_2022-02-25.json,8263,13,0,0,0,0,0,56,2,8250,2022-01-27,2022-02-25,nifty,week,put,ATMm4
2022-02-25_2022-03-27.json,7135,10,0,0,0,0,0,53,3,7125,2022-02-25,2022-03-25,nifty,week,put,ATMm4
2022-03-27_2022-04-26.json,7516,16,0,0,0,0,0,43,0,7500,2022-03-28,2022-04-26,nifty,week,put,ATMm4
2022-04-26_2022-05-26.json,8266,16,0,0,0,0,0,61,0,8250,2022-04-26,2022-05-26,nifty,week,put,ATMm4
2022-05-26_2022-06-25.json,8251,1,0,0,0,0,0,66,0,8250,2022-05-26,2022-06-24,nifty,week,put,ATMm4
2022-06-25_2022-07-25.json,7875,0,0,0,0,0,0,50,0,7875,2022-06-27,2022-07-25,nifty,week,put,ATMm4
2022-07-25_2022-08-24.json,7875,0,0,0,0,0,0,42,0,7875,2022-07-25,2022-08-24,nifty,week,put,ATMm4
2022-08-24_2022-09-23.json,8250,0,0,0,0,0,0,58,12,8250,2022-08-24,2022-09-23,nifty,week,put,ATMm4
2022-09-23_2022-10-23.json,7500,0,0,0,0,0,0,42,0,7500,2022-09-23,2022-10-21,nifty,week,put,ATMm4
2022-10-23_2022-11-22.json,7185,60,0,0,0,0,0,39,2,7125,2022-10-25,2022-11-22,nifty,week,put,ATMm4
2022-11-22_2022-12-22.json,8625,0,0,0,0,0,0,53,1,8625,2022-11-22,2022-12-22,nifty,week,put,ATMm4
2022-12-22_2023-01-21.json,8250,0,0,0,0,0,0,53,1,8250,2022-12-22,2023-01-20,nifty,week,put,ATMm4
2023-01-21_2023-02-20.json,7500,0,0,0,0,0,0,43,1,7500,2023-01-23,2023-02-20,nifty,week,put,ATMm4
2023-02-20_2023-03-22.json,8250,0,0,0,0,0,0,45,0,8250,2023-02-20,2023-03-22,nifty,week,put,ATMm4
2023-03-22_2023-04-21.json,7125,0,0,0,0,0,0,50,1,7125,2023-03-22,2023-04-21,nifty,week,put,ATMm4
2023-04-21_2023-05-21.json,7511,11,0,0,0,0,0,38,2,7500,2023-04-21,2023-05-19,nifty,week,put,ATMm4
2023-05-21_2023-06-20.json,8267,17,0,0,0,0,0,36,0,8250,2023-05-22,2023-06-20,nifty,week,put,ATMm4
2023-06-20_2023-07-20.json,8266,16,0,0,0,0,0,43,0,8250,2023-06-20,2023-07-20,nifty,week,put,ATMm4
2023-07-20_2023-08-19.json,7891,16,0,0,0,0,0,41,0,7875,2023-07-20,2023-08-18,nifty,week,put,ATMm4
2023-08-19_2023-09-18.json,7892,17,0,0,0,0,0,30,0,7875,2023-08-21,2023-09-18,nifty,week,put,ATMm4
2023-09-18_2023-10-18.json,7889,14,0,0,0,0,0,34,0,7875,2023-09-18,2023-10-18,nifty,week,put,ATMm4
2023-10-18_2023-11-17.json,7950,75,0,0,0,0,0,42,0,7875,2023-10-18,2023-11-17,nifty,week,put,ATMm4
2023-11-17_2023-12-17.json,7516,16,0,0,0,0,0,31,0,7500,2023-11-17,2023-12-15,nifty,week,put,ATMm4
2023-12-17_2024-01-16.json,7893,18,0,0,0,0,0,27,0,7875,2023-12-18,2024-01-16,nifty,week,put,ATMm4
2024-01-16_2024-02-15.json,8266,16,0,0,0,0,0,35,0,8250,2024-01-16,2024-02-15,nifty,week,put,ATMm4
2024-02-15_2024-03-16.json,7997,15,0,0,0,0,0,30,0,7982,2024-02-15,2024-03-15,nifty,week,put,ATMm4
2024-03-16_2024-04-15.json,6760,10,0,0,0,0,0,26,0,6750,2024-03-18,2024-04-15,nifty,week,put,ATMm4
2024-04-15_2024-05-15.json,7880,5,0,0,0,0,0,26,1,7875,2024-04-15,2024-05-15,nifty,week,put,ATMm4
2024-05-15_2024-06-14.json,8634,9,0,0,0,0,0,35,270,8625,2024-05-15,2024-06-14,nifty,week,put,ATMm4
2024-06-14_2024-07-14.json,7506,6,0,0,0,0,0,23,0,7500,2024-06-14,2024-07-12,nifty,week,put,ATMm4
2024-07-14_2024-08-13.json,7884,9,0,0,0,0,0,23,0,7875,2024-07-15,2024-08-13,nifty,week,put,ATMm4
2024-08-13_2024-09-12.json,8257,7,0,0,0,0,0,27,0,8250,2024-08-13,2024-09-12,nifty,week,put,ATMm4
2024-09-12_2024-10-12.json,7880,5,0,0,0,0,0,24,0,7875,2024-09-12,2024-10-11,nifty,week,put,ATMm4
2024-10-12_2024-11-11.json,7570,70,0,0,0,0,0,21,0,7500,2024-10-14,2024-11-11,nifty,week,put,ATMm4
2024-11-11_2024-12-11.json,7876,1,0,0,0,0,0,20,0,7875,2024-11-11,2024-12-11,nifty,week,put,ATMm4
2024-12-11_2025-01-10.json,8253,3,0,0,0,0,0,25,0,8250,2024-12-11,2025-01-10,nifty,week,put,ATMm4
2025-01-10_2025-02-09.json,8252,2,0,0,0,0,0,25,0,8250,2025-01-10,2025-02-07,nifty,week,put,ATMm4
2025-02-09_2025-03-11.json,7878,3,0,0,0,0,0,24,0,7875,2025-02-10,2025-03-11,nifty,week,put,ATMm4
2025-03-11_2025-04-10.json,7503,3,0,0,0,0,0,28,0,7500,2025-03-11,2025-04-09,nifty,week,put,ATMm4
2025-04-10_2025-05-10.json,6751,1,0,0,0,0,0,22,0,6750,2025-04-11,2025-05-09,nifty,week,put,ATMm4
2025-05-10_2025-06-09.json,7878,3,0,0,0,0,0,22,0,7875,2025-05-12,2025-06-09,nifty,week,put,ATMm4
2025-06-09_2025-07-09.json,8625,0,0,0,0,0,0,21,0,8625,2025-06-09,2025-07-09,nifty,week,put,ATMm4
2025-07-09_2025-08-08.json,8626,1,0,0,0,0,0,20,3,8625,2025-07-09,2025-08-08,nifty,week,put,ATMm4
2025-08-08_2025-09-07.json,7125,0,0,0,0,0,0,0,11,7125,2025-08-08,2025-09-05,nifty,week,put,ATMm4
2025-09-07_2025-10-07.json,7875,0,0,0,0,0,0,0,7,7875,2025-09-08,2025-10-07,nifty,week,put,ATMm4
2025-10-07_2025-11-06.json,7605,0,0,0,0,0,0,0,64,7605,2025-10-07,2025-11-06,nifty,week,put,ATMm4
2025-11-06_2025-12-06.json,8250,0,0,0,0,0,0,0,13,8250,2025-11-06,2025-12-05,nifty,week,put,ATMm4
2025-12-06_2026-01-05.json,7500,0,0,0,0,0,0,0,0,7500,2025-12-08,2026-01-05,nifty,week,put,ATMm4
2026-01-05_2026-02-04.json,8250,0,0,0,0,0,0,0,0,8250,2026-01-05,2026-02-04,nifty,week,put,ATMm4
2026-02-04_2026-03-06.json,8250,0,0,0,0,0,0,0,0,8250,2026-02-04,2026-03-06,nifty,week,put,ATMm4
2026-03-06_2026-04-05.json,6746,0,0,0,0,0,0,0,0,6746,2026-03-06,2026-04-02,nifty,week,put,ATMm4
2026-04-05_2026-04-30.json,6716,0,0,0,0,0,0,0,2,6716,2026-04-06,2026-04-30,nifty,week,put,ATMm4
2021-01-01_2021-01-31.json,7500,0,0,0,0,0,0,112,0,7500,2021-01-01,2021-01-29,nifty,week,put,ATMm5
2021-01-31_2021-03-02.json,8249,0,0,0,0,0,0,104,230,8249,2021-02-01,2021-03-02,nifty,week,put,ATMm5
2021-03-02_2021-04-01.json,7872,0,0,0,0,0,0,150,1,7872,2021-03-02,2021-04-01,nifty,week,put,ATMm5
2021-04-01_2021-05-01.json,7125,0,0,0,0,0,0,151,0,7125,2021-04-01,2021-04-30,nifty,week,put,ATMm5
2021-05-01_2021-05-31.json,7500,0,0,0,0,0,0,105,2,7500,2021-05-03,2021-05-31,nifty,week,put,ATMm5
2021-05-31_2021-06-30.json,8625,0,0,0,0,0,0,88,0,8625,2021-05-31,2021-06-30,nifty,week,put,ATMm5
2021-06-30_2021-07-30.json,8250,0,0,0,0,0,0,114,2,8250,2021-06-30,2021-07-30,nifty,week,put,ATMm5
2021-07-30_2021-08-29.json,7508,8,0,0,0,0,0,89,0,7500,2021-07-30,2021-08-27,nifty,week,put,ATMm5
2021-08-29_2021-09-28.json,7882,7,0,0,0,0,0,68,0,7875,2021-08-30,2021-09-28,nifty,week,put,ATMm5
2021-09-28_2021-10-28.json,8262,12,0,0,0,0,0,77,0,8250,2021-09-28,2021-10-28,nifty,week,put,ATMm5
2021-10-28_2021-11-27.json,7195,70,0,0,0,0,0,91,0,7125,2021-10-28,2021-11-26,nifty,week,put,ATMm5
2021-11-27_2021-12-27.json,7886,11,0,0,0,0,0,72,0,7875,2021-11-29,2021-12-27,nifty,week,put,ATMm5
2021-12-27_2022-01-26.json,8265,15,0,0,0,0,0,68,0,8250,2021-12-27,2022-01-25,nifty,week,put,ATMm5
2022-01-26_2022-02-25.json,8264,14,0,0,0,0,0,100,1,8250,2022-01-27,2022-02-25,nifty,week,put,ATMm5
2022-02-25_2022-03-27.json,7135,10,0,0,0,0,0,74,3,7125,2022-02-25,2022-03-25,nifty,week,put,ATMm5
2022-03-27_2022-04-26.json,7516,16,0,0,0,0,0,67,0,7500,2022-03-28,2022-04-26,nifty,week,put,ATMm5
2022-04-26_2022-05-26.json,8266,16,0,0,0,0,0,98,2,8250,2022-04-26,2022-05-26,nifty,week,put,ATMm5
2022-05-26_2022-06-25.json,8251,1,0,0,0,0,0,116,0,8250,2022-05-26,2022-06-24,nifty,week,put,ATMm5
2022-06-25_2022-07-25.json,7875,0,0,0,0,0,0,75,0,7875,2022-06-27,2022-07-25,nifty,week,put,ATMm5
2022-07-25_2022-08-24.json,7875,0,0,0,0,0,0,72,0,7875,2022-07-25,2022-08-24,nifty,week,put,ATMm5
2022-08-24_2022-09-23.json,8250,0,0,0,0,0,0,90,12,8250,2022-08-24,2022-09-23,nifty,week,put,ATMm5
2022-09-23_2022-10-23.json,7500,0,0,0,0,0,0,72,1,7500,2022-09-23,2022-10-21,nifty,week,put,ATMm5
2022-10-23_2022-11-22.json,7185,60,0,0,0,0,0,64,2,7125,2022-10-25,2022-11-22,nifty,week,put,ATMm5
2022-11-22_2022-12-22.json,8625,0,0,0,0,0,0,78,1,8625,2022-11-22,2022-12-22,nifty,week,put,ATMm5
2022-12-22_2023-01-21.json,8250,0,0,0,0,0,0,77,1,8250,2022-12-22,2023-01-20,nifty,week,put,ATMm5
2023-01-21_2023-02-20.json,7500,0,0,0,0,0,0,66,1,7500,2023-01-23,2023-02-20,nifty,week,put,ATMm5
2023-02-20_2023-03-22.json,8250,0,0,0,0,0,0,72,0,8250,2023-02-20,2023-03-22,nifty,week,put,ATMm5
2023-03-22_2023-04-21.json,7125,0,0,0,0,0,0,88,3,7125,2023-03-22,2023-04-21,nifty,week,put,ATMm5
2023-04-21_2023-05-21.json,7510,10,0,0,0,0,0,63,2,7500,2023-04-21,2023-05-19,nifty,week,put,ATMm5
2023-05-21_2023-06-20.json,8262,12,0,0,0,0,0,55,0,8250,2023-05-22,2023-06-20,nifty,week,put,ATMm5
2023-06-20_2023-07-20.json,8263,13,0,0,0,0,0,75,0,8250,2023-06-20,2023-07-20,nifty,week,put,ATMm5
2023-07-20_2023-08-19.json,7890,15,0,0,0,0,0,67,0,7875,2023-07-20,2023-08-18,nifty,week,put,ATMm5
2023-08-19_2023-09-18.json,7891,16,0,0,0,0,0,53,0,7875,2023-08-21,2023-09-18,nifty,week,put,ATMm5
2023-09-18_2023-10-18.json,7889,14,0,0,0,0,0,53,0,7875,2023-09-18,2023-10-18,nifty,week,put,ATMm5
2023-10-18_2023-11-17.json,7950,75,0,0,0,0,0,69,0,7875,2023-10-18,2023-11-17,nifty,week,put,ATMm5
2023-11-17_2023-12-17.json,7514,14,0,0,0,0,0,47,0,7500,2023-11-17,2023-12-15,nifty,week,put,ATMm5
2023-12-17_2024-01-16.json,7893,18,0,0,0,0,0,45,0,7875,2023-12-18,2024-01-16,nifty,week,put,ATMm5
2024-01-16_2024-02-15.json,8268,18,0,0,0,0,0,57,0,8250,2024-01-16,2024-02-15,nifty,week,put,ATMm5
2024-02-15_2024-03-16.json,7998,16,0,0,0,0,0,51,1,7982,2024-02-15,2024-03-15,nifty,week,put,ATMm5
2024-03-16_2024-04-15.json,6761,11,0,0,0,0,0,43,0,6750,2024-03-18,2024-04-15,nifty,week,put,ATMm5
2024-04-15_2024-05-15.json,7879,4,0,0,0,0,0,41,0,7875,2024-04-15,2024-05-15,nifty,week,put,ATMm5
2024-05-15_2024-06-14.json,8634,9,0,0,0,0,0,52,269,8625,2024-05-15,2024-06-14,nifty,week,put,ATMm5
2024-06-14_2024-07-14.json,7504,4,0,0,0,0,0,34,0,7500,2024-06-14,2024-07-12,nifty,week,put,ATMm5
2024-07-14_2024-08-13.json,7886,11,0,0,0,0,0,31,0,7875,2024-07-15,2024-08-13,nifty,week,put,ATMm5
2024-08-13_2024-09-12.json,8259,9,0,0,0,0,0,41,0,8250,2024-08-13,2024-09-12,nifty,week,put,ATMm5
2024-09-12_2024-10-12.json,7880,5,0,0,0,0,0,42,0,7875,2024-09-12,2024-10-11,nifty,week,put,ATMm5
2024-10-12_2024-11-11.json,7571,71,0,0,0,0,0,34,0,7500,2024-10-14,2024-11-11,nifty,week,put,ATMm5
2024-11-11_2024-12-11.json,7877,2,0,0,0,0,0,35,0,7875,2024-11-11,2024-12-11,nifty,week,put,ATMm5
2024-12-11_2025-01-10.json,8254,4,0,0,0,0,0,40,0,8250,2024-12-11,2025-01-10,nifty,week,put,ATMm5
2025-01-10_2025-02-09.json,8252,2,0,0,0,0,0,39,0,8250,2025-01-10,2025-02-07,nifty,week,put,ATMm5
2025-02-09_2025-03-11.json,7877,2,0,0,0,0,0,36,0,7875,2025-02-10,2025-03-11,nifty,week,put,ATMm5
2025-03-11_2025-04-10.json,7503,3,0,0,0,0,0,45,0,7500,2025-03-11,2025-04-09,nifty,week,put,ATMm5
2025-04-10_2025-05-10.json,6751,1,0,0,0,0,0,40,0,6750,2025-04-11,2025-05-09,nifty,week,put,ATMm5
2025-05-10_2025-06-09.json,7878,3,0,0,0,0,0,35,0,7875,2025-05-12,2025-06-09,nifty,week,put,ATMm5
2025-06-09_2025-07-09.json,8625,0,0,0,0,0,0,31,0,8625,2025-06-09,2025-07-09,nifty,week,put,ATMm5
2025-07-09_2025-08-08.json,8626,1,0,0,0,0,0,32,2,8625,2025-07-09,2025-08-08,nifty,week,put,ATMm5
2025-08-08_2025-09-07.json,7125,0,0,0,0,0,0,0,7,7125,2025-08-08,2025-09-05,nifty,week,put,ATMm5
2025-09-07_2025-10-07.json,7875,0,0,0,0,0,0,0,7,7875,2025-09-08,2025-10-07,nifty,week,put,ATMm5
2025-10-07_2025-11-06.json,7605,0,0,0,0,0,0,0,57,7605,2025-10-07,2025-11-06,nifty,week,put,ATMm5
2025-11-06_2025-12-06.json,8250,0,0,0,0,0,0,0,9,8250,2025-11-06,2025-12-05,nifty,week,put,ATMm5
2025-12-06_2026-01-05.json,7500,0,0,0,0,0,0,0,0,7500,2025-12-08,2026-01-05,nifty,week,put,ATMm5
2026-01-05_2026-02-04.json,8250,0,0,0,0,0,0,0,0,8250,2026-01-05,2026-02-04,nifty,week,put,ATMm5
2026-02-04_2026-03-06.json,8250,0,0,0,0,0,0,0,0,8250,2026-02-04,2026-03-06,nifty,week,put,ATMm5
2026-03-06_2026-04-05.json,6746,0,0,0,0,0,0,0,0,6746,2026-03-06,2026-04-02,nifty,week,put,ATMm5
2026-04-05_2026-04-30.json,6717,0,0,0,0,0,0,0,2,6717,2026-04-06,2026-04-30,nifty,week,put,ATMm5
2021-01-01_2021-01-31.json,7500,0,0,0,0,0,0,162,5,7500,2021-01-01,2021-01-29,nifty,week,put,ATMm6
2021-01-31_2021-03-02.json,8250,0,0,0,0,0,0,154,230,8250,2021-02-01,2021-03-02,nifty,week,put,ATMm6
2021-03-02_2021-04-01.json,7874,0,0,0,0,0,0,213,3,7874,2021-03-02,2021-04-01,nifty,week,put,ATMm6
2021-04-01_2021-05-01.json,7125,0,0,0,0,0,0,224,0,7125,2021-04-01,2021-04-30,nifty,week,put,ATMm6
2021-05-01_2021-05-31.json,7500,0,0,0,0,0,0,162,1,7500,2021-05-03,2021-05-31,nifty,week,put,ATMm6
2021-05-31_2021-06-30.json,8625,0,0,0,0,0,0,140,0,8625,2021-05-31,2021-06-30,nifty,week,put,ATMm6
2021-06-30_2021-07-30.json,8250,0,0,0,0,0,0,164,2,8250,2021-06-30,2021-07-30,nifty,week,put,ATMm6
2021-07-30_2021-08-29.json,7507,7,0,0,0,0,0,131,1,7500,2021-07-30,2021-08-27,nifty,week,put,ATMm6
2021-08-29_2021-09-28.json,7884,9,0,0,0,0,0,112,0,7875,2021-08-30,2021-09-28,nifty,week,put,ATMm6
2021-09-28_2021-10-28.json,8264,14,0,0,0,0,0,121,2,8250,2021-09-28,2021-10-28,nifty,week,put,ATMm6
2021-10-28_2021-11-27.json,7197,72,0,0,0,0,0,130,2,7125,2021-10-28,2021-11-26,nifty,week,put,ATMm6
2021-11-27_2021-12-27.json,7891,16,0,0,0,0,0,107,0,7875,2021-11-29,2021-12-27,nifty,week,put,ATMm6
2021-12-27_2022-01-26.json,8262,12,0,0,0,0,0,104,1,8250,2021-12-27,2022-01-25,nifty,week,put,ATMm6
2022-01-26_2022-02-25.json,8264,14,0,0,0,0,0,140,1,8250,2022-01-27,2022-02-25,nifty,week,put,ATMm6
2022-02-25_2022-03-27.json,7134,9,0,0,0,0,0,116,3,7125,2022-02-25,2022-03-25,nifty,week,put,ATMm6
2022-03-27_2022-04-26.json,7515,15,0,0,0,0,0,104,5,7500,2022-03-28,2022-04-26,nifty,week,put,ATMm6
2022-04-26_2022-05-26.json,8266,16,0,0,0,0,0,155,1,8250,2022-04-26,2022-05-26,nifty,week,put,ATMm6
2022-05-26_2022-06-25.json,8251,1,0,0,0,0,0,173,1,8250,2022-05-26,2022-06-24,nifty,week,put,ATMm6
2022-06-25_2022-07-25.json,7875,0,0,0,0,0,0,128,1,7875,2022-06-27,2022-07-25,nifty,week,put,ATMm6
2022-07-25_2022-08-24.json,7875,0,0,0,0,0,0,112,0,7875,2022-07-25,2022-08-24,nifty,week,put,ATMm6
2022-08-24_2022-09-23.json,8250,0,0,0,0,0,0,131,12,8250,2022-08-24,2022-09-23,nifty,week,put,ATMm6
2022-09-23_2022-10-23.json,7500,0,0,0,0,0,0,110,0,7500,2022-09-23,2022-10-21,nifty,week,put,ATMm6
2022-10-23_2022-11-22.json,7185,60,0,0,0,0,0,98,4,7125,2022-10-25,2022-11-22,nifty,week,put,ATMm6
2022-11-22_2022-12-22.json,8625,0,0,0,0,0,0,112,1,8625,2022-11-22,2022-12-22,nifty,week,put,ATMm6
2022-12-22_2023-01-21.json,8250,0,0,0,0,0,0,119,2,8250,2022-12-22,2023-01-20,nifty,week,put,ATMm6
2023-01-21_2023-02-20.json,7500,0,0,0,0,0,0,101,1,7500,2023-01-23,2023-02-20,nifty,week,put,ATMm6
2023-02-20_2023-03-22.json,8250,0,0,0,0,0,0,107,0,8250,2023-02-20,2023-03-22,nifty,week,put,ATMm6
2023-03-22_2023-04-21.json,7125,0,0,0,0,0,0,138,1,7125,2023-03-22,2023-04-21,nifty,week,put,ATMm6
2023-04-21_2023-05-21.json,7507,7,0,0,0,0,0,95,2,7500,2023-04-21,2023-05-19,nifty,week,put,ATMm6
2023-05-21_2023-06-20.json,8263,13,0,0,0,0,0,92,2,8250,2023-05-22,2023-06-20,nifty,week,put,ATMm6
2023-06-20_2023-07-20.json,8264,14,0,0,0,0,0,103,0,8250,2023-06-20,2023-07-20,nifty,week,put,ATMm6
2023-07-20_2023-08-19.json,7891,16,0,0,0,0,0,100,0,7875,2023-07-20,2023-08-18,nifty,week,put,ATMm6
2023-08-19_2023-09-18.json,7889,14,0,0,0,0,0,80,0,7875,2023-08-21,2023-09-18,nifty,week,put,ATMm6
2023-09-18_2023-10-18.json,7890,15,0,0,0,0,0,75,0,7875,2023-09-18,2023-10-18,nifty,week,put,ATMm6
2023-10-18_2023-11-17.json,7949,74,0,0,0,0,0,95,0,7875,2023-10-18,2023-11-17,nifty,week,put,ATMm6
2023-11-17_2023-12-17.json,7515,15,0,0,0,0,0,70,0,7500,2023-11-17,2023-12-15,nifty,week,put,ATMm6
2023-12-17_2024-01-16.json,7891,16,0,0,0,0,0,65,0,7875,2023-12-18,2024-01-16,nifty,week,put,ATMm6
2024-01-16_2024-02-15.json,8263,13,0,0,0,0,0,80,0,8250,2024-01-16,2024-02-15,nifty,week,put,ATMm6
2024-02-15_2024-03-16.json,8000,18,0,0,0,0,0,79,1,7982,2024-02-15,2024-03-15,nifty,week,put,ATMm6
2024-03-16_2024-04-15.json,6760,10,0,0,0,0,0,65,0,6750,2024-03-18,2024-04-15,nifty,week,put,ATMm6
2024-04-15_2024-05-15.json,7881,6,0,0,0,0,0,63,0,7875,2024-04-15,2024-05-15,nifty,week,put,ATMm6
2024-05-15_2024-06-14.json,8631,6,0,0,0,0,0,72,269,8625,2024-05-15,2024-06-14,nifty,week,put,ATMm6
2024-06-14_2024-07-14.json,7504,4,0,0,0,0,0,53,0,7500,2024-06-14,2024-07-12,nifty,week,put,ATMm6
2024-07-14_2024-08-13.json,7883,8,0,0,0,0,0,48,0,7875,2024-07-15,2024-08-13,nifty,week,put,ATMm6
2024-08-13_2024-09-12.json,8256,6,0,0,0,0,0,63,0,8250,2024-08-13,2024-09-12,nifty,week,put,ATMm6
2024-09-12_2024-10-12.json,7881,6,0,0,0,0,0,60,0,7875,2024-09-12,2024-10-11,nifty,week,put,ATMm6
2024-10-12_2024-11-11.json,7569,69,0,0,0,0,0,49,0,7500,2024-10-14,2024-11-11,nifty,week,put,ATMm6
2024-11-11_2024-12-11.json,7877,2,0,0,0,0,0,53,0,7875,2024-11-11,2024-12-11,nifty,week,put,ATMm6
2024-12-11_2025-01-10.json,8252,2,0,0,0,0,0,64,0,8250,2024-12-11,2025-01-10,nifty,week,put,ATMm6
2025-01-10_2025-02-09.json,8251,1,0,0,0,0,0,55,0,8250,2025-01-10,2025-02-07,nifty,week,put,ATMm6
2025-02-09_2025-03-11.json,7878,3,0,0,0,0,0,53,0,7875,2025-02-10,2025-03-11,nifty,week,put,ATMm6
2025-03-11_2025-04-10.json,7503,3,0,0,0,0,0,71,0,7500,2025-03-11,2025-04-09,nifty,week,put,ATMm6
2025-04-10_2025-05-10.json,6751,1,0,0,0,0,0,51,0,6750,2025-04-11,2025-05-09,nifty,week,put,ATMm6
2025-05-10_2025-06-09.json,7877,2,0,0,0,0,0,51,0,7875,2025-05-12,2025-06-09,nifty,week,put,ATMm6
2025-06-09_2025-07-09.json,8625,0,0,0,0,0,0,44,0,8625,2025-06-09,2025-07-09,nifty,week,put,ATMm6
2025-07-09_2025-08-08.json,8625,0,0,0,0,0,0,51,6,8625,2025-07-09,2025-08-08,nifty,week,put,ATMm6
2025-08-08_2025-09-07.json,7125,0,0,0,0,0,0,0,10,7125,2025-08-08,2025-09-05,nifty,week,put,ATMm6
2025-09-07_2025-10-07.json,7875,0,0,0,0,0,0,0,5,7875,2025-09-08,2025-10-07,nifty,week,put,ATMm6
2025-10-07_2025-11-06.json,7605,0,0,0,0,0,0,0,56,7605,2025-10-07,2025-11-06,nifty,week,put,ATMm6
2025-11-06_2025-12-06.json,8250,0,0,0,0,0,0,0,16,8250,2025-11-06,2025-12-05,nifty,week,put,ATMm6
2025-12-06_2026-01-05.json,7500,0,0,0,0,0,0,0,0,7500,2025-12-08,2026-01-05,nifty,week,put,ATMm6
2026-01-05_2026-02-04.json,8250,0,0,0,0,0,0,0,0,8250,2026-01-05,2026-02-04,nifty,week,put,ATMm6
2026-02-04_2026-03-06.json,8250,0,0,0,0,0,0,0,0,8250,2026-02-04,2026-03-06,nifty,week,put,ATMm6
2026-03-06_2026-04-05.json,6746,0,0,0,0,0,0,0,0,6746,2026-03-06,2026-04-02,nifty,week,put,ATMm6
2026-04-05_2026-04-30.json,6717,0,0,0,0,0,0,0,2,6717,2026-04-06,2026-04-30,nifty,week,put,ATMm6
2021-01-01_2021-01-31.json,7500,0,0,0,0,0,0,234,12,7500,2021-01-01,2021-01-29,nifty,week,put,ATMm7
2021-01-31_2021-03-02.json,8250,0,0,0,0,0,0,219,243,8250,2021-02-01,2021-03-02,nifty,week,put,ATMm7
2021-03-02_2021-04-01.json,7875,0,0,0,0,0,0,299,14,7875,2021-03-02,2021-04-01,nifty,week,put,ATMm7
2021-04-01_2021-05-01.json,7125,0,0,0,0,0,0,303,1,7125,2021-04-01,2021-04-30,nifty,week,put,ATMm7
2021-05-01_2021-05-31.json,7498,0,0,0,0,0,0,203,8,7498,2021-05-03,2021-05-31,nifty,week,put,ATMm7
2021-05-31_2021-06-30.json,8625,0,0,0,0,0,0,207,8,8625,2021-05-31,2021-06-30,nifty,week,put,ATMm7
2021-06-30_2021-07-30.json,8250,0,0,0,0,0,0,227,46,8250,2021-06-30,2021-07-30,nifty,week,put,ATMm7
2021-07-30_2021-08-29.json,7504,4,0,0,0,0,0,181,0,7500,2021-07-30,2021-08-27,nifty,week,put,ATMm7
2021-08-29_2021-09-28.json,7886,11,0,0,0,0,0,155,0,7875,2021-08-30,2021-09-28,nifty,week,put,ATMm7
2021-09-28_2021-10-28.json,8261,11,0,0,0,0,0,177,7,8250,2021-09-28,2021-10-28,nifty,week,put,ATMm7
2021-10-28_2021-11-27.json,7195,70,0,0,0,0,0,180,2,7125,2021-10-28,2021-11-26,nifty,week,put,ATMm7
2021-11-27_2021-12-27.json,7890,15,0,0,0,0,0,167,1,7875,2021-11-29,2021-12-27,nifty,week,put,ATMm7
2021-12-27_2022-01-26.json,8261,11,0,0,0,0,0,156,2,8250,2021-12-27,2022-01-25,nifty,week,put,ATMm7
2022-01-26_2022-02-25.json,8265,15,0,0,0,0,0,203,1,8250,2022-01-27,2022-02-25,nifty,week,put,ATMm7
2022-02-25_2022-03-27.json,7135,10,0,0,0,0,0,165,6,7125,2022-02-25,2022-03-25,nifty,week,put,ATMm7
2022-03-27_2022-04-26.json,7513,13,0,0,0,0,0,148,1,7500,2022-03-28,2022-04-26,nifty,week,put,ATMm7
2022-04-26_2022-05-26.json,8265,15,0,0,0,0,0,224,8,8250,2022-04-26,2022-05-26,nifty,week,put,ATMm7
2022-05-26_2022-06-25.json,8251,1,0,0,0,0,0,247,0,8250,2022-05-26,2022-06-24,nifty,week,put,ATMm7
2022-06-25_2022-07-25.json,7875,0,0,0,0,0,0,181,0,7875,2022-06-27,2022-07-25,nifty,week,put,ATMm7
2022-07-25_2022-08-24.json,7875,0,0,0,0,0,0,153,0,7875,2022-07-25,2022-08-24,nifty,week,put,ATMm7
2022-08-24_2022-09-23.json,8250,0,0,0,0,0,0,176,12,8250,2022-08-24,2022-09-23,nifty,week,put,ATMm7
2022-09-23_2022-10-23.json,7500,0,0,0,0,0,0,156,1,7500,2022-09-23,2022-10-21,nifty,week,put,ATMm7
2022-10-23_2022-11-22.json,7185,60,0,0,0,0,0,132,3,7125,2022-10-25,2022-11-22,nifty,week,put,ATMm7
2022-11-22_2022-12-22.json,8625,0,0,0,0,0,0,162,1,8625,2022-11-22,2022-12-22,nifty,week,put,ATMm7
2022-12-22_2023-01-21.json,8250,0,0,0,0,0,0,180,2,8250,2022-12-22,2023-01-20,nifty,week,put,ATMm7
2023-01-21_2023-02-20.json,7500,0,0,0,0,0,0,144,4,7500,2023-01-23,2023-02-20,nifty,week,put,ATMm7
2023-02-20_2023-03-22.json,8250,0,0,0,0,0,0,144,2,8250,2023-02-20,2023-03-22,nifty,week,put,ATMm7
2023-03-22_2023-04-21.json,7125,0,0,0,0,0,0,193,4,7125,2023-03-22,2023-04-21,nifty,week,put,ATMm7
2023-04-21_2023-05-21.json,7505,5,0,0,0,0,0,143,2,7500,2023-04-21,2023-05-19,nifty,week,put,ATMm7
2023-05-21_2023-06-20.json,8258,8,0,0,0,0,0,130,0,8250,2023-05-22,2023-06-20,nifty,week,put,ATMm7
2023-06-20_2023-07-20.json,8262,12,0,0,0,0,0,148,0,8250,2023-06-20,2023-07-20,nifty,week,put,ATMm7
2023-07-20_2023-08-19.json,7889,14,0,0,0,0,0,141,0,7875,2023-07-20,2023-08-18,nifty,week,put,ATMm7
2023-08-19_2023-09-18.json,7887,12,0,0,0,0,0,111,2,7875,2023-08-21,2023-09-18,nifty,week,put,ATMm7
2023-09-18_2023-10-18.json,7886,11,0,0,0,0,0,112,0,7875,2023-09-18,2023-10-18,nifty,week,put,ATMm7
2023-10-18_2023-11-17.json,7948,73,0,0,0,0,0,144,0,7875,2023-10-18,2023-11-17,nifty,week,put,ATMm7
2023-11-17_2023-12-17.json,7509,9,0,0,0,0,0,99,1,7500,2023-11-17,2023-12-15,nifty,week,put,ATMm7
2023-12-17_2024-01-16.json,7891,16,0,0,0,0,0,90,0,7875,2023-12-18,2024-01-16,nifty,week,put,ATMm7
2024-01-16_2024-02-15.json,8266,16,0,0,0,0,0,119,0,8250,2024-01-16,2024-02-15,nifty,week,put,ATMm7
2024-02-15_2024-03-16.json,7997,15,0,0,0,0,0,109,1,7982,2024-02-15,2024-03-15,nifty,week,put,ATMm7
2024-03-16_2024-04-15.json,6758,8,0,0,0,0,0,89,0,6750,2024-03-18,2024-04-15,nifty,week,put,ATMm7
2024-04-15_2024-05-15.json,7879,4,0,0,0,0,0,82,0,7875,2024-04-15,2024-05-15,nifty,week,put,ATMm7
2024-05-15_2024-06-14.json,8631,6,0,0,0,0,0,106,270,8625,2024-05-15,2024-06-14,nifty,week,put,ATMm7
2024-06-14_2024-07-14.json,7502,2,0,0,0,0,0,71,0,7500,2024-06-14,2024-07-12,nifty,week,put,ATMm7
2024-07-14_2024-08-13.json,7884,9,0,0,0,0,0,72,0,7875,2024-07-15,2024-08-13,nifty,week,put,ATMm7
2024-08-13_2024-09-12.json,8255,5,0,0,0,0,0,85,0,8250,2024-08-13,2024-09-12,nifty,week,put,ATMm7
2024-09-12_2024-10-12.json,7882,7,0,0,0,0,0,83,0,7875,2024-09-12,2024-10-11,nifty,week,put,ATMm7
2024-10-12_2024-11-11.json,7569,69,0,0,0,0,0,67,0,7500,2024-10-14,2024-11-11,nifty,week,put,ATMm7
2024-11-11_2024-12-11.json,7877,2,0,0,0,0,0,80,0,7875,2024-11-11,2024-12-11,nifty,week,put,ATMm7
2024-12-11_2025-01-10.json,8252,2,0,0,0,0,0,91,0,8250,2024-12-11,2025-01-10,nifty,week,put,ATMm7
2025-01-10_2025-02-09.json,8252,2,0,0,0,0,0,77,0,8250,2025-01-10,2025-02-07,nifty,week,put,ATMm7
2025-02-09_2025-03-11.json,7878,3,0,0,0,0,0,79,0,7875,2025-02-10,2025-03-11,nifty,week,put,ATMm7
2025-03-11_2025-04-10.json,7502,2,0,0,0,0,0,101,0,7500,2025-03-11,2025-04-09,nifty,week,put,ATMm7
2025-04-10_2025-05-10.json,6751,1,0,0,0,0,0,79,0,6750,2025-04-11,2025-05-09,nifty,week,put,ATMm7
2025-05-10_2025-06-09.json,7878,3,0,0,0,0,0,70,0,7875,2025-05-12,2025-06-09,nifty,week,put,ATMm7
2025-06-09_2025-07-09.json,8625,0,0,0,0,0,0,64,0,8625,2025-06-09,2025-07-09,nifty,week,put,ATMm7
2025-07-09_2025-08-08.json,8626,1,0,0,0,0,0,74,0,8625,2025-07-09,2025-08-08,nifty,week,put,ATMm7
2025-08-08_2025-09-07.json,7125,0,0,0,0,0,0,0,10,7125,2025-08-08,2025-09-05,nifty,week,put,ATMm7
2025-09-07_2025-10-07.json,7875,0,0,0,0,0,0,0,8,7875,2025-09-08,2025-10-07,nifty,week,put,ATMm7
2025-10-07_2025-11-06.json,7605,0,0,0,0,0,0,0,57,7605,2025-10-07,2025-11-06,nifty,week,put,ATMm7
2025-11-06_2025-12-06.json,8250,0,0,0,0,0,0,0,11,8250,2025-11-06,2025-12-05,nifty,week,put,ATMm7
2025-12-06_2026-01-05.json,7500,0,0,0,0,0,0,0,0,7500,2025-12-08,2026-01-05,nifty,week,put,ATMm7
2026-01-05_2026-02-04.json,8250,0,0,0,0,0,0,0,0,8250,2026-01-05,2026-02-04,nifty,week,put,ATMm7
2026-02-04_2026-03-06.json,8250,0,0,0,0,0,0,0,0,8250,2026-02-04,2026-03-06,nifty,week,put,ATMm7
2026-03-06_2026-04-05.json,6746,0,0,0,0,0,0,0,0,6746,2026-03-06,2026-04-02,nifty,week,put,ATMm7
2026-04-05_2026-04-30.json,6717,0,0,0,0,0,0,0,2,6717,2026-04-06,2026-04-30,nifty,week,put,ATMm7
2021-01-01_2021-01-31.json,7500,0,0,0,0,0,0,310,34,7500,2021-01-01,2021-01-29,nifty,week,put,ATMm8
2021-01-31_2021-03-02.json,8249,0,0,0,0,0,0,276,238,8249,2021-02-01,2021-03-02,nifty,week,put,ATMm8
2021-03-02_2021-04-01.json,7874,0,0,0,0,0,0,395,22,7874,2021-03-02,2021-04-01,nifty,week,put,ATMm8
2021-04-01_2021-05-01.json,7125,0,0,0,0,0,0,406,0,7125,2021-04-01,2021-04-30,nifty,week,put,ATMm8
2021-05-01_2021-05-31.json,7500,0,0,0,0,0,0,289,27,7500,2021-05-03,2021-05-31,nifty,week,put,ATMm8
2021-05-31_2021-06-30.json,8625,0,0,0,0,0,0,280,12,8625,2021-05-31,2021-06-30,nifty,week,put,ATMm8
2021-06-30_2021-07-30.json,8250,0,0,0,0,0,0,314,13,8250,2021-06-30,2021-07-30,nifty,week,put,ATMm8
2021-07-30_2021-08-29.json,7502,2,0,0,0,0,0,238,4,7500,2021-07-30,2021-08-27,nifty,week,put,ATMm8
2021-08-29_2021-09-28.json,7878,3,0,0,0,0,0,200,6,7875,2021-08-30,2021-09-28,nifty,week,put,ATMm8
2021-09-28_2021-10-28.json,8258,8,0,0,0,0,0,249,8,8250,2021-09-28,2021-10-28,nifty,week,put,ATMm8
2021-10-28_2021-11-27.json,7192,67,0,0,0,0,0,252,7,7125,2021-10-28,2021-11-26,nifty,week,put,ATMm8
2021-11-27_2021-12-27.json,7892,17,0,0,0,0,0,223,1,7875,2021-11-29,2021-12-27,nifty,week,put,ATMm8
2021-12-27_2022-01-26.json,8262,12,0,0,0,0,0,203,8,8250,2021-12-27,2022-01-25,nifty,week,put,ATMm8
2022-01-26_2022-02-25.json,8264,14,0,0,0,0,0,280,2,8250,2022-01-27,2022-02-25,nifty,week,put,ATMm8
2022-02-25_2022-03-27.json,7135,10,0,0,0,0,0,227,3,7125,2022-02-25,2022-03-25,nifty,week,put,ATMm8
2022-03-27_2022-04-26.json,7513,13,0,0,0,0,0,196,12,7500,2022-03-28,2022-04-26,nifty,week,put,ATMm8
2022-04-26_2022-05-26.json,8266,16,0,0,0,0,0,298,5,8250,2022-04-26,2022-05-26,nifty,week,put,ATMm8
2022-05-26_2022-06-25.json,8252,2,0,0,0,0,0,330,1,8250,2022-05-26,2022-06-24,nifty,week,put,ATMm8
2022-06-25_2022-07-25.json,7875,0,0,0,0,0,0,236,4,7875,2022-06-27,2022-07-25,nifty,week,put,ATMm8
2022-07-25_2022-08-24.json,7875,0,0,0,0,0,0,208,0,7875,2022-07-25,2022-08-24,nifty,week,put,ATMm8
2022-08-24_2022-09-23.json,8250,0,0,0,0,0,0,258,12,8250,2022-08-24,2022-09-23,nifty,week,put,ATMm8
2022-09-23_2022-10-23.json,7500,0,0,0,0,0,0,193,1,7500,2022-09-23,2022-10-21,nifty,week,put,ATMm8
2022-10-23_2022-11-22.json,7185,60,0,0,0,0,0,174,5,7125,2022-10-25,2022-11-22,nifty,week,put,ATMm8
2022-11-22_2022-12-22.json,8625,0,0,0,0,0,0,222,3,8625,2022-11-22,2022-12-22,nifty,week,put,ATMm8
2022-12-22_2023-01-21.json,8250,0,0,0,0,0,0,234,1,8250,2022-12-22,2023-01-20,nifty,week,put,ATMm8
2023-01-21_2023-02-20.json,7500,0,0,0,0,0,0,191,1,7500,2023-01-23,2023-02-20,nifty,week,put,ATMm8
2023-02-20_2023-03-22.json,8250,0,0,0,0,0,0,194,2,8250,2023-02-20,2023-03-22,nifty,week,put,ATMm8
2023-03-22_2023-04-21.json,7125,0,0,0,0,0,0,257,1,7125,2023-03-22,2023-04-21,nifty,week,put,ATMm8
2023-04-21_2023-05-21.json,7502,2,0,0,0,0,0,198,4,7500,2023-04-21,2023-05-19,nifty,week,put,ATMm8
2023-05-21_2023-06-20.json,8260,10,0,0,0,0,0,179,0,8250,2023-05-22,2023-06-20,nifty,week,put,ATMm8
2023-06-20_2023-07-20.json,8256,6,0,0,0,0,0,207,1,8250,2023-06-20,2023-07-20,nifty,week,put,ATMm8
2023-07-20_2023-08-19.json,7888,13,0,0,0,0,0,196,1,7875,2023-07-20,2023-08-18,nifty,week,put,ATMm8
2023-08-19_2023-09-18.json,7891,16,0,0,0,0,0,159,1,7875,2023-08-21,2023-09-18,nifty,week,put,ATMm8
2023-09-18_2023-10-18.json,7887,12,0,0,0,0,0,148,1,7875,2023-09-18,2023-10-18,nifty,week,put,ATMm8
2023-10-18_2023-11-17.json,7943,68,0,0,0,0,0,193,0,7875,2023-10-18,2023-11-17,nifty,week,put,ATMm8
2023-11-17_2023-12-17.json,7512,12,0,0,0,0,0,141,0,7500,2023-11-17,2023-12-15,nifty,week,put,ATMm8
2023-12-17_2024-01-16.json,7890,15,0,0,0,0,0,131,0,7875,2023-12-18,2024-01-16,nifty,week,put,ATMm8
2024-01-16_2024-02-15.json,8264,14,0,0,0,0,0,164,0,8250,2024-01-16,2024-02-15,nifty,week,put,ATMm8
2024-02-15_2024-03-16.json,7995,13,0,0,0,0,0,147,0,7982,2024-02-15,2024-03-15,nifty,week,put,ATMm8
2024-03-16_2024-04-15.json,6757,7,0,0,0,0,0,113,0,6750,2024-03-18,2024-04-15,nifty,week,put,ATMm8
2024-04-15_2024-05-15.json,7878,3,0,0,0,0,0,119,1,7875,2024-04-15,2024-05-15,nifty,week,put,ATMm8
2024-05-15_2024-06-14.json,8636,11,0,0,0,0,0,146,270,8625,2024-05-15,2024-06-14,nifty,week,put,ATMm8
2024-06-14_2024-07-14.json,7505,5,0,0,0,0,0,98,0,7500,2024-06-14,2024-07-12,nifty,week,put,ATMm8
2024-07-14_2024-08-13.json,7881,6,0,0,0,0,0,92,0,7875,2024-07-15,2024-08-13,nifty,week,put,ATMm8
2024-08-13_2024-09-12.json,8257,7,0,0,0,0,0,117,0,8250,2024-08-13,2024-09-12,nifty,week,put,ATMm8
2024-09-12_2024-10-12.json,7880,5,0,0,0,0,0,114,0,7875,2024-09-12,2024-10-11,nifty,week,put,ATMm8
2024-10-12_2024-11-11.json,7570,70,0,0,0,0,0,90,0,7500,2024-10-14,2024-11-11,nifty,week,put,ATMm8
2024-11-11_2024-12-11.json,7877,2,0,0,0,0,0,108,0,7875,2024-11-11,2024-12-11,nifty,week,put,ATMm8
2024-12-11_2025-01-10.json,8253,3,0,0,0,0,0,123,1,8250,2024-12-11,2025-01-10,nifty,week,put,ATMm8
2025-01-10_2025-02-09.json,8252,2,0,0,0,0,0,105,0,8250,2025-01-10,2025-02-07,nifty,week,put,ATMm8
2025-02-09_2025-03-11.json,7876,1,0,0,0,0,0,112,0,7875,2025-02-10,2025-03-11,nifty,week,put,ATMm8
2025-03-11_2025-04-10.json,7503,3,0,0,0,0,0,132,0,7500,2025-03-11,2025-04-09,nifty,week,put,ATMm8
2025-04-10_2025-05-10.json,6750,0,0,0,0,0,0,100,0,6750,2025-04-11,2025-05-09,nifty,week,put,ATMm8
2025-05-10_2025-06-09.json,7878,3,0,0,0,0,0,93,0,7875,2025-05-12,2025-06-09,nifty,week,put,ATMm8
2025-06-09_2025-07-09.json,8625,0,0,0,0,0,0,89,0,8625,2025-06-09,2025-07-09,nifty,week,put,ATMm8
2025-07-09_2025-08-08.json,8625,0,0,0,0,0,0,91,0,8625,2025-07-09,2025-08-08,nifty,week,put,ATMm8
2025-08-08_2025-09-07.json,7125,0,0,0,0,0,0,0,8,7125,2025-08-08,2025-09-05,nifty,week,put,ATMm8
2025-09-07_2025-10-07.json,7875,0,0,0,0,0,0,0,5,7875,2025-09-08,2025-10-07,nifty,week,put,ATMm8
2025-10-07_2025-11-06.json,7605,0,0,0,0,0,0,0,64,7605,2025-10-07,2025-11-06,nifty,week,put,ATMm8
2025-11-06_2025-12-06.json,8250,0,0,0,0,0,0,0,14,8250,2025-11-06,2025-12-05,nifty,week,put,ATMm8
2025-12-06_2026-01-05.json,7500,0,0,0,0,0,0,0,0,7500,2025-12-08,2026-01-05,nifty,week,put,ATMm8
2026-01-05_2026-02-04.json,8250,0,0,0,0,0,0,0,0,8250,2026-01-05,2026-02-04,nifty,week,put,ATMm8
2026-02-04_2026-03-06.json,8250,0,0,0,0,0,0,0,0,8250,2026-02-04,2026-03-06,nifty,week,put,ATMm8
2026-03-06_2026-04-05.json,6746,0,0,0,0,0,0,0,0,6746,2026-03-06,2026-04-02,nifty,week,put,ATMm8
2026-04-05_2026-04-30.json,6717,0,0,0,0,0,0,0,2,6717,2026-04-06,2026-04-30,nifty,week,put,ATMm8
2021-01-01_2021-01-31.json,7500,0,0,0,0,0,0,394,73,7500,2021-01-01,2021-01-29,nifty,week,put,ATMm9
2021-01-31_2021-03-02.json,8250,0,0,0,0,0,0,357,274,8250,2021-02-01,2021-03-02,nifty,week,put,ATMm9
2021-03-02_2021-04-01.json,7875,0,0,0,0,0,0,518,41,7875,2021-03-02,2021-04-01,nifty,week,put,ATMm9
2021-04-01_2021-05-01.json,7125,0,0,0,0,0,0,538,2,7125,2021-04-01,2021-04-30,nifty,week,put,ATMm9
2021-05-01_2021-05-31.json,7500,0,0,0,0,0,0,356,28,7500,2021-05-03,2021-05-31,nifty,week,put,ATMm9
2021-05-31_2021-06-30.json,8625,0,0,0,0,0,0,347,43,8625,2021-05-31,2021-06-30,nifty,week,put,ATMm9
2021-06-30_2021-07-30.json,8250,0,0,0,0,0,0,411,138,8250,2021-06-30,2021-07-30,nifty,week,put,ATMm9
2021-07-30_2021-08-29.json,7503,3,0,0,0,0,0,308,4,7500,2021-07-30,2021-08-27,nifty,week,put,ATMm9
2021-08-29_2021-09-28.json,7882,7,0,0,0,0,0,271,3,7875,2021-08-30,2021-09-28,nifty,week,put,ATMm9
2021-09-28_2021-10-28.json,8255,5,0,0,0,0,0,314,19,8250,2021-09-28,2021-10-28,nifty,week,put,ATMm9
2021-10-28_2021-11-27.json,7190,65,0,0,0,0,0,323,19,7125,2021-10-28,2021-11-26,nifty,week,put,ATMm9
2021-11-27_2021-12-27.json,7889,14,0,0,0,0,0,276,2,7875,2021-11-29,2021-12-27,nifty,week,put,ATMm9
2021-12-27_2022-01-26.json,8263,13,0,0,0,0,0,248,37,8250,2021-12-27,2022-01-25,nifty,week,put,ATMm9
2022-01-26_2022-02-25.json,8264,14,0,0,0,0,0,360,2,8250,2022-01-27,2022-02-25,nifty,week,put,ATMm9
2022-02-25_2022-03-27.json,7137,12,0,0,0,0,0,314,7,7125,2022-02-25,2022-03-25,nifty,week,put,ATMm9
2022-03-27_2022-04-26.json,7511,11,0,0,0,0,0,256,14,7500,2022-03-28,2022-04-26,nifty,week,put,ATMm9
2022-04-26_2022-05-26.json,8259,9,0,0,0,0,0,377,17,8250,2022-04-26,2022-05-26,nifty,week,put,ATMm9
2022-05-26_2022-06-25.json,8251,1,0,0,0,0,0,423,1,8250,2022-05-26,2022-06-24,nifty,week,put,ATMm9
2022-06-25_2022-07-25.json,7875,0,0,0,0,0,0,310,1,7875,2022-06-27,2022-07-25,nifty,week,put,ATMm9
2022-07-25_2022-08-24.json,7875,0,0,0,0,0,0,277,0,7875,2022-07-25,2022-08-24,nifty,week,put,ATMm9
2022-08-24_2022-09-23.json,8250,0,0,0,0,0,0,325,14,8250,2022-08-24,2022-09-23,nifty,week,put,ATMm9
2022-09-23_2022-10-23.json,7500,0,0,0,0,0,0,265,3,7500,2022-09-23,2022-10-21,nifty,week,put,ATMm9
2022-10-23_2022-11-22.json,7185,60,0,0,0,0,0,218,9,7125,2022-10-25,2022-11-22,nifty,week,put,ATMm9
2022-11-22_2022-12-22.json,8625,0,0,0,0,0,0,288,14,8625,2022-11-22,2022-12-22,nifty,week,put,ATMm9
2022-12-22_2023-01-21.json,8250,0,0,0,0,0,0,297,7,8250,2022-12-22,2023-01-20,nifty,week,put,ATMm9
2023-01-21_2023-02-20.json,7500,0,0,0,0,0,0,242,13,7500,2023-01-23,2023-02-20,nifty,week,put,ATMm9
2023-02-20_2023-03-22.json,8250,0,0,0,0,0,0,253,7,8250,2023-02-20,2023-03-22,nifty,week,put,ATMm9
2023-03-22_2023-04-21.json,7125,0,0,0,0,0,0,323,4,7125,2023-03-22,2023-04-21,nifty,week,put,ATMm9
2023-04-21_2023-05-21.json,7505,5,0,0,0,0,0,255,3,7500,2023-04-21,2023-05-19,nifty,week,put,ATMm9
2023-05-21_2023-06-20.json,8260,10,0,0,0,0,0,236,3,8250,2023-05-22,2023-06-20,nifty,week,put,ATMm9
2023-06-20_2023-07-20.json,8256,6,0,0,0,0,0,266,1,8250,2023-06-20,2023-07-20,nifty,week,put,ATMm9
2023-07-20_2023-08-19.json,7884,9,0,0,0,0,0,250,1,7875,2023-07-20,2023-08-18,nifty,week,put,ATMm9
2023-08-19_2023-09-18.json,7885,10,0,0,0,0,0,201,5,7875,2023-08-21,2023-09-18,nifty,week,put,ATMm9
2023-09-18_2023-10-18.json,7882,7,0,0,0,0,0,194,0,7875,2023-09-18,2023-10-18,nifty,week,put,ATMm9
2023-10-18_2023-11-17.json,7940,65,0,0,0,0,0,255,1,7875,2023-10-18,2023-11-17,nifty,week,put,ATMm9
2023-11-17_2023-12-17.json,7508,8,0,0,0,0,0,169,2,7500,2023-11-17,2023-12-15,nifty,week,put,ATMm9
2023-12-17_2024-01-16.json,7888,13,0,0,0,0,0,162,0,7875,2023-12-18,2024-01-16,nifty,week,put,ATMm9
2024-01-16_2024-02-15.json,8263,13,0,0,0,0,0,198,0,8250,2024-01-16,2024-02-15,nifty,week,put,ATMm9
2024-02-15_2024-03-16.json,7994,12,0,0,0,0,0,188,2,7982,2024-02-15,2024-03-15,nifty,week,put,ATMm9
2024-03-16_2024-04-15.json,6756,6,0,0,0,0,0,146,0,6750,2024-03-18,2024-04-15,nifty,week,put,ATMm9
2024-04-15_2024-05-15.json,7880,5,0,0,0,0,0,147,1,7875,2024-04-15,2024-05-15,nifty,week,put,ATMm9
2024-05-15_2024-06-14.json,8634,9,0,0,0,0,0,183,270,8625,2024-05-15,2024-06-14,nifty,week,put,ATMm9
2024-06-14_2024-07-14.json,7504,4,0,0,0,0,0,126,0,7500,2024-06-14,2024-07-12,nifty,week,put,ATMm9
2024-07-14_2024-08-13.json,7884,9,0,0,0,0,0,118,0,7875,2024-07-15,2024-08-13,nifty,week,put,ATMm9
2024-08-13_2024-09-12.json,8257,7,0,0,0,0,0,148,0,8250,2024-08-13,2024-09-12,nifty,week,put,ATMm9
2024-09-12_2024-10-12.json,7880,5,0,0,0,0,0,142,0,7875,2024-09-12,2024-10-11,nifty,week,put,ATMm9
2024-10-12_2024-11-11.json,7570,70,0,0,0,0,0,115,0,7500,2024-10-14,2024-11-11,nifty,week,put,ATMm9
2024-11-11_2024-12-11.json,7877,2,0,0,0,0,0,137,0,7875,2024-11-11,2024-12-11,nifty,week,put,ATMm9
2024-12-11_2025-01-10.json,8254,4,0,0,0,0,0,165,1,8250,2024-12-11,2025-01-10,nifty,week,put,ATMm9
2025-01-10_2025-02-09.json,8252,2,0,0,0,0,0,132,1,8250,2025-01-10,2025-02-07,nifty,week,put,ATMm9
2025-02-09_2025-03-11.json,7878,3,0,0,0,0,0,135,0,7875,2025-02-10,2025-03-11,nifty,week,put,ATMm9
2025-03-11_2025-04-10.json,7503,3,0,0,0,0,0,181,0,7500,2025-03-11,2025-04-09,nifty,week,put,ATMm9
2025-04-10_2025-05-10.json,6750,0,0,0,0,0,0,142,0,6750,2025-04-11,2025-05-09,nifty,week,put,ATMm9
2025-05-10_2025-06-09.json,7878,3,0,0,0,0,0,126,0,7875,2025-05-12,2025-06-09,nifty,week,put,ATMm9
2025-06-09_2025-07-09.json,8625,0,0,0,0,0,0,125,0,8625,2025-06-09,2025-07-09,nifty,week,put,ATMm9
2025-07-09_2025-08-08.json,8626,1,0,0,0,0,0,121,4,8625,2025-07-09,2025-08-08,nifty,week,put,ATMm9
2025-08-08_2025-09-07.json,7125,0,0,0,0,0,0,0,9,7125,2025-08-08,2025-09-05,nifty,week,put,ATMm9
2025-09-07_2025-10-07.json,7875,0,0,0,0,0,0,0,10,7875,2025-09-08,2025-10-07,nifty,week,put,ATMm9
2025-10-07_2025-11-06.json,7605,0,0,0,0,0,0,0,64,7605,2025-10-07,2025-11-06,nifty,week,put,ATMm9
2025-11-06_2025-12-06.json,8250,0,0,0,0,0,0,0,10,8250,2025-11-06,2025-12-05,nifty,week,put,ATMm9
2025-12-06_2026-01-05.json,7500,0,0,0,0,0,0,0,1,7500,2025-12-08,2026-01-05,nifty,week,put,ATMm9
2026-01-05_2026-02-04.json,8250,0,0,0,0,0,0,0,0,8250,2026-01-05,2026-02-04,nifty,week,put,ATMm9
2026-02-04_2026-03-06.json,8250,0,0,0,0,0,0,0,0,8250,2026-02-04,2026-03-06,nifty,week,put,ATMm9
2026-03-06_2026-04-05.json,6746,0,0,0,0,0,0,0,0,6746,2026-03-06,2026-04-02,nifty,week,put,ATMm9
2026-04-05_2026-04-30.json,6717,0,0,0,0,0,0,0,2,6717,2026-04-06,2026-04-30,nifty,week,put,ATMm9
2021-01-01_2021-01-31.json,7500,0,0,0,0,0,5,104,0,7500,2021-01-01,2021-01-29,nifty,week,put,ATMp1
2021-01-31_2021-03-02.json,8250,0,0,0,0,0,1,101,230,8250,2021-02-01,2021-03-02,nifty,week,put,ATMp1
2021-03-02_2021-04-01.json,7875,0,0,0,0,0,1,93,0,7875,2021-03-02,2021-04-01,nifty,week,put,ATMp1
2021-04-01_2021-05-01.json,7124,0,0,0,0,0,2,65,0,7124,2021-04-01,2021-04-30,nifty,week,put,ATMp1
2021-05-01_2021-05-31.json,7499,0,0,0,0,0,8,98,0,7499,2021-05-03,2021-05-31,nifty,week,put,ATMp1
2021-05-31_2021-06-30.json,8625,0,0,0,0,0,0,48,0,8625,2021-05-31,2021-06-30,nifty,week,put,ATMp1
2021-06-30_2021-07-30.json,8249,0,0,0,0,0,1,86,0,8249,2021-06-30,2021-07-30,nifty,week,put,ATMp1
2021-07-30_2021-08-29.json,7506,6,0,0,0,0,0,116,0,7500,2021-07-30,2021-08-27,nifty,week,put,ATMp1
2021-08-29_2021-09-28.json,7888,13,0,0,0,0,0,62,0,7875,2021-08-30,2021-09-28,nifty,week,put,ATMp1
2021-09-28_2021-10-28.json,8266,16,0,0,0,0,5,260,0,8250,2021-09-28,2021-10-28,nifty,week,put,ATMp1
2021-10-28_2021-11-27.json,7200,75,0,0,0,0,2,119,0,7125,2021-10-28,2021-11-26,nifty,week,put,ATMp1
2021-11-27_2021-12-27.json,7893,18,0,0,0,0,2,84,0,7875,2021-11-29,2021-12-27,nifty,week,put,ATMp1
2021-12-27_2022-01-26.json,8270,20,0,0,0,0,4,117,0,8250,2021-12-27,2022-01-25,nifty,week,put,ATMp1
2022-01-26_2022-02-25.json,8266,16,0,0,0,0,3,99,1,8250,2022-01-27,2022-02-25,nifty,week,put,ATMp1
2022-02-25_2022-03-27.json,7141,16,0,0,0,0,2,55,3,7125,2022-02-25,2022-03-25,nifty,week,put,ATMp1
2022-03-27_2022-04-26.json,7518,18,0,0,0,0,1,124,0,7500,2022-03-28,2022-04-26,nifty,week,put,ATMp1
2022-04-26_2022-05-26.json,8266,16,0,0,0,0,13,67,0,8250,2022-04-26,2022-05-26,nifty,week,put,ATMp1
2022-05-26_2022-06-25.json,8250,0,0,0,0,0,8,32,0,8250,2022-05-26,2022-06-24,nifty,week,put,ATMp1
2022-06-25_2022-07-25.json,7875,0,0,0,0,0,1,29,0,7875,2022-06-27,2022-07-25,nifty,week,put,ATMp1
2022-07-25_2022-08-24.json,7875,0,0,0,0,0,1,116,0,7875,2022-07-25,2022-08-24,nifty,week,put,ATMp1
2022-08-24_2022-09-23.json,8250,0,0,0,0,0,2,175,12,8250,2022-08-24,2022-09-23,nifty,week,put,ATMp1
2022-09-23_2022-10-23.json,7500,0,0,0,0,0,1,38,0,7500,2022-09-23,2022-10-21,nifty,week,put,ATMp1
2022-10-23_2022-11-22.json,7185,60,0,0,0,0,5,208,2,7125,2022-10-25,2022-11-22,nifty,week,put,ATMp1
2022-11-22_2022-12-22.json,8625,0,0,0,0,0,5,365,1,8625,2022-11-22,2022-12-22,nifty,week,put,ATMp1
2022-12-22_2023-01-21.json,8250,0,0,0,0,0,3,100,1,8250,2022-12-22,2023-01-20,nifty,week,put,ATMp1
2023-01-21_2023-02-20.json,7500,0,0,0,0,0,2,147,1,7500,2023-01-23,2023-02-20,nifty,week,put,ATMp1
2023-02-20_2023-03-22.json,8250,0,0,0,0,0,4,130,0,8250,2023-02-20,2023-03-22,nifty,week,put,ATMp1
2023-03-22_2023-04-21.json,7125,0,0,0,0,0,5,92,1,7125,2023-03-22,2023-04-21,nifty,week,put,ATMp1
2023-04-21_2023-05-21.json,7513,13,0,0,0,0,2,139,2,7500,2023-04-21,2023-05-19,nifty,week,put,ATMp1
2023-05-21_2023-06-20.json,8267,17,0,0,0,0,2,92,0,8250,2023-05-22,2023-06-20,nifty,week,put,ATMp1
2023-06-20_2023-07-20.json,8269,19,0,0,0,0,5,92,0,8250,2023-06-20,2023-07-20,nifty,week,put,ATMp1
2023-07-20_2023-08-19.json,7893,18,0,0,0,0,8,169,0,7875,2023-07-20,2023-08-18,nifty,week,put,ATMp1
2023-08-19_2023-09-18.json,7895,20,0,0,0,0,1,167,0,7875,2023-08-21,2023-09-18,nifty,week,put,ATMp1
2023-09-18_2023-10-18.json,7891,16,0,0,0,0,5,311,0,7875,2023-09-18,2023-10-18,nifty,week,put,ATMp1
2023-10-18_2023-11-17.json,7954,79,0,0,0,0,2,585,0,7875,2023-10-18,2023-11-17,nifty,week,put,ATMp1
2023-11-17_2023-12-17.json,7518,18,0,0,0,0,4,199,0,7500,2023-11-17,2023-12-15,nifty,week,put,ATMp1
2023-12-17_2024-01-16.json,7893,18,0,0,0,0,2,134,0,7875,2023-12-18,2024-01-16,nifty,week,put,ATMp1
2024-01-16_2024-02-15.json,8267,17,0,0,0,0,13,49,0,8250,2024-01-16,2024-02-15,nifty,week,put,ATMp1
2024-02-15_2024-03-16.json,8001,19,0,0,0,0,11,149,1,7982,2024-02-15,2024-03-15,nifty,week,put,ATMp1
2024-03-16_2024-04-15.json,6761,11,0,0,0,0,5,133,0,6750,2024-03-18,2024-04-15,nifty,week,put,ATMp1
2024-04-15_2024-05-15.json,7880,5,0,0,0,0,5,263,0,7875,2024-04-15,2024-05-15,nifty,week,put,ATMp1
2024-05-15_2024-06-14.json,8637,12,0,0,0,0,7,45,269,8625,2024-05-15,2024-06-14,nifty,week,put,ATMp1
2024-06-14_2024-07-14.json,7505,5,0,0,0,0,5,53,0,7500,2024-06-14,2024-07-12,nifty,week,put,ATMp1
2024-07-14_2024-08-13.json,7884,9,0,0,0,0,1,186,0,7875,2024-07-15,2024-08-13,nifty,week,put,ATMp1
2024-08-13_2024-09-12.json,8257,7,0,0,0,0,0,100,0,8250,2024-08-13,2024-09-12,nifty,week,put,ATMp1
2024-09-12_2024-10-12.json,7882,7,0,0,0,0,3,99,0,7875,2024-09-12,2024-10-11,nifty,week,put,ATMp1
2024-10-12_2024-11-11.json,7571,71,0,0,0,0,3,268,0,7500,2024-10-14,2024-11-11,nifty,week,put,ATMp1
2024-11-11_2024-12-11.json,7878,3,0,0,0,0,9,31,0,7875,2024-11-11,2024-12-11,nifty,week,put,ATMp1
2024-12-11_2025-01-10.json,8254,4,0,0,0,0,3,122,0,8250,2024-12-11,2025-01-10,nifty,week,put,ATMp1
2025-01-10_2025-02-09.json,8252,2,0,0,0,0,9,48,0,8250,2025-01-10,2025-02-07,nifty,week,put,ATMp1
2025-02-09_2025-03-11.json,7878,3,0,0,0,0,0,352,0,7875,2025-02-10,2025-03-11,nifty,week,put,ATMp1
2025-03-11_2025-04-10.json,7504,4,0,0,0,0,2,275,0,7500,2025-03-11,2025-04-09,nifty,week,put,ATMp1
2025-04-10_2025-05-10.json,6751,1,0,0,0,0,0,339,5,6750,2025-04-11,2025-05-09,nifty,week,put,ATMp1
2025-05-10_2025-06-09.json,7878,3,0,0,0,0,6,36,0,7875,2025-05-12,2025-06-09,nifty,week,put,ATMp1
2025-06-09_2025-07-09.json,8625,0,0,0,0,0,1,305,5,8625,2025-06-09,2025-07-09,nifty,week,put,ATMp1
2025-07-09_2025-08-08.json,8626,1,0,0,0,0,0,304,3,8625,2025-07-09,2025-08-08,nifty,week,put,ATMp1
2025-08-08_2025-09-07.json,7125,0,0,0,0,0,0,103,10,7125,2025-08-08,2025-09-05,nifty,week,put,ATMp1
2025-09-07_2025-10-07.json,7875,0,0,0,0,0,0,112,11,7875,2025-09-08,2025-10-07,nifty,week,put,ATMp1
2025-10-07_2025-11-06.json,7605,0,0,0,0,0,0,110,64,7605,2025-10-07,2025-11-06,nifty,week,put,ATMp1
2025-11-06_2025-12-06.json,8250,0,0,0,0,0,0,83,9,8250,2025-11-06,2025-12-05,nifty,week,put,ATMp1
2025-12-06_2026-01-05.json,7500,0,0,0,0,0,0,130,0,7500,2025-12-08,2026-01-05,nifty,week,put,ATMp1
2026-01-05_2026-02-04.json,8250,0,0,0,0,0,0,136,0,8250,2026-01-05,2026-02-04,nifty,week,put,ATMp1
2026-02-04_2026-03-06.json,8250,0,0,0,0,0,0,55,0,8250,2026-02-04,2026-03-06,nifty,week,put,ATMp1
2026-03-06_2026-04-05.json,6746,0,0,0,0,0,0,40,0,6746,2026-03-06,2026-04-02,nifty,week,put,ATMp1
2026-04-05_2026-04-30.json,6716,0,0,0,0,0,0,68,2,6716,2026-04-06,2026-04-30,nifty,week,put,ATMp1
2021-01-01_2021-01-31.json,7290,0,0,0,0,0,0,1604,5464,7290,2021-01-01,2021-01-29,nifty,week,put,ATMp10
2021-01-31_2021-03-02.json,8198,0,0,0,0,0,0,1102,6116,8198,2021-02-01,2021-03-02,nifty,week,put,ATMp10
2021-03-02_2021-04-01.json,7857,0,0,0,0,0,0,2237,4750,7857,2021-03-02,2021-04-01,nifty,week,put,ATMp10
2021-04-01_2021-05-01.json,7119,0,0,0,0,0,0,1492,4600,7119,2021-04-01,2021-04-30,nifty,week,put,ATMp10
2021-05-01_2021-05-31.json,7433,0,0,0,0,0,0,1797,6054,7433,2021-05-03,2021-05-31,nifty,week,put,ATMp10
2021-05-31_2021-06-30.json,8498,0,0,0,0,0,0,1264,7174,8498,2021-05-31,2021-06-30,nifty,week,put,ATMp10
2021-06-30_2021-07-30.json,8164,0,0,0,0,0,0,743,6958,8164,2021-06-30,2021-07-30,nifty,week,put,ATMp10
2021-07-30_2021-08-29.json,7333,0,0,0,0,0,0,540,6267,7333,2021-07-30,2021-08-27,nifty,week,put,ATMp10
2021-08-29_2021-09-28.json,7695,0,0,0,0,0,0,767,6184,7695,2021-08-30,2021-09-28,nifty,week,put,ATMp10
2021-09-28_2021-10-28.json,8112,0,0,0,0,0,0,2207,4894,8112,2021-09-28,2021-10-28,nifty,week,put,ATMp10
2021-10-28_2021-11-27.json,7126,15,0,0,0,0,1,2714,3621,7111,2021-10-28,2021-11-26,nifty,week,put,ATMp10
2021-11-27_2021-12-27.json,7868,1,0,0,0,0,0,1374,3548,7867,2021-11-29,2021-12-27,nifty,week,put,ATMp10
2021-12-27_2022-01-26.json,8185,1,0,0,0,0,0,1256,4643,8184,2021-12-27,2022-01-25,nifty,week,put,ATMp10
2022-01-26_2022-02-25.json,8246,1,0,0,0,0,0,1024,3405,8245,2022-01-27,2022-02-25,nifty,week,put,ATMp10
2022-02-25_2022-03-27.json,7121,1,0,0,0,0,0,1239,2747,7120,2022-02-25,2022-03-25,nifty,week,put,ATMp10
2022-03-27_2022-04-26.json,7491,2,0,0,0,0,6,2822,2638,7489,2022-03-28,2022-04-26,nifty,week,put,ATMp10
2022-04-26_2022-05-26.json,8248,2,0,0,0,0,0,1352,2943,8246,2022-04-26,2022-05-26,nifty,week,put,ATMp10
2022-05-26_2022-06-25.json,8240,0,0,0,0,0,0,1094,3109,8240,2022-05-26,2022-06-24,nifty,week,put,ATMp10
2022-06-25_2022-07-25.json,7871,0,0,0,0,0,0,738,3818,7871,2022-06-27,2022-07-25,nifty,week,put,ATMp10
2022-07-25_2022-08-24.json,7870,0,0,0,0,0,1,1409,3616,7870,2022-07-25,2022-08-24,nifty,week,put,ATMp10
2022-08-24_2022-09-23.json,8246,0,0,0,0,0,0,1248,3682,8246,2022-08-24,2022-09-23,nifty,week,put,ATMp10
2022-09-23_2022-10-23.json,7498,0,0,0,0,0,0,547,2297,7498,2022-09-23,2022-10-21,nifty,week,put,ATMp10
2022-10-23_2022-11-22.json,7130,21,0,0,0,0,3,3397,3897,7109,2022-10-25,2022-11-22,nifty,week,put,ATMp10
2022-11-22_2022-12-22.json,8617,0,0,0,0,0,4,5536,3817,8617,2022-11-22,2022-12-22,nifty,week,put,ATMp10
2022-12-22_2023-01-21.json,8239,0,0,0,0,0,0,3232,2805,8239,2022-12-22,2023-01-20,nifty,week,put,ATMp10
2023-01-21_2023-02-20.json,7492,0,0,0,0,0,0,2693,2904,7492,2023-01-23,2023-02-20,nifty,week,put,ATMp10
2023-02-20_2023-03-22.json,8231,0,0,0,0,0,0,2132,2659,8231,2023-02-20,2023-03-22,nifty,week,put,ATMp10
2023-03-22_2023-04-21.json,7100,0,0,0,0,0,0,2761,3338,7100,2023-03-22,2023-04-21,nifty,week,put,ATMp10
2023-04-21_2023-05-21.json,7469,0,0,0,0,0,2,3227,4807,7469,2023-04-21,2023-05-19,nifty,week,put,ATMp10
2023-05-21_2023-06-20.json,8153,0,0,0,0,0,0,4243,5322,8153,2023-05-22,2023-06-20,nifty,week,put,ATMp10
2023-06-20_2023-07-20.json,8220,0,0,0,0,0,0,1758,5077,8220,2023-06-20,2023-07-20,nifty,week,put,ATMp10
2023-07-20_2023-08-19.json,7870,0,0,0,0,0,0,1486,3479,7870,2023-07-20,2023-08-18,nifty,week,put,ATMp10
2023-08-19_2023-09-18.json,7813,1,0,0,0,0,0,1177,4674,7812,2023-08-21,2023-09-18,nifty,week,put,ATMp10
2023-09-18_2023-10-18.json,7854,0,0,0,0,0,3,2227,3911,7854,2023-09-18,2023-10-18,nifty,week,put,ATMp10
2023-10-18_2023-11-17.json,7862,17,0,0,0,0,1,2466,4058,7845,2023-10-18,2023-11-17,nifty,week,put,ATMp10
2023-11-17_2023-12-17.json,7473,0,0,0,0,0,2,4547,4105,7473,2023-11-17,2023-12-15,nifty,week,put,ATMp10
2023-12-17_2024-01-16.json,7845,1,0,0,0,0,0,3474,3667,7844,2023-12-18,2024-01-16,nifty,week,put,ATMp10
2024-01-16_2024-02-15.json,8114,1,0,0,0,0,0,2479,2065,8113,2024-01-16,2024-02-15,nifty,week,put,ATMp10
2024-02-15_2024-03-16.json,7979,3,0,0,0,0,1,2092,2454,7976,2024-02-15,2024-03-15,nifty,week,put,ATMp10
2024-03-16_2024-04-15.json,6743,1,0,0,0,0,0,3194,2461,6742,2024-03-18,2024-04-15,nifty,week,put,ATMp10
2024-04-15_2024-05-15.json,7859,0,0,0,0,0,0,2528,1847,7859,2024-04-15,2024-05-15,nifty,week,put,ATMp10
2024-05-15_2024-06-14.json,8614,2,0,0,0,0,1,2196,2232,8612,2024-05-15,2024-06-14,nifty,week,put,ATMp10
2024-06-14_2024-07-14.json,7492,1,0,0,0,0,0,1959,2732,7491,2024-06-14,2024-07-12,nifty,week,put,ATMp10
2024-07-14_2024-08-13.json,7863,0,0,0,0,0,1,1758,1784,7863,2024-07-15,2024-08-13,nifty,week,put,ATMp10
2024-08-13_2024-09-12.json,8229,0,0,0,0,0,0,1710,2110,8229,2024-08-13,2024-09-12,nifty,week,put,ATMp10
2024-09-12_2024-10-12.json,7871,0,0,0,0,0,0,1526,1595,7871,2024-09-12,2024-10-11,nifty,week,put,ATMp10
2024-10-12_2024-11-11.json,7540,46,0,0,0,0,0,1478,1118,7494,2024-10-14,2024-11-11,nifty,week,put,ATMp10
2024-11-11_2024-12-11.json,7875,0,0,0,0,0,0,969,1248,7875,2024-11-11,2024-12-11,nifty,week,put,ATMp10
2024-12-11_2025-01-10.json,8250,2,0,0,0,0,0,1927,1424,8248,2024-12-11,2025-01-10,nifty,week,put,ATMp10
2025-01-10_2025-02-09.json,8243,0,0,0,0,0,1,1541,1612,8243,2025-01-10,2025-02-07,nifty,week,put,ATMp10
2025-02-09_2025-03-11.json,7870,1,0,0,0,0,0,3321,1513,7869,2025-02-10,2025-03-11,nifty,week,put,ATMp10
2025-03-11_2025-04-10.json,7499,1,0,0,0,0,0,2629,1854,7498,2025-03-11,2025-04-09,nifty,week,put,ATMp10
2025-04-10_2025-05-10.json,6741,0,0,0,0,0,0,812,2042,6741,2025-04-11,2025-05-09,nifty,week,put,ATMp10
2025-05-10_2025-06-09.json,7871,0,0,0,0,0,0,525,1082,7871,2025-05-12,2025-06-09,nifty,week,put,ATMp10
2025-06-09_2025-07-09.json,8619,0,0,0,0,0,0,2257,2286,8619,2025-06-09,2025-07-09,nifty,week,put,ATMp10
2025-07-09_2025-08-08.json,8623,0,0,0,0,0,0,2903,1893,8623,2025-07-09,2025-08-08,nifty,week,put,ATMp10
2025-08-08_2025-09-07.json,7122,0,0,0,0,0,0,1969,1877,7122,2025-08-08,2025-09-05,nifty,week,put,ATMp10
2025-09-07_2025-10-07.json,7868,0,0,0,0,0,0,3991,1931,7868,2025-09-08,2025-10-07,nifty,week,put,ATMp10
2025-10-07_2025-11-06.json,7605,0,0,0,0,0,1,4296,1607,7605,2025-10-07,2025-11-06,nifty,week,put,ATMp10
2025-11-06_2025-12-06.json,8250,0,0,0,0,0,0,2359,1583,8250,2025-11-06,2025-12-05,nifty,week,put,ATMp10
2025-12-06_2026-01-05.json,7495,0,0,0,0,0,0,1355,2195,7495,2025-12-08,2026-01-05,nifty,week,put,ATMp10
2026-01-05_2026-02-04.json,8250,0,0,0,0,0,1,1560,706,8250,2026-01-05,2026-02-04,nifty,week,put,ATMp10
2026-02-04_2026-03-06.json,8249,0,0,0,0,0,0,463,1042,8249,2026-02-04,2026-03-06,nifty,week,put,ATMp10
2026-03-06_2026-04-05.json,6744,0,0,0,0,0,0,396,157,6744,2026-03-06,2026-04-02,nifty,week,put,ATMp10
2026-04-05_2026-04-30.json,6715,0,0,0,0,0,0,398,452,6715,2026-04-06,2026-04-30,nifty,week,put,ATMp10
2021-01-01_2021-01-31.json,7500,0,0,0,0,0,6,272,41,7500,2021-01-01,2021-01-29,nifty,week,put,ATMp2
2021-01-31_2021-03-02.json,8250,0,0,0,0,0,0,230,242,8250,2021-02-01,2021-03-02,nifty,week,put,ATMp2
2021-03-02_2021-04-01.json,7874,0,0,0,0,0,7,195,0,7874,2021-03-02,2021-04-01,nifty,week,put,ATMp2
2021-04-01_2021-05-01.json,7125,0,0,0,0,0,1,117,0,7125,2021-04-01,2021-04-30,nifty,week,put,ATMp2
2021-05-01_2021-05-31.json,7500,0,0,0,0,0,2,323,0,7500,2021-05-03,2021-05-31,nifty,week,put,ATMp2
2021-05-31_2021-06-30.json,8625,0,0,0,0,0,0,80,0,8625,2021-05-31,2021-06-30,nifty,week,put,ATMp2
2021-06-30_2021-07-30.json,8250,0,0,0,0,0,0,134,0,8250,2021-06-30,2021-07-30,nifty,week,put,ATMp2
2021-07-30_2021-08-29.json,7501,1,0,0,0,0,0,169,0,7500,2021-07-30,2021-08-27,nifty,week,put,ATMp2
2021-08-29_2021-09-28.json,7881,6,0,0,0,0,0,95,0,7875,2021-08-30,2021-09-28,nifty,week,put,ATMp2
2021-09-28_2021-10-28.json,8260,10,0,0,0,0,3,505,0,8250,2021-09-28,2021-10-28,nifty,week,put,ATMp2
2021-10-28_2021-11-27.json,7193,68,0,0,0,0,2,211,0,7125,2021-10-28,2021-11-26,nifty,week,put,ATMp2
2021-11-27_2021-12-27.json,7889,14,0,0,0,0,3,269,0,7875,2021-11-29,2021-12-27,nifty,week,put,ATMp2
2021-12-27_2022-01-26.json,8263,13,0,0,0,0,0,348,0,8250,2021-12-27,2022-01-25,nifty,week,put,ATMp2
2022-01-26_2022-02-25.json,8263,13,0,0,0,0,0,200,2,8250,2022-01-27,2022-02-25,nifty,week,put,ATMp2
2022-02-25_2022-03-27.json,7137,12,0,0,0,0,0,108,3,7125,2022-02-25,2022-03-25,nifty,week,put,ATMp2
2022-03-27_2022-04-26.json,7515,15,0,0,0,0,0,265,0,7500,2022-03-28,2022-04-26,nifty,week,put,ATMp2
2022-04-26_2022-05-26.json,8262,12,0,0,0,0,6,95,0,8250,2022-04-26,2022-05-26,nifty,week,put,ATMp2
2022-05-26_2022-06-25.json,8250,0,0,0,0,0,7,65,0,8250,2022-05-26,2022-06-24,nifty,week,put,ATMp2
2022-06-25_2022-07-25.json,7875,0,0,0,0,0,4,42,0,7875,2022-06-27,2022-07-25,nifty,week,put,ATMp2
2022-07-25_2022-08-24.json,7875,0,0,0,0,0,1,233,0,7875,2022-07-25,2022-08-24,nifty,week,put,ATMp2
2022-08-24_2022-09-23.json,8250,0,0,0,0,0,0,393,12,8250,2022-08-24,2022-09-23,nifty,week,put,ATMp2
2022-09-23_2022-10-23.json,7500,0,0,0,0,0,0,55,0,7500,2022-09-23,2022-10-21,nifty,week,put,ATMp2
2022-10-23_2022-11-22.json,7185,60,0,0,0,0,4,654,2,7125,2022-10-25,2022-11-22,nifty,week,put,ATMp2
2022-11-22_2022-12-22.json,8625,0,0,0,0,0,6,990,1,8625,2022-11-22,2022-12-22,nifty,week,put,ATMp2
2022-12-22_2023-01-21.json,8250,0,0,0,0,0,1,257,1,8250,2022-12-22,2023-01-20,nifty,week,put,ATMp2
2023-01-21_2023-02-20.json,7500,0,0,0,0,0,2,395,1,7500,2023-01-23,2023-02-20,nifty,week,put,ATMp2
2023-02-20_2023-03-22.json,8250,0,0,0,0,0,0,264,0,8250,2023-02-20,2023-03-22,nifty,week,put,ATMp2
2023-03-22_2023-04-21.json,7125,0,0,0,0,0,3,292,1,7125,2023-03-22,2023-04-21,nifty,week,put,ATMp2
2023-04-21_2023-05-21.json,7509,9,0,0,0,0,2,480,2,7500,2023-04-21,2023-05-19,nifty,week,put,ATMp2
2023-05-21_2023-06-20.json,8264,14,0,0,0,0,0,300,0,8250,2023-05-22,2023-06-20,nifty,week,put,ATMp2
2023-06-20_2023-07-20.json,8261,11,0,0,0,0,1,185,0,8250,2023-06-20,2023-07-20,nifty,week,put,ATMp2
2023-07-20_2023-08-19.json,7890,15,0,0,0,0,7,354,0,7875,2023-07-20,2023-08-18,nifty,week,put,ATMp2
2023-08-19_2023-09-18.json,7894,19,0,0,0,0,1,232,0,7875,2023-08-21,2023-09-18,nifty,week,put,ATMp2
2023-09-18_2023-10-18.json,7890,15,0,0,0,0,2,426,0,7875,2023-09-18,2023-10-18,nifty,week,put,ATMp2
2023-10-18_2023-11-17.json,7951,76,0,0,0,0,0,919,0,7875,2023-10-18,2023-11-17,nifty,week,put,ATMp2
2023-11-17_2023-12-17.json,7517,17,0,0,0,0,7,709,0,7500,2023-11-17,2023-12-15,nifty,week,put,ATMp2
2023-12-17_2024-01-16.json,7892,17,0,0,0,0,1,419,0,7875,2023-12-18,2024-01-16,nifty,week,put,ATMp2
2024-01-16_2024-02-15.json,8264,14,0,0,0,0,7,151,0,8250,2024-01-16,2024-02-15,nifty,week,put,ATMp2
2024-02-15_2024-03-16.json,7997,15,0,0,0,0,10,531,1,7982,2024-02-15,2024-03-15,nifty,week,put,ATMp2
2024-03-16_2024-04-15.json,6760,10,0,0,0,0,5,493,0,6750,2024-03-18,2024-04-15,nifty,week,put,ATMp2
2024-04-15_2024-05-15.json,7880,5,0,0,0,0,2,482,0,7875,2024-04-15,2024-05-15,nifty,week,put,ATMp2
2024-05-15_2024-06-14.json,8633,8,0,0,0,0,7,106,269,8625,2024-05-15,2024-06-14,nifty,week,put,ATMp2
2024-06-14_2024-07-14.json,7502,2,0,0,0,0,6,118,0,7500,2024-06-14,2024-07-12,nifty,week,put,ATMp2
2024-07-14_2024-08-13.json,7883,8,0,0,0,0,1,332,0,7875,2024-07-15,2024-08-13,nifty,week,put,ATMp2
2024-08-13_2024-09-12.json,8256,6,0,0,0,0,1,326,0,8250,2024-08-13,2024-09-12,nifty,week,put,ATMp2
2024-09-12_2024-10-12.json,7883,8,0,0,0,0,6,237,0,7875,2024-09-12,2024-10-11,nifty,week,put,ATMp2
2024-10-12_2024-11-11.json,7568,68,0,0,0,0,0,327,0,7500,2024-10-14,2024-11-11,nifty,week,put,ATMp2
2024-11-11_2024-12-11.json,7878,3,0,0,0,0,10,43,0,7875,2024-11-11,2024-12-11,nifty,week,put,ATMp2
2024-12-11_2025-01-10.json,8251,1,0,0,0,0,4,193,0,8250,2024-12-11,2025-01-10,nifty,week,put,ATMp2
2025-01-10_2025-02-09.json,8252,2,0,0,0,0,5,111,0,8250,2025-01-10,2025-02-07,nifty,week,put,ATMp2
2025-02-09_2025-03-11.json,7878,3,0,0,0,0,0,500,0,7875,2025-02-10,2025-03-11,nifty,week,put,ATMp2
2025-03-11_2025-04-10.json,7503,3,0,0,0,0,0,394,0,7500,2025-03-11,2025-04-09,nifty,week,put,ATMp2
2025-04-10_2025-05-10.json,6750,0,0,0,0,0,0,432,3,6750,2025-04-11,2025-05-09,nifty,week,put,ATMp2
2025-05-10_2025-06-09.json,7878,3,0,0,0,0,8,70,0,7875,2025-05-12,2025-06-09,nifty,week,put,ATMp2
2025-06-09_2025-07-09.json,8625,0,0,0,0,0,0,380,0,8625,2025-06-09,2025-07-09,nifty,week,put,ATMp2
2025-07-09_2025-08-08.json,8626,1,0,0,0,0,0,533,5,8625,2025-07-09,2025-08-08,nifty,week,put,ATMp2
2025-08-08_2025-09-07.json,7125,0,0,0,0,0,0,279,8,7125,2025-08-08,2025-09-05,nifty,week,put,ATMp2
2025-09-07_2025-10-07.json,7875,0,0,0,0,0,0,567,14,7875,2025-09-08,2025-10-07,nifty,week,put,ATMp2
2025-10-07_2025-11-06.json,7605,0,0,0,0,0,0,371,59,7605,2025-10-07,2025-11-06,nifty,week,put,ATMp2
2025-11-06_2025-12-06.json,8250,0,0,0,0,0,0,203,5,8250,2025-11-06,2025-12-05,nifty,week,put,ATMp2
2025-12-06_2026-01-05.json,7500,0,0,0,0,0,0,242,0,7500,2025-12-08,2026-01-05,nifty,week,put,ATMp2
2026-01-05_2026-02-04.json,8250,0,0,0,0,0,0,278,0,8250,2026-01-05,2026-02-04,nifty,week,put,ATMp2
2026-02-04_2026-03-06.json,8250,0,0,0,0,0,0,85,0,8250,2026-02-04,2026-03-06,nifty,week,put,ATMp2
2026-03-06_2026-04-05.json,6746,0,0,0,0,0,0,68,0,6746,2026-03-06,2026-04-02,nifty,week,put,ATMp2
2026-04-05_2026-04-30.json,6716,0,0,0,0,0,0,94,2,6716,2026-04-06,2026-04-30,nifty,week,put,ATMp2
2021-01-01_2021-01-31.json,7500,0,0,0,0,0,0,478,95,7500,2021-01-01,2021-01-29,nifty,week,put,ATMp3
2021-01-31_2021-03-02.json,8249,0,0,0,0,0,0,388,385,8249,2021-02-01,2021-03-02,nifty,week,put,ATMp3
2021-03-02_2021-04-01.json,7875,0,0,0,0,0,0,481,7,7875,2021-03-02,2021-04-01,nifty,week,put,ATMp3
2021-04-01_2021-05-01.json,7125,0,0,0,0,0,0,218,19,7125,2021-04-01,2021-04-30,nifty,week,put,ATMp3
2021-05-01_2021-05-31.json,7500,0,0,0,0,0,0,466,8,7500,2021-05-03,2021-05-31,nifty,week,put,ATMp3
2021-05-31_2021-06-30.json,8625,0,0,0,0,0,0,118,43,8625,2021-05-31,2021-06-30,nifty,week,put,ATMp3
2021-06-30_2021-07-30.json,8250,0,0,0,0,0,0,195,7,8250,2021-06-30,2021-07-30,nifty,week,put,ATMp3
2021-07-30_2021-08-29.json,7503,3,0,0,0,0,1,216,18,7500,2021-07-30,2021-08-27,nifty,week,put,ATMp3
2021-08-29_2021-09-28.json,7878,3,0,0,0,0,0,141,13,7875,2021-08-30,2021-09-28,nifty,week,put,ATMp3
2021-09-28_2021-10-28.json,8259,9,0,0,0,0,3,780,2,8250,2021-09-28,2021-10-28,nifty,week,put,ATMp3
2021-10-28_2021-11-27.json,7193,68,0,0,0,0,0,393,0,7125,2021-10-28,2021-11-26,nifty,week,put,ATMp3
2021-11-27_2021-12-27.json,7883,8,0,0,0,0,1,512,0,7875,2021-11-29,2021-12-27,nifty,week,put,ATMp3
2021-12-27_2022-01-26.json,8259,9,0,0,0,0,0,528,0,8250,2021-12-27,2022-01-25,nifty,week,put,ATMp3
2022-01-26_2022-02-25.json,8261,11,0,0,0,0,0,307,4,8250,2022-01-27,2022-02-25,nifty,week,put,ATMp3
2022-02-25_2022-03-27.json,7133,8,0,0,0,0,0,200,5,7125,2022-02-25,2022-03-25,nifty,week,put,ATMp3
2022-03-27_2022-04-26.json,7512,12,0,0,0,0,0,666,0,7500,2022-03-28,2022-04-26,nifty,week,put,ATMp3
2022-04-26_2022-05-26.json,8263,13,0,0,0,0,1,139,0,8250,2022-04-26,2022-05-26,nifty,week,put,ATMp3
2022-05-26_2022-06-25.json,8250,0,0,0,0,0,0,124,0,8250,2022-05-26,2022-06-24,nifty,week,put,ATMp3
2022-06-25_2022-07-25.json,7875,0,0,0,0,0,1,78,0,7875,2022-06-27,2022-07-25,nifty,week,put,ATMp3
2022-07-25_2022-08-24.json,7875,0,0,0,0,0,0,453,0,7875,2022-07-25,2022-08-24,nifty,week,put,ATMp3
2022-08-24_2022-09-23.json,8250,0,0,0,0,0,1,512,12,8250,2022-08-24,2022-09-23,nifty,week,put,ATMp3
2022-09-23_2022-10-23.json,7500,0,0,0,0,0,0,80,0,7500,2022-09-23,2022-10-21,nifty,week,put,ATMp3
2022-10-23_2022-11-22.json,7185,60,0,0,0,0,0,1005,2,7125,2022-10-25,2022-11-22,nifty,week,put,ATMp3
2022-11-22_2022-12-22.json,8625,0,0,0,0,0,6,1704,1,8625,2022-11-22,2022-12-22,nifty,week,put,ATMp3
2022-12-22_2023-01-21.json,8250,0,0,0,0,0,0,546,1,8250,2022-12-22,2023-01-20,nifty,week,put,ATMp3
2023-01-21_2023-02-20.json,7500,0,0,0,0,0,0,932,1,7500,2023-01-23,2023-02-20,nifty,week,put,ATMp3
2023-02-20_2023-03-22.json,8250,0,0,0,0,0,1,464,0,8250,2023-02-20,2023-03-22,nifty,week,put,ATMp3
2023-03-22_2023-04-21.json,7125,0,0,0,0,0,0,817,1,7125,2023-03-22,2023-04-21,nifty,week,put,ATMp3
2023-04-21_2023-05-21.json,7506,6,0,0,0,0,0,790,2,7500,2023-04-21,2023-05-19,nifty,week,put,ATMp3
2023-05-21_2023-06-20.json,8258,8,0,0,0,0,0,738,0,8250,2023-05-22,2023-06-20,nifty,week,put,ATMp3
2023-06-20_2023-07-20.json,8257,7,0,0,0,0,0,293,0,8250,2023-06-20,2023-07-20,nifty,week,put,ATMp3
2023-07-20_2023-08-19.json,7889,14,0,0,0,0,2,526,0,7875,2023-07-20,2023-08-18,nifty,week,put,ATMp3
2023-08-19_2023-09-18.json,7888,13,0,0,0,0,0,262,0,7875,2023-08-21,2023-09-18,nifty,week,put,ATMp3
2023-09-18_2023-10-18.json,7889,14,0,0,0,0,0,597,0,7875,2023-09-18,2023-10-18,nifty,week,put,ATMp3
2023-10-18_2023-11-17.json,7945,70,0,0,0,0,0,1058,0,7875,2023-10-18,2023-11-17,nifty,week,put,ATMp3
2023-11-17_2023-12-17.json,7508,8,0,0,0,0,0,1414,0,7500,2023-11-17,2023-12-15,nifty,week,put,ATMp3
2023-12-17_2024-01-16.json,7887,12,0,0,0,0,1,737,0,7875,2023-12-18,2024-01-16,nifty,week,put,ATMp3
2024-01-16_2024-02-15.json,8259,9,0,0,0,0,3,339,0,8250,2024-01-16,2024-02-15,nifty,week,put,ATMp3
2024-02-15_2024-03-16.json,7995,13,0,0,0,0,4,859,2,7982,2024-02-15,2024-03-15,nifty,week,put,ATMp3
2024-03-16_2024-04-15.json,6757,7,0,0,0,0,3,892,0,6750,2024-03-18,2024-04-15,nifty,week,put,ATMp3
2024-04-15_2024-05-15.json,7878,3,0,0,0,0,2,678,0,7875,2024-04-15,2024-05-15,nifty,week,put,ATMp3
2024-05-15_2024-06-14.json,8633,8,0,0,0,0,4,160,269,8625,2024-05-15,2024-06-14,nifty,week,put,ATMp3
2024-06-14_2024-07-14.json,7504,4,0,0,0,0,6,291,0,7500,2024-06-14,2024-07-12,nifty,week,put,ATMp3
2024-07-14_2024-08-13.json,7882,7,0,0,0,0,0,520,0,7875,2024-07-15,2024-08-13,nifty,week,put,ATMp3
2024-08-13_2024-09-12.json,8255,5,0,0,0,0,0,442,0,8250,2024-08-13,2024-09-12,nifty,week,put,ATMp3
2024-09-12_2024-10-12.json,7880,5,0,0,0,0,2,476,0,7875,2024-09-12,2024-10-11,nifty,week,put,ATMp3
2024-10-12_2024-11-11.json,7570,70,0,0,0,0,2,382,0,7500,2024-10-14,2024-11-11,nifty,week,put,ATMp3
2024-11-11_2024-12-11.json,7877,2,0,0,0,0,6,76,0,7875,2024-11-11,2024-12-11,nifty,week,put,ATMp3
2024-12-11_2025-01-10.json,8253,3,0,0,0,0,0,262,0,8250,2024-12-11,2025-01-10,nifty,week,put,ATMp3
2025-01-10_2025-02-09.json,8250,0,0,0,0,0,3,142,0,8250,2025-01-10,2025-02-07,nifty,week,put,ATMp3
2025-02-09_2025-03-11.json,7879,4,0,0,0,0,3,736,0,7875,2025-02-10,2025-03-11,nifty,week,put,ATMp3
2025-03-11_2025-04-10.json,7502,2,0,0,0,0,1,570,0,7500,2025-03-11,2025-04-09,nifty,week,put,ATMp3
2025-04-10_2025-05-10.json,6751,1,0,0,0,0,0,485,0,6750,2025-04-11,2025-05-09,nifty,week,put,ATMp3
2025-05-10_2025-06-09.json,7878,3,0,0,0,0,4,119,0,7875,2025-05-12,2025-06-09,nifty,week,put,ATMp3
2025-06-09_2025-07-09.json,8625,0,0,0,0,0,1,451,0,8625,2025-06-09,2025-07-09,nifty,week,put,ATMp3
2025-07-09_2025-08-08.json,8626,1,0,0,0,0,1,815,5,8625,2025-07-09,2025-08-08,nifty,week,put,ATMp3
2025-08-08_2025-09-07.json,7125,0,0,0,0,0,0,376,13,7125,2025-08-08,2025-09-05,nifty,week,put,ATMp3
2025-09-07_2025-10-07.json,7875,0,0,0,0,0,1,1418,14,7875,2025-09-08,2025-10-07,nifty,week,put,ATMp3
2025-10-07_2025-11-06.json,7605,0,0,0,0,0,0,927,57,7605,2025-10-07,2025-11-06,nifty,week,put,ATMp3
2025-11-06_2025-12-06.json,8250,0,0,0,0,0,0,400,7,8250,2025-11-06,2025-12-05,nifty,week,put,ATMp3
2025-12-06_2026-01-05.json,7500,0,0,0,0,0,0,443,0,7500,2025-12-08,2026-01-05,nifty,week,put,ATMp3
2026-01-05_2026-02-04.json,8250,0,0,0,0,0,0,459,0,8250,2026-01-05,2026-02-04,nifty,week,put,ATMp3
2026-02-04_2026-03-06.json,8250,0,0,0,0,0,0,130,0,8250,2026-02-04,2026-03-06,nifty,week,put,ATMp3
2026-03-06_2026-04-05.json,6746,0,0,0,0,0,0,125,0,6746,2026-03-06,2026-04-02,nifty,week,put,ATMp3
2026-04-05_2026-04-30.json,6716,0,0,0,0,0,0,141,2,6716,2026-04-06,2026-04-30,nifty,week,put,ATMp3
2021-01-01_2021-01-31.json,7495,0,0,0,0,0,0,719,658,7495,2021-01-01,2021-01-29,nifty,week,put,ATMp4
2021-01-31_2021-03-02.json,8250,0,0,0,0,0,0,475,640,8250,2021-02-01,2021-03-02,nifty,week,put,ATMp4
2021-03-02_2021-04-01.json,7875,0,0,0,0,0,0,733,109,7875,2021-03-02,2021-04-01,nifty,week,put,ATMp4
2021-04-01_2021-05-01.json,7125,0,0,0,0,0,0,367,135,7125,2021-04-01,2021-04-30,nifty,week,put,ATMp4
2021-05-01_2021-05-31.json,7500,0,0,0,0,0,0,599,273,7500,2021-05-03,2021-05-31,nifty,week,put,ATMp4
2021-05-31_2021-06-30.json,8624,0,0,0,0,0,0,221,434,8624,2021-05-31,2021-06-30,nifty,week,put,ATMp4
2021-06-30_2021-07-30.json,8250,0,0,0,0,0,0,225,340,8250,2021-06-30,2021-07-30,nifty,week,put,ATMp4
2021-07-30_2021-08-29.json,7501,1,0,0,0,0,0,290,309,7500,2021-07-30,2021-08-27,nifty,week,put,ATMp4
2021-08-29_2021-09-28.json,7876,1,0,0,0,0,0,212,194,7875,2021-08-30,2021-09-28,nifty,week,put,ATMp4
2021-09-28_2021-10-28.json,8255,5,0,0,0,0,1,1029,63,8250,2021-09-28,2021-10-28,nifty,week,put,ATMp4
2021-10-28_2021-11-27.json,7188,63,0,0,0,0,0,765,3,7125,2021-10-28,2021-11-26,nifty,week,put,ATMp4
2021-11-27_2021-12-27.json,7886,11,0,0,0,0,0,664,3,7875,2021-11-29,2021-12-27,nifty,week,put,ATMp4
2021-12-27_2022-01-26.json,8256,6,0,0,0,0,1,631,31,8250,2021-12-27,2022-01-25,nifty,week,put,ATMp4
2022-01-26_2022-02-25.json,8255,5,0,0,0,0,0,380,21,8250,2022-01-27,2022-02-25,nifty,week,put,ATMp4
2022-02-25_2022-03-27.json,7129,4,0,0,0,0,0,325,10,7125,2022-02-25,2022-03-25,nifty,week,put,ATMp4
2022-03-27_2022-04-26.json,7511,11,0,0,0,0,1,1020,3,7500,2022-03-28,2022-04-26,nifty,week,put,ATMp4
2022-04-26_2022-05-26.json,8260,10,0,0,0,0,0,275,10,8250,2022-04-26,2022-05-26,nifty,week,put,ATMp4
2022-05-26_2022-06-25.json,8250,0,0,0,0,0,0,182,12,8250,2022-05-26,2022-06-24,nifty,week,put,ATMp4
2022-06-25_2022-07-25.json,7875,0,0,0,0,0,1,121,7,7875,2022-06-27,2022-07-25,nifty,week,put,ATMp4
2022-07-25_2022-08-24.json,7875,0,0,0,0,0,1,647,10,7875,2022-07-25,2022-08-24,nifty,week,put,ATMp4
2022-08-24_2022-09-23.json,8250,0,0,0,0,0,0,602,13,8250,2022-08-24,2022-09-23,nifty,week,put,ATMp4
2022-09-23_2022-10-23.json,7500,0,0,0,0,0,0,99,3,7500,2022-09-23,2022-10-21,nifty,week,put,ATMp4
2022-10-23_2022-11-22.json,7185,60,0,0,0,0,1,1522,3,7125,2022-10-25,2022-11-22,nifty,week,put,ATMp4
2022-11-22_2022-12-22.json,8625,0,0,0,0,0,1,2810,1,8625,2022-11-22,2022-12-22,nifty,week,put,ATMp4
2022-12-22_2023-01-21.json,8250,0,0,0,0,0,0,889,2,8250,2022-12-22,2023-01-20,nifty,week,put,ATMp4
2023-01-21_2023-02-20.json,7500,0,0,0,0,0,1,1504,1,7500,2023-01-23,2023-02-20,nifty,week,put,ATMp4
2023-02-20_2023-03-22.json,8250,0,0,0,0,0,0,662,0,8250,2023-02-20,2023-03-22,nifty,week,put,ATMp4
2023-03-22_2023-04-21.json,7125,0,0,0,0,0,0,1294,2,7125,2023-03-22,2023-04-21,nifty,week,put,ATMp4
2023-04-21_2023-05-21.json,7506,6,0,0,0,0,0,1191,3,7500,2023-04-21,2023-05-19,nifty,week,put,ATMp4
2023-05-21_2023-06-20.json,8260,10,0,0,0,0,1,1508,0,8250,2023-05-22,2023-06-20,nifty,week,put,ATMp4
2023-06-20_2023-07-20.json,8253,3,0,0,0,0,0,634,1,8250,2023-06-20,2023-07-20,nifty,week,put,ATMp4
2023-07-20_2023-08-19.json,7881,6,0,0,0,0,0,670,0,7875,2023-07-20,2023-08-18,nifty,week,put,ATMp4
2023-08-19_2023-09-18.json,7886,11,0,0,0,0,0,291,4,7875,2023-08-21,2023-09-18,nifty,week,put,ATMp4
2023-09-18_2023-10-18.json,7886,11,0,0,0,0,0,999,0,7875,2023-09-18,2023-10-18,nifty,week,put,ATMp4
2023-10-18_2023-11-17.json,7935,60,0,0,0,0,1,1416,1,7875,2023-10-18,2023-11-17,nifty,week,put,ATMp4
2023-11-17_2023-12-17.json,7510,10,0,0,0,0,1,2028,2,7500,2023-11-17,2023-12-15,nifty,week,put,ATMp4
2023-12-17_2024-01-16.json,7884,9,0,0,0,0,0,1030,0,7875,2023-12-18,2024-01-16,nifty,week,put,ATMp4
2024-01-16_2024-02-15.json,8257,8,0,0,0,0,0,538,1,8249,2024-01-16,2024-02-15,nifty,week,put,ATMp4
2024-02-15_2024-03-16.json,7990,8,0,0,0,0,3,1097,2,7982,2024-02-15,2024-03-15,nifty,week,put,ATMp4
2024-03-16_2024-04-15.json,6757,7,0,0,0,0,0,1413,0,6750,2024-03-18,2024-04-15,nifty,week,put,ATMp4
2024-04-15_2024-05-15.json,7879,4,0,0,0,0,1,904,0,7875,2024-04-15,2024-05-15,nifty,week,put,ATMp4
2024-05-15_2024-06-14.json,8629,4,0,0,0,0,0,409,270,8625,2024-05-15,2024-06-14,nifty,week,put,ATMp4
2024-06-14_2024-07-14.json,7502,2,0,0,0,0,1,458,0,7500,2024-06-14,2024-07-12,nifty,week,put,ATMp4
2024-07-14_2024-08-13.json,7878,3,0,0,0,0,0,630,0,7875,2024-07-15,2024-08-13,nifty,week,put,ATMp4
2024-08-13_2024-09-12.json,8252,2,0,0,0,0,0,592,0,8250,2024-08-13,2024-09-12,nifty,week,put,ATMp4
2024-09-12_2024-10-12.json,7882,7,0,0,0,0,0,656,0,7875,2024-09-12,2024-10-11,nifty,week,put,ATMp4
2024-10-12_2024-11-11.json,7565,65,0,0,0,0,0,491,0,7500,2024-10-14,2024-11-11,nifty,week,put,ATMp4
2024-11-11_2024-12-11.json,7876,1,0,0,0,0,2,194,0,7875,2024-11-11,2024-12-11,nifty,week,put,ATMp4
2024-12-11_2025-01-10.json,8253,3,0,0,0,0,0,330,0,8250,2024-12-11,2025-01-10,nifty,week,put,ATMp4
2025-01-10_2025-02-09.json,8252,2,0,0,0,0,2,281,0,8250,2025-01-10,2025-02-07,nifty,week,put,ATMp4
2025-02-09_2025-03-11.json,7877,2,0,0,0,0,3,936,0,7875,2025-02-10,2025-03-11,nifty,week,put,ATMp4
2025-03-11_2025-04-10.json,7500,0,0,0,0,0,1,810,0,7500,2025-03-11,2025-04-09,nifty,week,put,ATMp4
2025-04-10_2025-05-10.json,6751,1,0,0,0,0,2,518,0,6750,2025-04-11,2025-05-09,nifty,week,put,ATMp4
2025-05-10_2025-06-09.json,7877,2,0,0,0,0,0,164,0,7875,2025-05-12,2025-06-09,nifty,week,put,ATMp4
2025-06-09_2025-07-09.json,8625,0,0,0,0,0,0,684,0,8625,2025-06-09,2025-07-09,nifty,week,put,ATMp4
2025-07-09_2025-08-08.json,8625,0,0,0,0,0,0,1114,1,8625,2025-07-09,2025-08-08,nifty,week,put,ATMp4
2025-08-08_2025-09-07.json,7125,0,0,0,0,0,0,821,4,7125,2025-08-08,2025-09-05,nifty,week,put,ATMp4
2025-09-07_2025-10-07.json,7875,0,0,0,0,0,0,2056,10,7875,2025-09-08,2025-10-07,nifty,week,put,ATMp4
2025-10-07_2025-11-06.json,7605,0,0,0,0,0,0,1430,63,7605,2025-10-07,2025-11-06,nifty,week,put,ATMp4
2025-11-06_2025-12-06.json,8250,0,0,0,0,0,0,755,6,8250,2025-11-06,2025-12-05,nifty,week,put,ATMp4
2025-12-06_2026-01-05.json,7500,0,0,0,0,0,0,760,0,7500,2025-12-08,2026-01-05,nifty,week,put,ATMp4
2026-01-05_2026-02-04.json,8250,0,0,0,0,0,1,635,0,8250,2026-01-05,2026-02-04,nifty,week,put,ATMp4
2026-02-04_2026-03-06.json,8250,0,0,0,0,0,0,186,0,8250,2026-02-04,2026-03-06,nifty,week,put,ATMp4
2026-03-06_2026-04-05.json,6746,0,0,0,0,0,0,195,0,6746,2026-03-06,2026-04-02,nifty,week,put,ATMp4
2026-04-05_2026-04-30.json,6716,0,0,0,0,0,0,176,2,6716,2026-04-06,2026-04-30,nifty,week,put,ATMp4
2021-01-01_2021-01-31.json,7500,0,0,0,0,0,0,1017,1430,7500,2021-01-01,2021-01-29,nifty,week,put,ATMp5
2021-01-31_2021-03-02.json,8248,0,0,0,0,0,0,557,1427,8248,2021-02-01,2021-03-02,nifty,week,put,ATMp5
2021-03-02_2021-04-01.json,7875,0,0,0,0,0,0,967,583,7875,2021-03-02,2021-04-01,nifty,week,put,ATMp5
2021-04-01_2021-05-01.json,7125,0,0,0,0,0,0,516,560,7125,2021-04-01,2021-04-30,nifty,week,put,ATMp5
2021-05-01_2021-05-31.json,7499,0,0,0,0,0,0,730,1001,7499,2021-05-03,2021-05-31,nifty,week,put,ATMp5
2021-05-31_2021-06-30.json,8625,0,0,0,0,0,0,424,1645,8625,2021-05-31,2021-06-30,nifty,week,put,ATMp5
2021-06-30_2021-07-30.json,8250,0,0,0,0,0,0,302,1495,8250,2021-06-30,2021-07-30,nifty,week,put,ATMp5
2021-07-30_2021-08-29.json,7501,1,0,0,0,0,0,376,1113,7500,2021-07-30,2021-08-27,nifty,week,put,ATMp5
2021-08-29_2021-09-28.json,7872,1,0,0,0,0,0,333,977,7871,2021-08-30,2021-09-28,nifty,week,put,ATMp5
2021-09-28_2021-10-28.json,8255,5,0,0,0,0,0,1341,543,8250,2021-09-28,2021-10-28,nifty,week,put,ATMp5
2021-10-28_2021-11-27.json,7185,61,0,0,0,0,1,1093,108,7124,2021-10-28,2021-11-26,nifty,week,put,ATMp5
2021-11-27_2021-12-27.json,7879,4,0,0,0,0,0,806,109,7875,2021-11-29,2021-12-27,nifty,week,put,ATMp5
2021-12-27_2022-01-26.json,8254,4,0,0,0,0,0,749,400,8250,2021-12-27,2022-01-25,nifty,week,put,ATMp5
2022-01-26_2022-02-25.json,8257,7,0,0,0,0,0,477,141,8250,2022-01-27,2022-02-25,nifty,week,put,ATMp5
2022-02-25_2022-03-27.json,7127,2,0,0,0,0,0,458,95,7125,2022-02-25,2022-03-25,nifty,week,put,ATMp5
2022-03-27_2022-04-26.json,7505,5,0,0,0,0,0,1325,65,7500,2022-03-28,2022-04-26,nifty,week,put,ATMp5
2022-04-26_2022-05-26.json,8259,9,0,0,0,0,0,417,83,8250,2022-04-26,2022-05-26,nifty,week,put,ATMp5
2022-05-26_2022-06-25.json,8250,0,0,0,0,0,0,281,57,8250,2022-05-26,2022-06-24,nifty,week,put,ATMp5
2022-06-25_2022-07-25.json,7875,0,0,0,0,0,0,188,110,7875,2022-06-27,2022-07-25,nifty,week,put,ATMp5
2022-07-25_2022-08-24.json,7875,0,0,0,0,0,0,816,115,7875,2022-07-25,2022-08-24,nifty,week,put,ATMp5
2022-08-24_2022-09-23.json,8250,0,0,0,0,0,0,714,32,8250,2022-08-24,2022-09-23,nifty,week,put,ATMp5
2022-09-23_2022-10-23.json,7500,0,0,0,0,0,0,135,14,7500,2022-09-23,2022-10-21,nifty,week,put,ATMp5
2022-10-23_2022-11-22.json,7185,60,0,0,0,0,0,1793,7,7125,2022-10-25,2022-11-22,nifty,week,put,ATMp5
2022-11-22_2022-12-22.json,8625,0,0,0,0,0,1,3871,46,8625,2022-11-22,2022-12-22,nifty,week,put,ATMp5
2022-12-22_2023-01-21.json,8250,0,0,0,0,0,2,1198,4,8250,2022-12-22,2023-01-20,nifty,week,put,ATMp5
2023-01-21_2023-02-20.json,7500,0,0,0,0,0,1,1726,14,7500,2023-01-23,2023-02-20,nifty,week,put,ATMp5
2023-02-20_2023-03-22.json,8250,0,0,0,0,0,0,815,11,8250,2023-02-20,2023-03-22,nifty,week,put,ATMp5
2023-03-22_2023-04-21.json,7125,0,0,0,0,0,0,1751,25,7125,2023-03-22,2023-04-21,nifty,week,put,ATMp5
2023-04-21_2023-05-21.json,7504,4,0,0,0,0,0,1807,57,7500,2023-04-21,2023-05-19,nifty,week,put,ATMp5
2023-05-21_2023-06-20.json,8255,5,0,0,0,0,0,2662,37,8250,2023-05-22,2023-06-20,nifty,week,put,ATMp5
2023-06-20_2023-07-20.json,8251,1,0,0,0,0,0,1052,87,8250,2023-06-20,2023-07-20,nifty,week,put,ATMp5
2023-07-20_2023-08-19.json,7880,5,0,0,0,0,0,769,21,7875,2023-07-20,2023-08-18,nifty,week,put,ATMp5
2023-08-19_2023-09-18.json,7878,3,0,0,0,0,0,409,68,7875,2023-08-21,2023-09-18,nifty,week,put,ATMp5
2023-09-18_2023-10-18.json,7881,6,0,0,0,0,0,1369,23,7875,2023-09-18,2023-10-18,nifty,week,put,ATMp5
2023-10-18_2023-11-17.json,7937,62,0,0,0,0,1,1650,29,7875,2023-10-18,2023-11-17,nifty,week,put,ATMp5
2023-11-17_2023-12-17.json,7503,3,0,0,0,0,0,2566,78,7500,2023-11-17,2023-12-15,nifty,week,put,ATMp5
2023-12-17_2024-01-16.json,7879,4,0,0,0,0,2,1536,9,7875,2023-12-18,2024-01-16,nifty,week,put,ATMp5
2024-01-16_2024-02-15.json,8257,8,0,0,0,0,0,801,6,8249,2024-01-16,2024-02-15,nifty,week,put,ATMp5
2024-02-15_2024-03-16.json,7986,4,0,0,0,0,1,1404,11,7982,2024-02-15,2024-03-15,nifty,week,put,ATMp5
2024-03-16_2024-04-15.json,6753,3,0,0,0,0,0,1730,9,6750,2024-03-18,2024-04-15,nifty,week,put,ATMp5
2024-04-15_2024-05-15.json,7876,1,0,0,0,0,0,1326,0,7875,2024-04-15,2024-05-15,nifty,week,put,ATMp5
2024-05-15_2024-06-14.json,8629,4,0,0,0,0,1,721,281,8625,2024-05-15,2024-06-14,nifty,week,put,ATMp5
2024-06-14_2024-07-14.json,7502,2,0,0,0,0,1,689,10,7500,2024-06-14,2024-07-12,nifty,week,put,ATMp5
2024-07-14_2024-08-13.json,7878,3,0,0,0,0,2,757,3,7875,2024-07-15,2024-08-13,nifty,week,put,ATMp5
2024-08-13_2024-09-12.json,8251,1,0,0,0,0,0,710,1,8250,2024-08-13,2024-09-12,nifty,week,put,ATMp5
2024-09-12_2024-10-12.json,7879,4,0,0,0,0,0,771,4,7875,2024-09-12,2024-10-11,nifty,week,put,ATMp5
2024-10-12_2024-11-11.json,7562,62,0,0,0,0,0,719,0,7500,2024-10-14,2024-11-11,nifty,week,put,ATMp5
2024-11-11_2024-12-11.json,7877,2,0,0,0,0,2,315,1,7875,2024-11-11,2024-12-11,nifty,week,put,ATMp5
2024-12-11_2025-01-10.json,8253,3,0,0,0,0,0,469,0,8250,2024-12-11,2025-01-10,nifty,week,put,ATMp5
2025-01-10_2025-02-09.json,8251,1,0,0,0,0,0,521,2,8250,2025-01-10,2025-02-07,nifty,week,put,ATMp5
2025-02-09_2025-03-11.json,7878,3,0,0,0,0,0,1222,0,7875,2025-02-10,2025-03-11,nifty,week,put,ATMp5
2025-03-11_2025-04-10.json,7504,4,0,0,0,0,1,1053,0,7500,2025-03-11,2025-04-09,nifty,week,put,ATMp5
2025-04-10_2025-05-10.json,6751,1,0,0,0,0,0,538,5,6750,2025-04-11,2025-05-09,nifty,week,put,ATMp5
2025-05-10_2025-06-09.json,7875,0,0,0,0,0,0,219,5,7875,2025-05-12,2025-06-09,nifty,week,put,ATMp5
2025-06-09_2025-07-09.json,8625,0,0,0,0,0,1,1117,2,8625,2025-06-09,2025-07-09,nifty,week,put,ATMp5
2025-07-09_2025-08-08.json,8625,0,0,0,0,0,0,1501,1,8625,2025-07-09,2025-08-08,nifty,week,put,ATMp5
2025-08-08_2025-09-07.json,7125,0,0,0,0,0,0,1099,7,7125,2025-08-08,2025-09-05,nifty,week,put,ATMp5
2025-09-07_2025-10-07.json,7875,0,0,0,0,0,1,2527,11,7875,2025-09-08,2025-10-07,nifty,week,put,ATMp5
2025-10-07_2025-11-06.json,7605,0,0,0,0,0,0,1962,57,7605,2025-10-07,2025-11-06,nifty,week,put,ATMp5
2025-11-06_2025-12-06.json,8250,0,0,0,0,0,0,1376,10,8250,2025-11-06,2025-12-05,nifty,week,put,ATMp5
2025-12-06_2026-01-05.json,7500,0,0,0,0,0,0,1016,2,7500,2025-12-08,2026-01-05,nifty,week,put,ATMp5
2026-01-05_2026-02-04.json,8250,0,0,0,0,0,0,794,0,8250,2026-01-05,2026-02-04,nifty,week,put,ATMp5
2026-02-04_2026-03-06.json,8250,0,0,0,0,0,0,211,0,8250,2026-02-04,2026-03-06,nifty,week,put,ATMp5
2026-03-06_2026-04-05.json,6746,0,0,0,0,0,0,221,0,6746,2026-03-06,2026-04-02,nifty,week,put,ATMp5
2026-04-05_2026-04-30.json,6717,0,0,0,0,0,0,217,2,6717,2026-04-06,2026-04-30,nifty,week,put,ATMp5
2021-01-01_2021-01-31.json,7494,0,0,0,0,0,0,1274,2651,7494,2021-01-01,2021-01-29,nifty,week,put,ATMp6
2021-01-31_2021-03-02.json,8250,0,0,0,0,0,1,649,2417,8250,2021-02-01,2021-03-02,nifty,week,put,ATMp6
2021-03-02_2021-04-01.json,7875,0,0,0,0,0,1,1295,1456,7875,2021-03-02,2021-04-01,nifty,week,put,ATMp6
2021-04-01_2021-05-01.json,7124,0,0,0,0,0,0,706,1378,7124,2021-04-01,2021-04-30,nifty,week,put,ATMp6
2021-05-01_2021-05-31.json,7498,0,0,0,0,0,0,890,2088,7498,2021-05-03,2021-05-31,nifty,week,put,ATMp6
2021-05-31_2021-06-30.json,8623,0,0,0,0,0,0,614,3108,8623,2021-05-31,2021-06-30,nifty,week,put,ATMp6
2021-06-30_2021-07-30.json,8230,0,0,0,0,0,0,362,2620,8230,2021-06-30,2021-07-30,nifty,week,put,ATMp6
2021-07-30_2021-08-29.json,7495,1,0,0,0,0,0,446,2931,7494,2021-07-30,2021-08-27,nifty,week,put,ATMp6
2021-08-29_2021-09-28.json,7874,0,0,0,0,0,0,442,2469,7874,2021-08-30,2021-09-28,nifty,week,put,ATMp6
2021-09-28_2021-10-28.json,8251,1,0,0,0,0,0,1592,1056,8250,2021-09-28,2021-10-28,nifty,week,put,ATMp6
2021-10-28_2021-11-27.json,7169,44,0,0,0,0,0,1431,420,7125,2021-10-28,2021-11-26,nifty,week,put,ATMp6
2021-11-27_2021-12-27.json,7878,4,0,0,0,0,0,889,336,7874,2021-11-29,2021-12-27,nifty,week,put,ATMp6
2021-12-27_2022-01-26.json,8247,0,0,0,0,0,0,894,1255,8247,2021-12-27,2022-01-25,nifty,week,put,ATMp6
2022-01-26_2022-02-25.json,8252,2,0,0,0,0,0,583,579,8250,2022-01-27,2022-02-25,nifty,week,put,ATMp6
2022-02-25_2022-03-27.json,7126,1,0,0,0,0,1,523,296,7125,2022-02-25,2022-03-25,nifty,week,put,ATMp6
2022-03-27_2022-04-26.json,7503,4,0,0,0,0,0,1670,318,7499,2022-03-28,2022-04-26,nifty,week,put,ATMp6
2022-04-26_2022-05-26.json,8256,7,0,0,0,0,0,572,557,8249,2022-04-26,2022-05-26,nifty,week,put,ATMp6
2022-05-26_2022-06-25.json,8250,0,0,0,0,0,0,421,404,8250,2022-05-26,2022-06-24,nifty,week,put,ATMp6
2022-06-25_2022-07-25.json,7875,0,0,0,0,0,0,262,499,7875,2022-06-27,2022-07-25,nifty,week,put,ATMp6
2022-07-25_2022-08-24.json,7875,0,0,0,0,0,0,957,400,7875,2022-07-25,2022-08-24,nifty,week,put,ATMp6
2022-08-24_2022-09-23.json,8250,0,0,0,0,0,0,810,254,8250,2022-08-24,2022-09-23,nifty,week,put,ATMp6
2022-09-23_2022-10-23.json,7500,0,0,0,0,0,0,189,156,7500,2022-09-23,2022-10-21,nifty,week,put,ATMp6
2022-10-23_2022-11-22.json,7181,56,0,0,0,0,0,2371,194,7125,2022-10-25,2022-11-22,nifty,week,put,ATMp6
2022-11-22_2022-12-22.json,8625,0,0,0,0,0,0,4606,221,8625,2022-11-22,2022-12-22,nifty,week,put,ATMp6
2022-12-22_2023-01-21.json,8250,0,0,0,0,0,0,1621,229,8250,2022-12-22,2023-01-20,nifty,week,put,ATMp6
2023-01-21_2023-02-20.json,7500,0,0,0,0,0,0,1880,228,7500,2023-01-23,2023-02-20,nifty,week,put,ATMp6
2023-02-20_2023-03-22.json,8250,0,0,0,0,0,0,1103,77,8250,2023-02-20,2023-03-22,nifty,week,put,ATMp6
2023-03-22_2023-04-21.json,7125,0,0,0,0,0,0,2153,191,7125,2023-03-22,2023-04-21,nifty,week,put,ATMp6
2023-04-21_2023-05-21.json,7500,0,0,0,0,0,0,2411,488,7500,2023-04-21,2023-05-19,nifty,week,put,ATMp6
2023-05-21_2023-06-20.json,8251,1,0,0,0,0,0,3314,310,8250,2023-05-22,2023-06-20,nifty,week,put,ATMp6
2023-06-20_2023-07-20.json,8251,1,0,0,0,0,0,1338,516,8250,2023-06-20,2023-07-20,nifty,week,put,ATMp6
2023-07-20_2023-08-19.json,7874,1,0,0,0,0,0,880,180,7873,2023-07-20,2023-08-18,nifty,week,put,ATMp6
2023-08-19_2023-09-18.json,7876,1,0,0,0,0,0,524,547,7875,2023-08-21,2023-09-18,nifty,week,put,ATMp6
2023-09-18_2023-10-18.json,7878,3,0,0,0,0,0,1724,327,7875,2023-09-18,2023-10-18,nifty,week,put,ATMp6
2023-10-18_2023-11-17.json,7924,49,0,0,0,0,0,1920,586,7875,2023-10-18,2023-11-17,nifty,week,put,ATMp6
2023-11-17_2023-12-17.json,7502,2,0,0,0,0,0,3177,378,7500,2023-11-17,2023-12-15,nifty,week,put,ATMp6
2023-12-17_2024-01-16.json,7878,4,0,0,0,0,3,2058,284,7874,2023-12-18,2024-01-16,nifty,week,put,ATMp6
2024-01-16_2024-02-15.json,8245,3,0,0,0,0,0,1064,69,8242,2024-01-16,2024-02-15,nifty,week,put,ATMp6
2024-02-15_2024-03-16.json,7983,1,0,0,0,0,0,1635,98,7982,2024-02-15,2024-03-15,nifty,week,put,ATMp6
2024-03-16_2024-04-15.json,6753,3,0,0,0,0,2,2065,72,6750,2024-03-18,2024-04-15,nifty,week,put,ATMp6
2024-04-15_2024-05-15.json,7876,1,0,0,0,0,2,1847,21,7875,2024-04-15,2024-05-15,nifty,week,put,ATMp6
2024-05-15_2024-06-14.json,8630,5,0,0,0,0,1,1114,360,8625,2024-05-15,2024-06-14,nifty,week,put,ATMp6
2024-06-14_2024-07-14.json,7500,0,0,0,0,0,0,1151,100,7500,2024-06-14,2024-07-12,nifty,week,put,ATMp6
2024-07-14_2024-08-13.json,7879,4,0,0,0,0,0,1016,38,7875,2024-07-15,2024-08-13,nifty,week,put,ATMp6
2024-08-13_2024-09-12.json,8252,2,0,0,0,0,0,922,51,8250,2024-08-13,2024-09-12,nifty,week,put,ATMp6
2024-09-12_2024-10-12.json,7878,3,0,0,0,0,2,897,45,7875,2024-09-12,2024-10-11,nifty,week,put,ATMp6
2024-10-12_2024-11-11.json,7564,64,0,0,0,0,0,904,28,7500,2024-10-14,2024-11-11,nifty,week,put,ATMp6
2024-11-11_2024-12-11.json,7876,1,0,0,0,0,2,402,18,7875,2024-11-11,2024-12-11,nifty,week,put,ATMp6
2024-12-11_2025-01-10.json,8252,2,0,0,0,0,0,698,15,8250,2024-12-11,2025-01-10,nifty,week,put,ATMp6
2025-01-10_2025-02-09.json,8250,0,0,0,0,0,0,760,32,8250,2025-01-10,2025-02-07,nifty,week,put,ATMp6
2025-02-09_2025-03-11.json,7875,0,0,0,0,0,0,1602,12,7875,2025-02-10,2025-03-11,nifty,week,put,ATMp6
2025-03-11_2025-04-10.json,7501,1,0,0,0,0,0,1384,19,7500,2025-03-11,2025-04-09,nifty,week,put,ATMp6
2025-04-10_2025-05-10.json,6750,0,0,0,0,0,0,558,53,6750,2025-04-11,2025-05-09,nifty,week,put,ATMp6
2025-05-10_2025-06-09.json,7876,1,0,0,0,0,0,269,19,7875,2025-05-12,2025-06-09,nifty,week,put,ATMp6
2025-06-09_2025-07-09.json,8625,0,0,0,0,0,0,1401,59,8625,2025-06-09,2025-07-09,nifty,week,put,ATMp6
2025-07-09_2025-08-08.json,8625,0,0,0,0,0,0,1770,23,8625,2025-07-09,2025-08-08,nifty,week,put,ATMp6
2025-08-08_2025-09-07.json,7125,0,0,0,0,0,0,1245,18,7125,2025-08-08,2025-09-05,nifty,week,put,ATMp6
2025-09-07_2025-10-07.json,7875,0,0,0,0,0,0,2886,23,7875,2025-09-08,2025-10-07,nifty,week,put,ATMp6
2025-10-07_2025-11-06.json,7605,0,0,0,0,0,0,2750,63,7605,2025-10-07,2025-11-06,nifty,week,put,ATMp6
2025-11-06_2025-12-06.json,8250,0,0,0,0,0,0,1679,9,8250,2025-11-06,2025-12-05,nifty,week,put,ATMp6
2025-12-06_2026-01-05.json,7500,0,0,0,0,0,2,1121,17,7500,2025-12-08,2026-01-05,nifty,week,put,ATMp6
2026-01-05_2026-02-04.json,8250,0,0,0,0,0,0,937,3,8250,2026-01-05,2026-02-04,nifty,week,put,ATMp6
2026-02-04_2026-03-06.json,8250,0,0,0,0,0,0,240,4,8250,2026-02-04,2026-03-06,nifty,week,put,ATMp6
2026-03-06_2026-04-05.json,6746,0,0,0,0,0,1,248,0,6746,2026-03-06,2026-04-02,nifty,week,put,ATMp6
2026-04-05_2026-04-30.json,6717,0,0,0,0,0,1,248,11,6717,2026-04-06,2026-04-30,nifty,week,put,ATMp6
2021-01-01_2021-01-31.json,7391,0,0,0,0,0,3,1417,3773,7391,2021-01-01,2021-01-29,nifty,week,put,ATMp7
2021-01-31_2021-03-02.json,8237,0,0,0,0,0,3,840,3536,8237,2021-02-01,2021-03-02,nifty,week,put,ATMp7
2021-03-02_2021-04-01.json,7849,0,0,0,0,0,2,1571,2497,7849,2021-03-02,2021-04-01,nifty,week,put,ATMp7
2021-04-01_2021-05-01.json,7103,0,0,0,0,0,0,799,2123,7103,2021-04-01,2021-04-30,nifty,week,put,ATMp7
2021-05-01_2021-05-31.json,7493,0,0,0,0,0,0,1134,3582,7493,2021-05-03,2021-05-31,nifty,week,put,ATMp7
2021-05-31_2021-06-30.json,8603,0,0,0,0,0,0,694,4452,8603,2021-05-31,2021-06-30,nifty,week,put,ATMp7
2021-06-30_2021-07-30.json,8142,0,0,0,0,0,0,419,4312,8142,2021-06-30,2021-07-30,nifty,week,put,ATMp7
2021-07-30_2021-08-29.json,7492,0,0,0,0,0,0,511,3803,7492,2021-07-30,2021-08-27,nifty,week,put,ATMp7
2021-08-29_2021-09-28.json,7871,0,0,0,0,0,0,545,3611,7871,2021-08-30,2021-09-28,nifty,week,put,ATMp7
2021-09-28_2021-10-28.json,8248,1,0,0,0,0,0,1780,2727,8247,2021-09-28,2021-10-28,nifty,week,put,ATMp7
2021-10-28_2021-11-27.json,7176,53,0,0,0,0,0,1680,1044,7123,2021-10-28,2021-11-26,nifty,week,put,ATMp7
2021-11-27_2021-12-27.json,7874,0,0,0,0,0,0,1031,1168,7874,2021-11-29,2021-12-27,nifty,week,put,ATMp7
2021-12-27_2022-01-26.json,8240,1,0,0,0,0,0,1047,2390,8239,2021-12-27,2022-01-25,nifty,week,put,ATMp7
2022-01-26_2022-02-25.json,8251,2,0,0,0,0,0,690,1155,8249,2022-01-27,2022-02-25,nifty,week,put,ATMp7
2022-02-25_2022-03-27.json,7125,1,0,0,0,0,0,632,792,7124,2022-02-25,2022-03-25,nifty,week,put,ATMp7
2022-03-27_2022-04-26.json,7501,2,0,0,0,0,0,1870,952,7499,2022-03-28,2022-04-26,nifty,week,put,ATMp7
2022-04-26_2022-05-26.json,8249,2,0,0,0,0,0,700,668,8247,2022-04-26,2022-05-26,nifty,week,put,ATMp7
2022-05-26_2022-06-25.json,8248,0,0,0,0,0,0,578,970,8248,2022-05-26,2022-06-24,nifty,week,put,ATMp7
2022-06-25_2022-07-25.json,7875,0,0,0,0,0,0,395,1408,7875,2022-06-27,2022-07-25,nifty,week,put,ATMp7
2022-07-25_2022-08-24.json,7873,0,0,0,0,0,0,1126,1283,7873,2022-07-25,2022-08-24,nifty,week,put,ATMp7
2022-08-24_2022-09-23.json,8250,0,0,0,0,0,0,912,643,8250,2022-08-24,2022-09-23,nifty,week,put,ATMp7
2022-09-23_2022-10-23.json,7500,0,0,0,0,0,0,237,579,7500,2022-09-23,2022-10-21,nifty,week,put,ATMp7
2022-10-23_2022-11-22.json,7185,60,0,0,0,0,1,2825,819,7125,2022-10-25,2022-11-22,nifty,week,put,ATMp7
2022-11-22_2022-12-22.json,8625,0,0,0,0,0,0,4966,815,8625,2022-11-22,2022-12-22,nifty,week,put,ATMp7
2022-12-22_2023-01-21.json,8250,0,0,0,0,0,0,2136,469,8250,2022-12-22,2023-01-20,nifty,week,put,ATMp7
2023-01-21_2023-02-20.json,7500,0,0,0,0,0,1,1995,465,7500,2023-01-23,2023-02-20,nifty,week,put,ATMp7
2023-02-20_2023-03-22.json,8250,0,0,0,0,0,3,1394,476,8250,2023-02-20,2023-03-22,nifty,week,put,ATMp7
2023-03-22_2023-04-21.json,7124,0,0,0,0,0,4,2351,892,7124,2023-03-22,2023-04-21,nifty,week,put,ATMp7
2023-04-21_2023-05-21.json,7502,2,0,0,0,0,0,2725,1352,7500,2023-04-21,2023-05-19,nifty,week,put,ATMp7
2023-05-21_2023-06-20.json,8248,0,0,0,0,0,0,3760,1428,8248,2023-05-22,2023-06-20,nifty,week,put,ATMp7
2023-06-20_2023-07-20.json,8247,1,0,0,0,0,0,1479,1821,8246,2023-06-20,2023-07-20,nifty,week,put,ATMp7
2023-07-20_2023-08-19.json,7876,1,0,0,0,0,0,981,971,7875,2023-07-20,2023-08-18,nifty,week,put,ATMp7
2023-08-19_2023-09-18.json,7873,2,0,0,0,0,0,666,1476,7871,2023-08-21,2023-09-18,nifty,week,put,ATMp7
2023-09-18_2023-10-18.json,7870,0,0,0,0,0,0,1890,1133,7870,2023-09-18,2023-10-18,nifty,week,put,ATMp7
2023-10-18_2023-11-17.json,7922,53,0,0,0,0,0,2115,909,7869,2023-10-18,2023-11-17,nifty,week,put,ATMp7
2023-11-17_2023-12-17.json,7496,0,0,0,0,0,0,3694,1562,7496,2023-11-17,2023-12-15,nifty,week,put,ATMp7
2023-12-17_2024-01-16.json,7878,3,0,0,0,0,0,2559,541,7875,2023-12-18,2024-01-16,nifty,week,put,ATMp7
2024-01-16_2024-02-15.json,8245,4,0,0,0,0,0,1385,351,8241,2024-01-16,2024-02-15,nifty,week,put,ATMp7
2024-02-15_2024-03-16.json,7977,2,0,0,0,0,0,1778,444,7975,2024-02-15,2024-03-15,nifty,week,put,ATMp7
2024-03-16_2024-04-15.json,6752,2,0,0,0,0,0,2420,483,6750,2024-03-18,2024-04-15,nifty,week,put,ATMp7
2024-04-15_2024-05-15.json,7876,1,0,0,0,0,0,2069,265,7875,2024-04-15,2024-05-15,nifty,week,put,ATMp7
2024-05-15_2024-06-14.json,8627,2,0,0,0,0,0,1513,564,8625,2024-05-15,2024-06-14,nifty,week,put,ATMp7
2024-06-14_2024-07-14.json,7500,0,0,0,0,0,0,1506,364,7500,2024-06-14,2024-07-12,nifty,week,put,ATMp7
2024-07-14_2024-08-13.json,7876,1,0,0,0,0,1,1231,133,7875,2024-07-15,2024-08-13,nifty,week,put,ATMp7
2024-08-13_2024-09-12.json,8252,2,0,0,0,0,0,1266,178,8250,2024-08-13,2024-09-12,nifty,week,put,ATMp7
2024-09-12_2024-10-12.json,7876,1,0,0,0,0,0,1015,168,7875,2024-09-12,2024-10-11,nifty,week,put,ATMp7
2024-10-12_2024-11-11.json,7558,58,0,0,0,0,0,1093,105,7500,2024-10-14,2024-11-11,nifty,week,put,ATMp7
2024-11-11_2024-12-11.json,7876,1,0,0,0,0,1,494,68,7875,2024-11-11,2024-12-11,nifty,week,put,ATMp7
2024-12-11_2025-01-10.json,8251,1,0,0,0,0,0,1065,73,8250,2024-12-11,2025-01-10,nifty,week,put,ATMp7
2025-01-10_2025-02-09.json,8251,1,0,0,0,0,0,976,148,8250,2025-01-10,2025-02-07,nifty,week,put,ATMp7
2025-02-09_2025-03-11.json,7876,1,0,0,0,0,0,2097,83,7875,2025-02-10,2025-03-11,nifty,week,put,ATMp7
2025-03-11_2025-04-10.json,7501,1,0,0,0,0,0,1803,247,7500,2025-03-11,2025-04-09,nifty,week,put,ATMp7
2025-04-10_2025-05-10.json,6750,0,0,0,0,0,0,586,284,6750,2025-04-11,2025-05-09,nifty,week,put,ATMp7
2025-05-10_2025-06-09.json,7875,0,0,0,0,0,0,308,198,7875,2025-05-12,2025-06-09,nifty,week,put,ATMp7
2025-06-09_2025-07-09.json,8625,0,0,0,0,0,0,1673,181,8625,2025-06-09,2025-07-09,nifty,week,put,ATMp7
2025-07-09_2025-08-08.json,8625,0,0,0,0,0,0,2079,118,8625,2025-07-09,2025-08-08,nifty,week,put,ATMp7
2025-08-08_2025-09-07.json,7125,0,0,0,0,0,0,1369,104,7125,2025-08-08,2025-09-05,nifty,week,put,ATMp7
2025-09-07_2025-10-07.json,7875,0,0,0,0,0,0,3205,179,7875,2025-09-08,2025-10-07,nifty,week,put,ATMp7
2025-10-07_2025-11-06.json,7605,0,0,0,0,0,0,3393,104,7605,2025-10-07,2025-11-06,nifty,week,put,ATMp7
2025-11-06_2025-12-06.json,8250,0,0,0,0,0,0,1862,101,8250,2025-11-06,2025-12-05,nifty,week,put,ATMp7
2025-12-06_2026-01-05.json,7500,0,0,0,0,0,0,1174,145,7500,2025-12-08,2026-01-05,nifty,week,put,ATMp7
2026-01-05_2026-02-04.json,8250,0,0,0,0,0,0,1105,15,8250,2026-01-05,2026-02-04,nifty,week,put,ATMp7
2026-02-04_2026-03-06.json,8250,0,0,0,0,0,0,275,15,8250,2026-02-04,2026-03-06,nifty,week,put,ATMp7
2026-03-06_2026-04-05.json,6746,0,0,0,0,0,0,321,3,6746,2026-03-06,2026-04-02,nifty,week,put,ATMp7
2026-04-05_2026-04-30.json,6717,0,0,0,0,0,1,268,37,6717,2026-04-06,2026-04-30,nifty,week,put,ATMp7
2021-01-01_2021-01-31.json,7456,0,0,0,0,0,0,1502,4455,7456,2021-01-01,2021-01-29,nifty,week,put,ATMp8
2021-01-31_2021-03-02.json,8240,0,0,0,0,0,0,866,4388,8240,2021-02-01,2021-03-02,nifty,week,put,ATMp8
2021-03-02_2021-04-01.json,7854,0,0,0,0,0,1,1782,3572,7854,2021-03-02,2021-04-01,nifty,week,put,ATMp8
2021-04-01_2021-05-01.json,7122,0,0,0,0,0,0,930,3249,7122,2021-04-01,2021-04-30,nifty,week,put,ATMp8
2021-05-01_2021-05-31.json,7492,0,0,0,0,0,0,1358,4376,7492,2021-05-03,2021-05-31,nifty,week,put,ATMp8
2021-05-31_2021-06-30.json,8610,0,0,0,0,0,18,773,5704,8610,2021-05-31,2021-06-30,nifty,week,put,ATMp8
2021-06-30_2021-07-30.json,8167,0,0,0,0,0,0,561,5365,8167,2021-06-30,2021-07-30,nifty,week,put,ATMp8
2021-07-30_2021-08-29.json,7439,0,0,0,0,0,0,489,5431,7439,2021-07-30,2021-08-27,nifty,week,put,ATMp8
2021-08-29_2021-09-28.json,7858,0,0,0,0,0,0,547,4698,7858,2021-08-30,2021-09-28,nifty,week,put,ATMp8
2021-09-28_2021-10-28.json,8240,2,0,0,0,0,0,1974,3392,8238,2021-09-28,2021-10-28,nifty,week,put,ATMp8
2021-10-28_2021-11-27.json,7151,28,0,0,0,0,0,1987,2071,7123,2021-10-28,2021-11-26,nifty,week,put,ATMp8
2021-11-27_2021-12-27.json,7875,0,0,0,0,0,0,1103,1897,7875,2021-11-29,2021-12-27,nifty,week,put,ATMp8
2021-12-27_2022-01-26.json,8235,2,0,0,0,0,0,1189,3192,8233,2021-12-27,2022-01-25,nifty,week,put,ATMp8
2022-01-26_2022-02-25.json,8251,3,0,0,0,0,0,799,1826,8248,2022-01-27,2022-02-25,nifty,week,put,ATMp8
2022-02-25_2022-03-27.json,7129,6,0,0,0,0,0,783,1351,7123,2022-02-25,2022-03-25,nifty,week,put,ATMp8
2022-03-27_2022-04-26.json,7502,2,0,0,0,0,0,2196,1468,7500,2022-03-28,2022-04-26,nifty,week,put,ATMp8
2022-04-26_2022-05-26.json,8253,3,0,0,0,0,1,927,1756,8250,2022-04-26,2022-05-26,nifty,week,put,ATMp8
2022-05-26_2022-06-25.json,8249,0,0,0,0,0,0,736,1708,8249,2022-05-26,2022-06-24,nifty,week,put,ATMp8
2022-06-25_2022-07-25.json,7872,0,0,0,0,0,0,512,2018,7872,2022-06-27,2022-07-25,nifty,week,put,ATMp8
2022-07-25_2022-08-24.json,7874,0,0,0,0,0,1,1186,1813,7874,2022-07-25,2022-08-24,nifty,week,put,ATMp8
2022-08-24_2022-09-23.json,8241,0,0,0,0,0,0,1052,1608,8241,2022-08-24,2022-09-23,nifty,week,put,ATMp8
2022-09-23_2022-10-23.json,7500,0,0,0,0,0,0,310,1108,7500,2022-09-23,2022-10-21,nifty,week,put,ATMp8
2022-10-23_2022-11-22.json,7150,28,0,0,0,0,0,3127,1510,7122,2022-10-25,2022-11-22,nifty,week,put,ATMp8
2022-11-22_2022-12-22.json,8625,0,0,0,0,0,5,5236,1382,8625,2022-11-22,2022-12-22,nifty,week,put,ATMp8
2022-12-22_2023-01-21.json,8250,0,0,0,0,0,0,2751,903,8250,2022-12-22,2023-01-20,nifty,week,put,ATMp8
2023-01-21_2023-02-20.json,7499,0,0,0,0,0,0,2155,1372,7499,2023-01-23,2023-02-20,nifty,week,put,ATMp8
2023-02-20_2023-03-22.json,8250,0,0,0,0,0,0,1673,1069,8250,2023-02-20,2023-03-22,nifty,week,put,ATMp8
2023-03-22_2023-04-21.json,7123,0,0,0,0,0,0,2498,1674,7123,2023-03-22,2023-04-21,nifty,week,put,ATMp8
2023-04-21_2023-05-21.json,7493,0,0,0,0,0,0,2943,2471,7493,2023-04-21,2023-05-19,nifty,week,put,ATMp8
2023-05-21_2023-06-20.json,8248,2,0,0,0,0,3,3982,2575,8246,2023-05-22,2023-06-20,nifty,week,put,ATMp8
2023-06-20_2023-07-20.json,8235,0,0,0,0,0,0,1611,2975,8235,2023-06-20,2023-07-20,nifty,week,put,ATMp8
2023-07-20_2023-08-19.json,7873,1,0,0,0,0,0,1143,1696,7872,2023-07-20,2023-08-18,nifty,week,put,ATMp8
2023-08-19_2023-09-18.json,7875,1,0,0,0,0,0,893,2830,7874,2023-08-21,2023-09-18,nifty,week,put,ATMp8
2023-09-18_2023-10-18.json,7875,0,0,0,0,0,0,2064,2065,7875,2023-09-18,2023-10-18,nifty,week,put,ATMp8
2023-10-18_2023-11-17.json,7895,25,0,0,0,0,0,2314,2450,7870,2023-10-18,2023-11-17,nifty,week,put,ATMp8
2023-11-17_2023-12-17.json,7496,0,0,0,0,0,0,4040,2313,7496,2023-11-17,2023-12-15,nifty,week,put,ATMp8
2023-12-17_2024-01-16.json,7870,2,0,0,0,0,0,3020,1897,7868,2023-12-18,2024-01-16,nifty,week,put,ATMp8
2024-01-16_2024-02-15.json,8201,4,0,0,0,0,1,1659,767,8197,2024-01-16,2024-02-15,nifty,week,put,ATMp8
2024-02-15_2024-03-16.json,7978,1,0,0,0,0,0,1845,1073,7977,2024-02-15,2024-03-15,nifty,week,put,ATMp8
2024-03-16_2024-04-15.json,6751,1,0,0,0,0,0,2688,1212,6750,2024-03-18,2024-04-15,nifty,week,put,ATMp8
2024-04-15_2024-05-15.json,7875,0,0,0,0,0,0,2249,610,7875,2024-04-15,2024-05-15,nifty,week,put,ATMp8
2024-05-15_2024-06-14.json,8625,0,0,0,0,0,0,1903,1115,8625,2024-05-15,2024-06-14,nifty,week,put,ATMp8
2024-06-14_2024-07-14.json,7500,0,0,0,0,0,0,1717,1017,7500,2024-06-14,2024-07-12,nifty,week,put,ATMp8
2024-07-14_2024-08-13.json,7875,0,0,0,0,0,0,1434,615,7875,2024-07-15,2024-08-13,nifty,week,put,ATMp8
2024-08-13_2024-09-12.json,8248,0,0,0,0,0,0,1485,673,8248,2024-08-13,2024-09-12,nifty,week,put,ATMp8
2024-09-12_2024-10-12.json,7877,2,0,0,0,0,0,1176,501,7875,2024-09-12,2024-10-11,nifty,week,put,ATMp8
2024-10-12_2024-11-11.json,7557,57,0,0,0,0,0,1266,337,7500,2024-10-14,2024-11-11,nifty,week,put,ATMp8
2024-11-11_2024-12-11.json,7876,1,0,0,0,0,0,629,413,7875,2024-11-11,2024-12-11,nifty,week,put,ATMp8
2024-12-11_2025-01-10.json,8251,1,0,0,0,0,0,1383,328,8250,2024-12-11,2025-01-10,nifty,week,put,ATMp8
2025-01-10_2025-02-09.json,8249,0,0,0,0,0,0,1159,500,8249,2025-01-10,2025-02-07,nifty,week,put,ATMp8
2025-02-09_2025-03-11.json,7874,0,0,0,0,0,0,2512,307,7874,2025-02-10,2025-03-11,nifty,week,put,ATMp8
2025-03-11_2025-04-10.json,7501,1,0,0,0,0,0,2118,505,7500,2025-03-11,2025-04-09,nifty,week,put,ATMp8
2025-04-10_2025-05-10.json,6750,0,0,0,0,0,0,655,693,6750,2025-04-11,2025-05-09,nifty,week,put,ATMp8
2025-05-10_2025-06-09.json,7877,2,0,0,0,0,0,337,267,7875,2025-05-12,2025-06-09,nifty,week,put,ATMp8
2025-06-09_2025-07-09.json,8625,0,0,0,0,0,1,1889,727,8625,2025-06-09,2025-07-09,nifty,week,put,ATMp8
2025-07-09_2025-08-08.json,8625,0,0,0,0,0,1,2387,457,8625,2025-07-09,2025-08-08,nifty,week,put,ATMp8
2025-08-08_2025-09-07.json,7125,0,0,0,0,0,0,1553,469,7125,2025-08-08,2025-09-05,nifty,week,put,ATMp8
2025-09-07_2025-10-07.json,7875,0,0,0,0,0,0,3521,433,7875,2025-09-08,2025-10-07,nifty,week,put,ATMp8
2025-10-07_2025-11-06.json,7605,0,0,0,0,0,0,3807,347,7605,2025-10-07,2025-11-06,nifty,week,put,ATMp8
2025-11-06_2025-12-06.json,8250,0,0,0,0,0,1,2028,305,8250,2025-11-06,2025-12-05,nifty,week,put,ATMp8
2025-12-06_2026-01-05.json,7500,0,0,0,0,0,0,1198,576,7500,2025-12-08,2026-01-05,nifty,week,put,ATMp8
2026-01-05_2026-02-04.json,8250,0,0,0,0,0,0,1278,111,8250,2026-01-05,2026-02-04,nifty,week,put,ATMp8
2026-02-04_2026-03-06.json,8250,0,0,0,0,0,0,317,175,8250,2026-02-04,2026-03-06,nifty,week,put,ATMp8
2026-03-06_2026-04-05.json,6746,0,0,0,0,0,0,346,12,6746,2026-03-06,2026-04-02,nifty,week,put,ATMp8
2026-04-05_2026-04-30.json,6716,0,0,0,0,0,0,311,82,6716,2026-04-06,2026-04-30,nifty,week,put,ATMp8
2021-01-01_2021-01-31.json,7452,0,0,0,0,0,0,1581,5218,7452,2021-01-01,2021-01-29,nifty,week,put,ATMp9
2021-01-31_2021-03-02.json,8241,0,0,0,0,0,0,1062,5573,8241,2021-02-01,2021-03-02,nifty,week,put,ATMp9
2021-03-02_2021-04-01.json,7792,0,0,0,0,0,0,2131,4035,7792,2021-03-02,2021-04-01,nifty,week,put,ATMp9
2021-04-01_2021-05-01.json,7100,0,0,0,0,0,0,1111,3933,7100,2021-04-01,2021-04-30,nifty,week,put,ATMp9
2021-05-01_2021-05-31.json,7369,0,0,0,0,0,3,1447,5202,7369,2021-05-03,2021-05-31,nifty,week,put,ATMp9
2021-05-31_2021-06-30.json,8571,0,0,0,0,0,0,768,6564,8571,2021-05-31,2021-06-30,nifty,week,put,ATMp9
2021-06-30_2021-07-30.json,8062,0,0,0,0,0,2,550,6439,8062,2021-06-30,2021-07-30,nifty,week,put,ATMp9
2021-07-30_2021-08-29.json,7382,0,0,0,0,0,0,823,5532,7382,2021-07-30,2021-08-27,nifty,week,put,ATMp9
2021-08-29_2021-09-28.json,7795,0,0,0,0,0,0,591,5408,7795,2021-08-30,2021-09-28,nifty,week,put,ATMp9
2021-09-28_2021-10-28.json,8229,0,0,0,0,0,6,2075,4608,8229,2021-09-28,2021-10-28,nifty,week,put,ATMp9
2021-10-28_2021-11-27.json,7147,29,0,0,0,0,0,2154,2558,7118,2021-10-28,2021-11-26,nifty,week,put,ATMp9
2021-11-27_2021-12-27.json,7874,0,0,0,0,0,0,1252,2623,7874,2021-11-29,2021-12-27,nifty,week,put,ATMp9
2021-12-27_2022-01-26.json,8238,0,0,0,0,0,0,1294,3997,8238,2021-12-27,2022-01-25,nifty,week,put,ATMp9
2022-01-26_2022-02-25.json,8248,1,0,0,0,0,0,936,2491,8247,2022-01-27,2022-02-25,nifty,week,put,ATMp9
2022-02-25_2022-03-27.json,7110,0,0,0,0,0,0,1003,1956,7110,2022-02-25,2022-03-25,nifty,week,put,ATMp9
2022-03-27_2022-04-26.json,7499,1,0,0,0,0,2,2530,2363,7498,2022-03-28,2022-04-26,nifty,week,put,ATMp9
2022-04-26_2022-05-26.json,8239,0,0,0,0,0,0,1075,1584,8239,2022-04-26,2022-05-26,nifty,week,put,ATMp9
2022-05-26_2022-06-25.json,8245,0,0,0,0,0,0,863,2361,8245,2022-05-26,2022-06-24,nifty,week,put,ATMp9
2022-06-25_2022-07-25.json,7862,0,0,0,0,0,0,646,3085,7862,2022-06-27,2022-07-25,nifty,week,put,ATMp9
2022-07-25_2022-08-24.json,7867,0,0,0,0,0,0,1335,3174,7867,2022-07-25,2022-08-24,nifty,week,put,ATMp9
2022-08-24_2022-09-23.json,8226,0,0,0,0,0,0,1134,2237,8226,2022-08-24,2022-09-23,nifty,week,put,ATMp9
2022-09-23_2022-10-23.json,7496,0,0,0,0,0,0,403,2030,7496,2022-09-23,2022-10-21,nifty,week,put,ATMp9
2022-10-23_2022-11-22.json,7178,56,0,0,0,0,0,3319,2626,7122,2022-10-25,2022-11-22,nifty,week,put,ATMp9
2022-11-22_2022-12-22.json,8616,0,0,0,0,0,1,5375,2485,8616,2022-11-22,2022-12-22,nifty,week,put,ATMp9
2022-12-22_2023-01-21.json,8249,0,0,0,0,0,0,3098,1747,8249,2022-12-22,2023-01-20,nifty,week,put,ATMp9
2023-01-21_2023-02-20.json,7499,0,0,0,0,0,0,2311,1949,7499,2023-01-23,2023-02-20,nifty,week,put,ATMp9
2023-02-20_2023-03-22.json,8249,0,0,0,0,0,2,1952,1619,8249,2023-02-20,2023-03-22,nifty,week,put,ATMp9
2023-03-22_2023-04-21.json,7124,0,0,0,0,0,4,2724,2722,7124,2023-03-22,2023-04-21,nifty,week,put,ATMp9
2023-04-21_2023-05-21.json,7495,0,0,0,0,0,0,3061,3939,7495,2023-04-21,2023-05-19,nifty,week,put,ATMp9
2023-05-21_2023-06-20.json,8240,0,0,0,0,0,1,4067,4008,8240,2023-05-22,2023-06-20,nifty,week,put,ATMp9
2023-06-20_2023-07-20.json,8206,0,0,0,0,0,0,1663,4444,8206,2023-06-20,2023-07-20,nifty,week,put,ATMp9
2023-07-20_2023-08-19.json,7873,1,0,0,0,0,0,1361,3016,7872,2023-07-20,2023-08-18,nifty,week,put,ATMp9
2023-08-19_2023-09-18.json,7853,1,0,0,0,0,0,1029,4106,7852,2023-08-21,2023-09-18,nifty,week,put,ATMp9
2023-09-18_2023-10-18.json,7850,1,0,0,0,0,1,2103,3200,7849,2023-09-18,2023-10-18,nifty,week,put,ATMp9
2023-10-18_2023-11-17.json,7894,49,0,0,0,0,0,2377,2863,7845,2023-10-18,2023-11-17,nifty,week,put,ATMp9
2023-11-17_2023-12-17.json,7489,0,0,0,0,0,0,4333,3696,7489,2023-11-17,2023-12-15,nifty,week,put,ATMp9
2023-12-17_2024-01-16.json,7866,1,0,0,0,0,0,3237,2209,7865,2023-12-18,2024-01-16,nifty,week,put,ATMp9
2024-01-16_2024-02-15.json,8172,2,0,0,0,0,1,2079,1450,8170,2024-01-16,2024-02-15,nifty,week,put,ATMp9
2024-02-15_2024-03-16.json,7966,0,0,0,0,0,0,1923,1570,7966,2024-02-15,2024-03-15,nifty,week,put,ATMp9
2024-03-16_2024-04-15.json,6744,0,0,0,0,0,0,2974,1969,6744,2024-03-18,2024-04-15,nifty,week,put,ATMp9
2024-04-15_2024-05-15.json,7867,0,0,0,0,0,1,2358,1330,7867,2024-04-15,2024-05-15,nifty,week,put,ATMp9
2024-05-15_2024-06-14.json,8621,0,0,0,0,0,0,2082,1653,8621,2024-05-15,2024-06-14,nifty,week,put,ATMp9
2024-06-14_2024-07-14.json,7500,0,0,0,0,0,0,1903,1569,7500,2024-06-14,2024-07-12,nifty,week,put,ATMp9
2024-07-14_2024-08-13.json,7875,3,0,0,0,0,0,1629,1083,7872,2024-07-15,2024-08-13,nifty,week,put,ATMp9
2024-08-13_2024-09-12.json,8247,1,0,0,0,0,0,1626,1363,8246,2024-08-13,2024-09-12,nifty,week,put,ATMp9
2024-09-12_2024-10-12.json,7876,2,0,0,0,0,0,1341,1073,7874,2024-09-12,2024-10-11,nifty,week,put,ATMp9
2024-10-12_2024-11-11.json,7562,62,0,0,0,0,1,1384,589,7500,2024-10-14,2024-11-11,nifty,week,put,ATMp9
2024-11-11_2024-12-11.json,7876,1,0,0,0,0,0,783,679,7875,2024-11-11,2024-12-11,nifty,week,put,ATMp9
2024-12-11_2025-01-10.json,8251,1,0,0,0,0,0,1694,489,8250,2024-12-11,2025-01-10,nifty,week,put,ATMp9
2025-01-10_2025-02-09.json,8250,0,0,0,0,0,0,1348,779,8250,2025-01-10,2025-02-07,nifty,week,put,ATMp9
2025-02-09_2025-03-11.json,7876,2,0,0,0,0,0,2939,763,7874,2025-02-10,2025-03-11,nifty,week,put,ATMp9
2025-03-11_2025-04-10.json,7487,0,0,0,0,0,0,2386,1282,7487,2025-03-11,2025-04-09,nifty,week,put,ATMp9
2025-04-10_2025-05-10.json,6748,0,0,0,0,0,0,702,1340,6748,2025-04-11,2025-05-09,nifty,week,put,ATMp9
2025-05-10_2025-06-09.json,7873,0,0,0,0,0,0,434,1043,7873,2025-05-12,2025-06-09,nifty,week,put,ATMp9
2025-06-09_2025-07-09.json,8623,0,0,0,0,0,0,2107,1263,8623,2025-06-09,2025-07-09,nifty,week,put,ATMp9
2025-07-09_2025-08-08.json,8625,0,0,0,0,0,0,2628,1016,8625,2025-07-09,2025-08-08,nifty,week,put,ATMp9
2025-08-08_2025-09-07.json,7125,0,0,0,0,0,0,1749,947,7125,2025-08-08,2025-09-05,nifty,week,put,ATMp9
2025-09-07_2025-10-07.json,7874,0,0,0,0,0,1,3800,1322,7874,2025-09-08,2025-10-07,nifty,week,put,ATMp9
2025-10-07_2025-11-06.json,7603,0,0,0,0,0,2,4131,789,7603,2025-10-07,2025-11-06,nifty,week,put,ATMp9
2025-11-06_2025-12-06.json,8249,0,0,0,0,0,1,2155,832,8249,2025-11-06,2025-12-05,nifty,week,put,ATMp9
2025-12-06_2026-01-05.json,7499,0,0,0,0,0,0,1296,1164,7499,2025-12-08,2026-01-05,nifty,week,put,ATMp9
2026-01-05_2026-02-04.json,8250,0,0,0,0,0,1,1408,241,8250,2026-01-05,2026-02-04,nifty,week,put,ATMp9
2026-02-04_2026-03-06.json,8250,0,0,0,0,0,0,353,284,8250,2026-02-04,2026-03-06,nifty,week,put,ATMp9
2026-03-06_2026-04-05.json,6746,0,0,0,0,0,1,386,58,6746,2026-03-06,2026-04-02,nifty,week,put,ATMp9
2026-04-05_2026-04-30.json,6716,0,0,0,0,0,0,339,218,6716,2026-04-06,2026-04-30,nifty,week,put,ATMp9
2021-05-01_2021-05-31.json,7500,0,0,0,0,0,0,4,283,7500,2021-05-03,2021-05-31,nifty,month,call,ATM
2021-05-31_2021-06-30.json,8625,0,0,0,0,0,0,0,103,8625,2021-05-31,2021-06-30,nifty,month,call,ATM
2021-06-30_2021-07-30.json,8249,0,0,0,0,0,0,0,20,8249,2021-06-30,2021-07-30,nifty,month,call,ATM
2021-07-30_2021-08-29.json,7506,6,0,0,0,0,0,0,8,7500,2021-07-30,2021-08-27,nifty,month,call,ATM
2021-08-29_2021-09-28.json,7882,7,0,0,0,0,0,0,25,7875,2021-08-30,2021-09-28,nifty,month,call,ATM
2021-09-28_2021-10-28.json,8262,12,0,0,0,0,0,4,12,8250,2021-09-28,2021-10-28,nifty,month,call,ATM
2021-10-28_2021-11-27.json,7196,71,0,0,0,0,1,3,58,7125,2021-10-28,2021-11-26,nifty,month,call,ATM
2021-11-27_2021-12-27.json,7887,12,0,0,0,0,0,0,84,7875,2021-11-29,2021-12-27,nifty,month,call,ATM
2021-12-27_2022-01-26.json,8264,14,0,0,0,0,0,15,28,8250,2021-12-27,2022-01-25,nifty,month,call,ATM
2022-01-26_2022-02-25.json,8262,12,0,0,0,0,4,13,39,8250,2022-01-27,2022-02-25,nifty,month,call,ATM
2022-02-25_2022-03-27.json,7133,8,0,0,0,0,0,0,116,7125,2022-02-25,2022-03-25,nifty,month,call,ATM
2022-03-27_2022-04-26.json,7514,14,0,0,0,0,0,7,52,7500,2022-03-28,2022-04-26,nifty,month,call,ATM
2022-04-26_2022-05-26.json,8266,16,0,0,0,0,0,6,33,8250,2022-04-26,2022-05-26,nifty,month,call,ATM
2022-05-26_2022-06-25.json,8250,1,0,0,0,0,0,6,80,8249,2022-05-26,2022-06-24,nifty,month,call,ATM
2022-06-25_2022-07-25.json,7875,0,0,0,0,0,3,3,45,7875,2022-06-27,2022-07-25,nifty,month,call,ATM
2022-07-25_2022-08-24.json,7875,0,0,0,0,0,0,1,14,7875,2022-07-25,2022-08-24,nifty,month,call,ATM
2022-08-24_2022-09-23.json,8250,0,0,0,0,0,0,1,80,8250,2022-08-24,2022-09-23,nifty,month,call,ATM
2022-09-23_2022-10-23.json,7500,0,0,0,0,0,0,8,25,7500,2022-09-23,2022-10-21,nifty,month,call,ATM
2022-10-23_2022-11-22.json,7185,60,0,0,0,0,0,9,67,7125,2022-10-25,2022-11-22,nifty,month,call,ATM
2022-11-22_2022-12-22.json,8624,0,0,0,0,0,0,17,124,8624,2022-11-22,2022-12-22,nifty,month,call,ATM
2022-12-22_2023-01-21.json,8250,0,0,0,0,0,0,11,31,8250,2022-12-22,2023-01-20,nifty,month,call,ATM
2023-01-21_2023-02-20.json,7500,0,0,0,0,0,1,9,55,7500,2023-01-23,2023-02-20,nifty,month,call,ATM
2023-02-20_2023-03-22.json,8250,0,0,0,0,0,0,11,46,8250,2023-02-20,2023-03-22,nifty,month,call,ATM
2023-03-22_2023-04-21.json,7125,0,0,0,0,0,1,12,9,7125,2023-03-22,2023-04-21,nifty,month,call,ATM
2023-04-21_2023-05-21.json,7508,8,0,0,0,0,0,10,15,7500,2023-04-21,2023-05-19,nifty,month,call,ATM
2023-05-21_2023-06-20.json,8263,13,0,0,0,0,0,2,41,8250,2023-05-22,2023-06-20,nifty,month,call,ATM
2023-06-20_2023-07-20.json,8266,16,0,0,0,0,0,11,10,8250,2023-06-20,2023-07-20,nifty,month,call,ATM
2023-07-20_2023-08-19.json,7887,12,0,0,0,0,0,11,15,7875,2023-07-20,2023-08-18,nifty,month,call,ATM
2023-08-19_2023-09-18.json,7892,17,0,0,0,0,0,13,16,7875,2023-08-21,2023-09-18,nifty,month,call,ATM
2023-09-18_2023-10-18.json,7890,15,0,0,0,0,0,3,5,7875,2023-09-18,2023-10-18,nifty,month,call,ATM
2023-10-18_2023-11-17.json,7948,73,0,0,0,0,0,41,71,7875,2023-10-18,2023-11-17,nifty,month,call,ATM
2023-11-17_2023-12-17.json,7513,13,0,0,0,0,0,4,18,7500,2023-11-17,2023-12-15,nifty,month,call,ATM
2023-12-17_2024-01-16.json,7888,13,0,0,0,0,0,7,45,7875,2023-12-18,2024-01-16,nifty,month,call,ATM
2024-01-16_2024-02-15.json,8261,11,0,0,0,0,0,11,36,8250,2024-01-16,2024-02-15,nifty,month,call,ATM
2024-02-15_2024-03-16.json,7994,12,0,0,0,0,0,9,34,7982,2024-02-15,2024-03-15,nifty,month,call,ATM
2024-03-16_2024-04-15.json,6760,10,0,0,0,0,0,0,46,6750,2024-03-18,2024-04-15,nifty,month,call,ATM
2024-04-15_2024-05-15.json,7877,2,0,0,0,0,0,0,38,7875,2024-04-15,2024-05-15,nifty,month,call,ATM
2024-05-15_2024-06-14.json,8632,9,0,0,0,0,0,10,297,8623,2024-05-15,2024-06-14,nifty,month,call,ATM
2024-06-14_2024-07-14.json,7503,3,0,0,0,0,0,10,49,7500,2024-06-14,2024-07-12,nifty,month,call,ATM
2024-07-14_2024-08-13.json,7878,10,0,0,0,0,0,10,92,7868,2024-07-15,2024-08-13,nifty,month,call,ATM
2024-08-13_2024-09-12.json,8253,4,0,0,0,0,0,1,106,8249,2024-08-13,2024-09-12,nifty,month,call,ATM
2024-09-12_2024-10-12.json,7879,7,0,0,0,0,0,0,166,7872,2024-09-12,2024-10-11,nifty,month,call,ATM
2024-10-12_2024-11-11.json,7568,68,0,0,0,0,0,20,72,7500,2024-10-14,2024-11-11,nifty,month,call,ATM
2024-11-11_2024-12-11.json,7877,2,0,0,0,0,0,15,24,7875,2024-11-11,2024-12-11,nifty,month,call,ATM
2024-12-11_2025-01-10.json,8252,2,0,0,0,0,0,15,40,8250,2024-12-11,2025-01-10,nifty,month,call,ATM
2025-01-10_2025-02-09.json,8251,1,0,0,0,0,0,8,51,8250,2025-01-10,2025-02-07,nifty,month,call,ATM
2025-02-09_2025-03-11.json,7879,4,0,0,0,0,1,2,64,7875,2025-02-10,2025-03-11,nifty,month,call,ATM
2025-03-11_2025-04-10.json,7497,2,0,0,0,0,1,2,1237,7495,2025-03-11,2025-04-09,nifty,month,call,ATM
2025-04-10_2025-05-10.json,6751,1,0,0,0,0,3,6,167,6750,2025-04-11,2025-05-09,nifty,month,call,ATM
2025-05-10_2025-06-09.json,7877,2,0,0,0,0,0,13,62,7875,2025-05-12,2025-06-09,nifty,month,call,ATM
2025-06-09_2025-07-09.json,8625,0,0,0,0,0,0,6,202,8625,2025-06-09,2025-07-09,nifty,month,call,ATM
2025-07-09_2025-08-08.json,8626,1,0,0,0,0,0,1,73,8625,2025-07-09,2025-08-08,nifty,month,call,ATM
2025-08-08_2025-09-07.json,7125,0,0,0,0,0,0,16,73,7125,2025-08-08,2025-09-05,nifty,month,call,ATM
2025-09-07_2025-10-07.json,7875,0,0,0,0,0,0,13,51,7875,2025-09-08,2025-10-07,nifty,month,call,ATM
2025-10-07_2025-11-06.json,7605,0,0,0,0,0,0,15,111,7605,2025-10-07,2025-11-06,nifty,month,call,ATM
2025-11-06_2025-12-06.json,8250,0,0,0,0,0,0,4,109,8250,2025-11-06,2025-12-05,nifty,month,call,ATM
2025-12-06_2026-01-05.json,7500,0,0,0,0,0,0,6,45,7500,2025-12-08,2026-01-05,nifty,month,call,ATM
2026-01-05_2026-02-04.json,8250,0,0,0,0,0,0,7,36,8250,2026-01-05,2026-02-04,nifty,month,call,ATM
2026-02-04_2026-03-06.json,8250,0,0,0,0,0,0,14,58,8250,2026-02-04,2026-03-06,nifty,month,call,ATM
2026-03-06_2026-04-05.json,6746,0,0,0,0,0,0,8,106,6746,2026-03-06,2026-04-02,nifty,month,call,ATM
2026-04-05_2026-04-30.json,6749,0,0,0,0,0,0,6,76,6749,2026-04-06,2026-04-30,nifty,month,call,ATM
2021-05-01_2021-05-31.json,7500,0,0,0,0,0,0,15,526,7500,2021-05-03,2021-05-31,nifty,month,call,ATMm1
2021-05-31_2021-06-30.json,8625,0,0,0,0,0,0,23,525,8625,2021-05-31,2021-06-30,nifty,month,call,ATMm1
2021-06-30_2021-07-30.json,8250,0,0,0,0,0,0,43,335,8250,2021-06-30,2021-07-30,nifty,month,call,ATMm1
2021-07-30_2021-08-29.json,7506,6,0,0,0,0,0,48,94,7500,2021-07-30,2021-08-27,nifty,month,call,ATMm1
2021-08-29_2021-09-28.json,7886,11,0,0,0,0,0,0,138,7875,2021-08-30,2021-09-28,nifty,month,call,ATMm1
2021-09-28_2021-10-28.json,8263,13,0,0,0,0,7,23,180,8250,2021-09-28,2021-10-28,nifty,month,call,ATMm1
2021-10-28_2021-11-27.json,7191,66,0,0,0,0,4,36,212,7125,2021-10-28,2021-11-26,nifty,month,call,ATMm1
2021-11-27_2021-12-27.json,7880,5,0,0,0,0,0,0,486,7875,2021-11-29,2021-12-27,nifty,month,call,ATMm1
2021-12-27_2022-01-26.json,8264,14,0,0,0,0,0,29,198,8250,2021-12-27,2022-01-25,nifty,month,call,ATMm1
2022-01-26_2022-02-25.json,8259,9,0,0,0,0,3,48,279,8250,2022-01-27,2022-02-25,nifty,month,call,ATMm1
2022-02-25_2022-03-27.json,7134,10,0,0,0,0,0,0,557,7124,2022-02-25,2022-03-25,nifty,month,call,ATMm1
2022-03-27_2022-04-26.json,7509,9,0,0,0,0,0,12,525,7500,2022-03-28,2022-04-26,nifty,month,call,ATMm1
2022-04-26_2022-05-26.json,8258,8,0,0,0,0,4,81,294,8250,2022-04-26,2022-05-26,nifty,month,call,ATMm1
2022-05-26_2022-06-25.json,8250,1,0,0,0,0,0,45,552,8249,2022-05-26,2022-06-24,nifty,month,call,ATMm1
2022-06-25_2022-07-25.json,7875,0,0,0,0,0,6,54,363,7875,2022-06-27,2022-07-25,nifty,month,call,ATMm1
2022-07-25_2022-08-24.json,7875,0,0,0,0,0,0,48,194,7875,2022-07-25,2022-08-24,nifty,month,call,ATMm1
2022-08-24_2022-09-23.json,8249,0,0,0,0,0,1,5,328,8249,2022-08-24,2022-09-23,nifty,month,call,ATMm1
2022-09-23_2022-10-23.json,7499,0,0,0,0,0,0,36,203,7499,2022-09-23,2022-10-21,nifty,month,call,ATMm1
2022-10-23_2022-11-22.json,7185,60,0,0,0,0,0,24,318,7125,2022-10-25,2022-11-22,nifty,month,call,ATMm1
2022-11-22_2022-12-22.json,8625,0,0,0,0,0,0,93,416,8625,2022-11-22,2022-12-22,nifty,month,call,ATMm1
2022-12-22_2023-01-21.json,8250,0,0,0,0,0,1,25,314,8250,2022-12-22,2023-01-20,nifty,month,call,ATMm1
2023-01-21_2023-02-20.json,7500,0,0,0,0,0,0,22,213,7500,2023-01-23,2023-02-20,nifty,month,call,ATMm1
2023-02-20_2023-03-22.json,8249,0,0,0,0,0,0,11,249,8249,2023-02-20,2023-03-22,nifty,month,call,ATMm1
2023-03-22_2023-04-21.json,7125,0,0,0,0,0,0,39,39,7125,2023-03-22,2023-04-21,nifty,month,call,ATMm1
2023-04-21_2023-05-21.json,7505,5,0,0,0,0,0,23,40,7500,2023-04-21,2023-05-19,nifty,month,call,ATMm1
2023-05-21_2023-06-20.json,8261,11,0,0,0,0,0,22,319,8250,2023-05-22,2023-06-20,nifty,month,call,ATMm1
2023-06-20_2023-07-20.json,8260,10,0,0,0,0,0,46,80,8250,2023-06-20,2023-07-20,nifty,month,call,ATMm1
2023-07-20_2023-08-19.json,7886,11,0,0,0,0,0,48,202,7875,2023-07-20,2023-08-18,nifty,month,call,ATMm1
2023-08-19_2023-09-18.json,7888,13,0,0,0,0,0,290,58,7875,2023-08-21,2023-09-18,nifty,month,call,ATMm1
2023-09-18_2023-10-18.json,7886,11,0,0,0,0,0,136,112,7875,2023-09-18,2023-10-18,nifty,month,call,ATMm1
2023-10-18_2023-11-17.json,7943,68,0,0,0,0,2,131,306,7875,2023-10-18,2023-11-17,nifty,month,call,ATMm1
2023-11-17_2023-12-17.json,7509,9,0,0,0,0,0,15,143,7500,2023-11-17,2023-12-15,nifty,month,call,ATMm1
2023-12-17_2024-01-16.json,7884,9,0,0,0,0,0,28,177,7875,2023-12-18,2024-01-16,nifty,month,call,ATMm1
2024-01-16_2024-02-15.json,8260,10,0,0,0,0,0,57,195,8250,2024-01-16,2024-02-15,nifty,month,call,ATMm1
2024-02-15_2024-03-16.json,7991,12,0,0,0,0,0,25,293,7979,2024-02-15,2024-03-15,nifty,month,call,ATMm1
2024-03-16_2024-04-15.json,6755,5,0,0,0,0,0,4,223,6750,2024-03-18,2024-04-15,nifty,month,call,ATMm1
2024-04-15_2024-05-15.json,7877,2,0,0,0,0,2,0,169,7875,2024-04-15,2024-05-15,nifty,month,call,ATMm1
2024-05-15_2024-06-14.json,8631,6,0,0,0,0,0,26,458,8625,2024-05-15,2024-06-14,nifty,month,call,ATMm1
2024-06-14_2024-07-14.json,7503,3,0,0,0,0,0,24,213,7500,2024-06-14,2024-07-12,nifty,month,call,ATMm1
2024-07-14_2024-08-13.json,7882,8,0,0,0,0,0,48,333,7874,2024-07-15,2024-08-13,nifty,month,call,ATMm1
2024-08-13_2024-09-12.json,8253,3,0,0,0,0,0,4,222,8250,2024-08-13,2024-09-12,nifty,month,call,ATMm1
2024-09-12_2024-10-12.json,7879,7,0,0,0,0,2,0,614,7872,2024-09-12,2024-10-11,nifty,month,call,ATMm1
2024-10-12_2024-11-11.json,7561,63,0,0,0,0,0,118,267,7498,2024-10-14,2024-11-11,nifty,month,call,ATMm1
2024-11-11_2024-12-11.json,7876,2,0,0,0,0,0,28,167,7874,2024-11-11,2024-12-11,nifty,month,call,ATMm1
2024-12-11_2025-01-10.json,8252,2,0,0,0,0,0,42,190,8250,2024-12-11,2025-01-10,nifty,month,call,ATMm1
2025-01-10_2025-02-09.json,8249,1,0,0,0,0,0,26,201,8248,2025-01-10,2025-02-07,nifty,month,call,ATMm1
2025-02-09_2025-03-11.json,7877,2,0,0,0,0,1,5,165,7875,2025-02-10,2025-03-11,nifty,month,call,ATMm1
2025-03-11_2025-04-10.json,7485,2,0,0,0,0,0,18,1683,7483,2025-03-11,2025-04-09,nifty,month,call,ATMm1
2025-04-10_2025-05-10.json,6751,1,0,0,0,0,6,22,567,6750,2025-04-11,2025-05-09,nifty,month,call,ATMm1
2025-05-10_2025-06-09.json,7876,1,0,0,0,0,0,68,482,7875,2025-05-12,2025-06-09,nifty,month,call,ATMm1
2025-06-09_2025-07-09.json,8625,0,0,0,0,0,1,10,556,8625,2025-06-09,2025-07-09,nifty,month,call,ATMm1
2025-07-09_2025-08-08.json,8623,0,0,0,0,0,0,21,385,8623,2025-07-09,2025-08-08,nifty,month,call,ATMm1
2025-08-08_2025-09-07.json,7125,0,0,0,0,0,0,37,239,7125,2025-08-08,2025-09-05,nifty,month,call,ATMm1
2025-09-07_2025-10-07.json,7875,0,0,0,0,0,0,18,231,7875,2025-09-08,2025-10-07,nifty,month,call,ATMm1
2025-10-07_2025-11-06.json,7605,0,0,0,0,0,0,25,287,7605,2025-10-07,2025-11-06,nifty,month,call,ATMm1
2025-11-06_2025-12-06.json,8250,0,0,0,0,0,0,61,300,8250,2025-11-06,2025-12-05,nifty,month,call,ATMm1
2025-12-06_2026-01-05.json,7500,0,0,0,0,0,0,24,155,7500,2025-12-08,2026-01-05,nifty,month,call,ATMm1
2026-01-05_2026-02-04.json,8250,0,0,0,0,0,0,18,191,8250,2026-01-05,2026-02-04,nifty,month,call,ATMm1
2026-02-04_2026-03-06.json,8250,0,0,0,0,0,0,28,391,8250,2026-02-04,2026-03-06,nifty,month,call,ATMm1
2026-03-06_2026-04-05.json,6745,0,0,0,0,0,0,24,471,6745,2026-03-06,2026-04-02,nifty,month,call,ATMm1
2026-04-05_2026-04-30.json,6749,0,0,0,0,0,0,34,313,6749,2026-04-06,2026-04-30,nifty,month,call,ATMm1
2021-05-01_2021-05-31.json,7429,0,0,0,0,0,0,862,4820,7429,2021-05-03,2021-05-31,nifty,month,call,ATMm10
2021-05-31_2021-06-30.json,8564,0,0,0,0,0,7,5960,5706,8564,2021-05-31,2021-06-30,nifty,month,call,ATMm10
2021-06-30_2021-07-30.json,8218,0,0,0,0,0,0,8097,6684,8218,2021-06-30,2021-07-30,nifty,month,call,ATMm10
2021-07-30_2021-08-29.json,7492,1,0,0,0,0,0,7424,4202,7491,2021-07-30,2021-08-27,nifty,month,call,ATMm10
2021-08-29_2021-09-28.json,7861,1,0,0,0,0,0,6916,4125,7860,2021-08-30,2021-09-28,nifty,month,call,ATMm10
2021-09-28_2021-10-28.json,8215,2,0,0,0,0,0,4645,3927,8213,2021-09-28,2021-10-28,nifty,month,call,ATMm10
2021-10-28_2021-11-27.json,7095,11,0,0,0,0,0,2178,4820,7084,2021-10-28,2021-11-26,nifty,month,call,ATMm10
2021-11-27_2021-12-27.json,7847,2,0,0,0,0,0,107,5241,7845,2021-11-29,2021-12-27,nifty,month,call,ATMm10
2021-12-27_2022-01-26.json,8211,1,0,0,0,0,0,507,4091,8210,2021-12-27,2022-01-25,nifty,month,call,ATMm10
2022-01-26_2022-02-25.json,8245,1,0,0,0,0,0,809,4654,8244,2022-01-27,2022-02-25,nifty,month,call,ATMm10
2022-02-25_2022-03-27.json,7116,0,0,0,0,0,0,0,4274,7116,2022-02-25,2022-03-25,nifty,month,call,ATMm10
2022-03-27_2022-04-26.json,7482,3,0,0,0,0,0,481,3749,7479,2022-03-28,2022-04-26,nifty,month,call,ATMm10
2022-04-26_2022-05-26.json,8210,1,0,0,0,0,0,2380,4942,8209,2022-04-26,2022-05-26,nifty,month,call,ATMm10
2022-05-26_2022-06-25.json,8208,0,0,0,0,0,0,548,5332,8208,2022-05-26,2022-06-24,nifty,month,call,ATMm10
2022-06-25_2022-07-25.json,7860,0,0,0,0,0,0,2883,3493,7860,2022-06-27,2022-07-25,nifty,month,call,ATMm10
2022-07-25_2022-08-24.json,7863,0,0,0,0,0,0,1888,3184,7863,2022-07-25,2022-08-24,nifty,month,call,ATMm10
2022-08-24_2022-09-23.json,8172,0,0,0,0,0,0,265,5026,8172,2022-08-24,2022-09-23,nifty,month,call,ATMm10
2022-09-23_2022-10-23.json,7490,0,0,0,0,0,0,1851,3696,7490,2022-09-23,2022-10-21,nifty,month,call,ATMm10
2022-10-23_2022-11-22.json,7161,57,0,0,0,0,0,472,4203,7104,2022-10-25,2022-11-22,nifty,month,call,ATMm10
2022-11-22_2022-12-22.json,8511,0,0,0,0,0,0,307,5817,8511,2022-11-22,2022-12-22,nifty,month,call,ATMm10
2022-12-22_2023-01-21.json,8197,0,0,0,0,0,0,957,5302,8197,2022-12-22,2023-01-20,nifty,month,call,ATMm10
2023-01-21_2023-02-20.json,7465,0,0,0,0,0,0,2252,5008,7465,2023-01-23,2023-02-20,nifty,month,call,ATMm10
2023-02-20_2023-03-22.json,8186,0,0,0,0,0,0,2221,5943,8186,2023-02-20,2023-03-22,nifty,month,call,ATMm10
2023-03-22_2023-04-21.json,7089,0,0,0,0,0,0,1156,3903,7089,2023-03-22,2023-04-21,nifty,month,call,ATMm10
2023-04-21_2023-05-21.json,7480,1,0,0,0,0,0,4537,4143,7479,2023-04-21,2023-05-19,nifty,month,call,ATMm10
2023-05-21_2023-06-20.json,8182,2,0,0,0,0,0,3034,5019,8180,2023-05-22,2023-06-20,nifty,month,call,ATMm10
2023-06-20_2023-07-20.json,8223,1,0,0,0,0,0,4782,4115,8222,2023-06-20,2023-07-20,nifty,month,call,ATMm10
2023-07-20_2023-08-19.json,7814,0,0,0,0,0,0,6477,4705,7814,2023-07-20,2023-08-18,nifty,month,call,ATMm10
2023-08-19_2023-09-18.json,7790,1,0,0,0,0,0,5363,4586,7789,2023-08-21,2023-09-18,nifty,month,call,ATMm10
2023-09-18_2023-10-18.json,7846,1,0,0,0,0,0,5560,4868,7845,2023-09-18,2023-10-18,nifty,month,call,ATMm10
2023-10-18_2023-11-17.json,7690,28,0,0,0,0,0,5206,5358,7662,2023-10-18,2023-11-17,nifty,month,call,ATMm10
2023-11-17_2023-12-17.json,7460,2,0,0,0,0,0,251,3173,7458,2023-11-17,2023-12-15,nifty,month,call,ATMm10
2023-12-17_2024-01-16.json,7829,1,0,0,0,0,0,449,4200,7828,2023-12-18,2024-01-16,nifty,month,call,ATMm10
2024-01-16_2024-02-15.json,8080,0,0,0,0,0,0,596,4651,8080,2024-01-16,2024-02-15,nifty,month,call,ATMm10
2024-02-15_2024-03-16.json,7956,3,0,0,0,0,3,752,4114,7953,2024-02-15,2024-03-15,nifty,month,call,ATMm10
2024-03-16_2024-04-15.json,6701,1,0,0,0,0,0,107,3835,6700,2024-03-18,2024-04-15,nifty,month,call,ATMm10
2024-04-15_2024-05-15.json,7855,0,0,0,0,0,0,1096,4203,7855,2024-04-15,2024-05-15,nifty,month,call,ATMm10
2024-05-15_2024-06-14.json,8613,2,0,0,0,0,0,1106,3558,8611,2024-05-15,2024-06-14,nifty,month,call,ATMm10
2024-06-14_2024-07-14.json,7477,0,0,0,0,0,0,1919,3430,7477,2024-06-14,2024-07-12,nifty,month,call,ATMm10
2024-07-14_2024-08-13.json,7845,3,0,0,0,0,0,1712,3664,7842,2024-07-15,2024-08-13,nifty,month,call,ATMm10
2024-08-13_2024-09-12.json,8218,0,0,0,0,0,1,1511,3962,8218,2024-08-13,2024-09-12,nifty,month,call,ATMm10
2024-09-12_2024-10-12.json,7835,0,0,0,0,0,0,877,3590,7835,2024-09-12,2024-10-11,nifty,month,call,ATMm10
2024-10-12_2024-11-11.json,7437,9,0,0,0,0,0,684,4290,7428,2024-10-14,2024-11-11,nifty,month,call,ATMm10
2024-11-11_2024-12-11.json,7830,0,0,0,0,0,0,338,3909,7830,2024-11-11,2024-12-11,nifty,month,call,ATMm10
2024-12-11_2025-01-10.json,8161,0,0,0,0,0,0,317,4604,8161,2024-12-11,2025-01-10,nifty,month,call,ATMm10
2025-01-10_2025-02-09.json,8190,0,0,0,0,0,0,334,4382,8190,2025-01-10,2025-02-07,nifty,month,call,ATMm10
2025-02-09_2025-03-11.json,7838,0,0,0,0,0,0,67,5346,7838,2025-02-10,2025-03-11,nifty,month,call,ATMm10
2025-03-11_2025-04-10.json,6643,0,0,0,0,0,0,335,3294,6643,2025-03-11,2025-04-09,nifty,month,call,ATMm10
2025-04-10_2025-05-10.json,6729,0,0,0,0,0,0,483,3561,6729,2025-04-11,2025-05-09,nifty,month,call,ATMm10
2025-05-10_2025-06-09.json,7850,0,0,0,0,0,0,250,3451,7850,2025-05-12,2025-06-09,nifty,month,call,ATMm10
2025-06-09_2025-07-09.json,8604,0,0,0,0,0,0,70,4404,8604,2025-06-09,2025-07-09,nifty,month,call,ATMm10
2025-07-09_2025-08-08.json,8561,0,0,0,0,0,1,2910,5767,8561,2025-07-09,2025-08-08,nifty,month,call,ATMm10
2025-08-08_2025-09-07.json,7103,0,0,0,0,0,0,1780,4367,7103,2025-08-08,2025-09-05,nifty,month,call,ATMm10
2025-09-07_2025-10-07.json,7849,0,0,0,0,0,0,455,4102,7849,2025-09-08,2025-10-07,nifty,month,call,ATMm10
2025-10-07_2025-11-06.json,7585,0,0,0,0,0,0,309,3630,7585,2025-10-07,2025-11-06,nifty,month,call,ATMm10
2025-11-06_2025-12-06.json,8218,0,0,0,0,0,0,1084,4103,8218,2025-11-06,2025-12-05,nifty,month,call,ATMm10
2025-12-06_2026-01-05.json,7453,0,0,0,0,0,0,2040,4785,7453,2025-12-08,2026-01-05,nifty,month,call,ATMm10
2026-01-05_2026-02-04.json,8237,0,0,0,0,0,0,654,4559,8237,2026-01-05,2026-02-04,nifty,month,call,ATMm10
2026-02-04_2026-03-06.json,8230,0,0,0,0,0,1,1370,4395,8230,2026-02-04,2026-03-06,nifty,month,call,ATMm10
2026-03-06_2026-04-05.json,6713,0,0,0,0,0,0,216,3564,6713,2026-03-06,2026-04-02,nifty,month,call,ATMm10
2026-04-05_2026-04-30.json,6703,0,0,0,0,0,0,646,2816,6703,2026-04-06,2026-04-30,nifty,month,call,ATMm10
2021-05-01_2021-05-31.json,7500,0,0,0,0,0,0,49,1610,7500,2021-05-03,2021-05-31,nifty,month,call,ATMm2
2021-05-31_2021-06-30.json,8625,0,0,0,0,0,0,32,1032,8625,2021-05-31,2021-06-30,nifty,month,call,ATMm2
2021-06-30_2021-07-30.json,8250,0,0,0,0,0,0,174,590,8250,2021-06-30,2021-07-30,nifty,month,call,ATMm2
2021-07-30_2021-08-29.json,7506,6,0,0,0,0,0,230,520,7500,2021-07-30,2021-08-27,nifty,month,call,ATMm2
2021-08-29_2021-09-28.json,7879,4,0,0,0,0,0,0,462,7875,2021-08-30,2021-09-28,nifty,month,call,ATMm2
2021-09-28_2021-10-28.json,8257,7,0,0,0,0,9,79,227,8250,2021-09-28,2021-10-28,nifty,month,call,ATMm2
2021-10-28_2021-11-27.json,7189,64,0,0,0,0,5,50,918,7125,2021-10-28,2021-11-26,nifty,month,call,ATMm2
2021-11-27_2021-12-27.json,7880,5,0,0,0,0,0,0,1149,7875,2021-11-29,2021-12-27,nifty,month,call,ATMm2
2021-12-27_2022-01-26.json,8258,8,0,0,0,0,0,117,554,8250,2021-12-27,2022-01-25,nifty,month,call,ATMm2
2022-01-26_2022-02-25.json,8259,9,0,0,0,0,2,70,758,8250,2022-01-27,2022-02-25,nifty,month,call,ATMm2
2022-02-25_2022-03-27.json,7130,7,0,0,0,0,0,0,1307,7123,2022-02-25,2022-03-25,nifty,month,call,ATMm2
2022-03-27_2022-04-26.json,7504,5,0,0,0,0,0,16,759,7499,2022-03-28,2022-04-26,nifty,month,call,ATMm2
2022-04-26_2022-05-26.json,8258,8,0,0,0,0,1,228,799,8250,2022-04-26,2022-05-26,nifty,month,call,ATMm2
2022-05-26_2022-06-25.json,8241,1,0,0,0,0,0,141,1369,8240,2022-05-26,2022-06-24,nifty,month,call,ATMm2
2022-06-25_2022-07-25.json,7875,0,0,0,0,0,2,135,749,7875,2022-06-27,2022-07-25,nifty,month,call,ATMm2
2022-07-25_2022-08-24.json,7875,0,0,0,0,0,0,89,400,7875,2022-07-25,2022-08-24,nifty,month,call,ATMm2
2022-08-24_2022-09-23.json,8250,0,0,0,0,0,0,11,974,8250,2022-08-24,2022-09-23,nifty,month,call,ATMm2
2022-09-23_2022-10-23.json,7500,0,0,0,0,0,0,59,597,7500,2022-09-23,2022-10-21,nifty,month,call,ATMm2
2022-10-23_2022-11-22.json,7185,60,0,0,0,0,0,26,931,7125,2022-10-25,2022-11-22,nifty,month,call,ATMm2
2022-11-22_2022-12-22.json,8622,0,0,0,0,0,0,218,1122,8622,2022-11-22,2022-12-22,nifty,month,call,ATMm2
2022-12-22_2023-01-21.json,8250,0,0,0,0,0,0,88,706,8250,2022-12-22,2023-01-20,nifty,month,call,ATMm2
2023-01-21_2023-02-20.json,7499,0,0,0,0,0,0,23,710,7499,2023-01-23,2023-02-20,nifty,month,call,ATMm2
2023-02-20_2023-03-22.json,8250,0,0,0,0,0,0,15,1018,8250,2023-02-20,2023-03-22,nifty,month,call,ATMm2
2023-03-22_2023-04-21.json,7125,0,0,0,0,0,0,48,322,7125,2023-03-22,2023-04-21,nifty,month,call,ATMm2
2023-04-21_2023-05-21.json,7504,4,0,0,0,0,0,26,309,7500,2023-04-21,2023-05-19,nifty,month,call,ATMm2
2023-05-21_2023-06-20.json,8255,6,0,0,0,0,0,40,546,8249,2023-05-22,2023-06-20,nifty,month,call,ATMm2
2023-06-20_2023-07-20.json,8259,9,0,0,0,0,0,167,246,8250,2023-06-20,2023-07-20,nifty,month,call,ATMm2
2023-07-20_2023-08-19.json,7881,11,0,0,0,0,0,68,630,7870,2023-07-20,2023-08-18,nifty,month,call,ATMm2
2023-08-19_2023-09-18.json,7884,9,0,0,0,0,0,606,299,7875,2023-08-21,2023-09-18,nifty,month,call,ATMm2
2023-09-18_2023-10-18.json,7885,10,0,0,0,0,0,323,327,7875,2023-09-18,2023-10-18,nifty,month,call,ATMm2
2023-10-18_2023-11-17.json,7939,64,0,0,0,0,0,266,729,7875,2023-10-18,2023-11-17,nifty,month,call,ATMm2
2023-11-17_2023-12-17.json,7510,11,0,0,0,0,0,49,268,7499,2023-11-17,2023-12-15,nifty,month,call,ATMm2
2023-12-17_2024-01-16.json,7884,10,0,0,0,0,0,28,564,7874,2023-12-18,2024-01-16,nifty,month,call,ATMm2
2024-01-16_2024-02-15.json,8256,8,0,0,0,0,0,75,383,8248,2024-01-16,2024-02-15,nifty,month,call,ATMm2
2024-02-15_2024-03-16.json,7989,10,0,0,0,0,0,28,405,7979,2024-02-15,2024-03-15,nifty,month,call,ATMm2
2024-03-16_2024-04-15.json,6755,5,0,0,0,0,0,4,460,6750,2024-03-18,2024-04-15,nifty,month,call,ATMm2
2024-04-15_2024-05-15.json,7876,1,0,0,0,0,0,2,660,7875,2024-04-15,2024-05-15,nifty,month,call,ATMm2
2024-05-15_2024-06-14.json,8630,6,0,0,0,0,0,27,686,8624,2024-05-15,2024-06-14,nifty,month,call,ATMm2
2024-06-14_2024-07-14.json,7502,2,0,0,0,0,0,32,581,7500,2024-06-14,2024-07-12,nifty,month,call,ATMm2
2024-07-14_2024-08-13.json,7874,7,0,0,0,0,0,81,960,7867,2024-07-15,2024-08-13,nifty,month,call,ATMm2
2024-08-13_2024-09-12.json,8255,7,0,0,0,0,0,18,936,8248,2024-08-13,2024-09-12,nifty,month,call,ATMm2
2024-09-12_2024-10-12.json,7875,6,0,0,0,0,2,4,974,7869,2024-09-12,2024-10-11,nifty,month,call,ATMm2
2024-10-12_2024-11-11.json,7556,56,0,0,0,0,0,183,738,7500,2024-10-14,2024-11-11,nifty,month,call,ATMm2
2024-11-11_2024-12-11.json,7874,2,0,0,0,0,0,31,600,7872,2024-11-11,2024-12-11,nifty,month,call,ATMm2
2024-12-11_2025-01-10.json,8249,1,0,0,0,0,0,81,740,8248,2024-12-11,2025-01-10,nifty,month,call,ATMm2
2025-01-10_2025-02-09.json,8248,0,0,0,0,0,0,31,579,8248,2025-01-10,2025-02-07,nifty,month,call,ATMm2
2025-02-09_2025-03-11.json,7875,2,0,0,0,0,1,6,794,7873,2025-02-10,2025-03-11,nifty,month,call,ATMm2
2025-03-11_2025-04-10.json,7495,2,0,0,0,0,0,21,2173,7493,2025-03-11,2025-04-09,nifty,month,call,ATMm2
2025-04-10_2025-05-10.json,6746,0,0,0,0,0,5,66,789,6746,2025-04-11,2025-05-09,nifty,month,call,ATMm2
2025-05-10_2025-06-09.json,7877,2,0,0,0,0,0,154,566,7875,2025-05-12,2025-06-09,nifty,month,call,ATMm2
2025-06-09_2025-07-09.json,8624,0,0,0,0,0,0,12,1335,8624,2025-06-09,2025-07-09,nifty,month,call,ATMm2
2025-07-09_2025-08-08.json,8625,0,0,0,0,0,1,40,1154,8625,2025-07-09,2025-08-08,nifty,month,call,ATMm2
2025-08-08_2025-09-07.json,7125,0,0,0,0,0,0,79,711,7125,2025-08-08,2025-09-05,nifty,month,call,ATMm2
2025-09-07_2025-10-07.json,7875,0,0,0,0,0,0,38,474,7875,2025-09-08,2025-10-07,nifty,month,call,ATMm2
2025-10-07_2025-11-06.json,7604,0,0,0,0,0,0,25,708,7604,2025-10-07,2025-11-06,nifty,month,call,ATMm2
2025-11-06_2025-12-06.json,8248,0,0,0,0,0,0,107,907,8248,2025-11-06,2025-12-05,nifty,month,call,ATMm2
2025-12-06_2026-01-05.json,7496,0,0,0,0,0,0,38,566,7496,2025-12-08,2026-01-05,nifty,month,call,ATMm2
2026-01-05_2026-02-04.json,8248,0,0,0,0,0,0,18,638,8248,2026-01-05,2026-02-04,nifty,month,call,ATMm2
2026-02-04_2026-03-06.json,8250,0,0,0,0,0,0,35,772,8250,2026-02-04,2026-03-06,nifty,month,call,ATMm2
2026-03-06_2026-04-05.json,6743,0,0,0,0,0,0,25,820,6743,2026-03-06,2026-04-02,nifty,month,call,ATMm2
2026-04-05_2026-04-30.json,6745,0,0,0,0,0,0,117,549,6745,2026-04-06,2026-04-30,nifty,month,call,ATMm2
2021-05-01_2021-05-31.json,7500,0,0,0,0,0,0,97,1606,7500,2021-05-03,2021-05-31,nifty,month,call,ATMm3
2021-05-31_2021-06-30.json,8625,0,0,0,0,0,0,165,1733,8625,2021-05-31,2021-06-30,nifty,month,call,ATMm3
2021-06-30_2021-07-30.json,8250,0,0,0,0,0,0,607,1630,8250,2021-06-30,2021-07-30,nifty,month,call,ATMm3
2021-07-30_2021-08-29.json,7503,3,0,0,0,0,0,490,682,7500,2021-07-30,2021-08-27,nifty,month,call,ATMm3
2021-08-29_2021-09-28.json,7881,6,0,0,0,0,0,0,727,7875,2021-08-30,2021-09-28,nifty,month,call,ATMm3
2021-09-28_2021-10-28.json,8257,7,0,0,0,0,3,171,873,8250,2021-09-28,2021-10-28,nifty,month,call,ATMm3
2021-10-28_2021-11-27.json,7170,45,0,0,0,0,3,100,866,7125,2021-10-28,2021-11-26,nifty,month,call,ATMm3
2021-11-27_2021-12-27.json,7876,3,0,0,0,0,0,0,1474,7873,2021-11-29,2021-12-27,nifty,month,call,ATMm3
2021-12-27_2022-01-26.json,8258,8,0,0,0,0,0,204,1013,8250,2021-12-27,2022-01-25,nifty,month,call,ATMm3
2022-01-26_2022-02-25.json,8253,4,0,0,0,0,1,95,1112,8249,2022-01-27,2022-02-25,nifty,month,call,ATMm3
2022-02-25_2022-03-27.json,7128,6,0,0,0,0,0,0,1553,7122,2022-02-25,2022-03-25,nifty,month,call,ATMm3
2022-03-27_2022-04-26.json,7507,7,0,0,0,0,0,18,1441,7500,2022-03-28,2022-04-26,nifty,month,call,ATMm3
2022-04-26_2022-05-26.json,8255,7,0,0,0,0,0,381,1078,8248,2022-04-26,2022-05-26,nifty,month,call,ATMm3
2022-05-26_2022-06-25.json,8248,0,0,0,0,0,0,218,2036,8248,2022-05-26,2022-06-24,nifty,month,call,ATMm3
2022-06-25_2022-07-25.json,7871,0,0,0,0,0,1,200,1150,7871,2022-06-27,2022-07-25,nifty,month,call,ATMm3
2022-07-25_2022-08-24.json,7875,0,0,0,0,0,0,176,809,7875,2022-07-25,2022-08-24,nifty,month,call,ATMm3
2022-08-24_2022-09-23.json,8249,0,0,0,0,0,1,18,1279,8249,2022-08-24,2022-09-23,nifty,month,call,ATMm3
2022-09-23_2022-10-23.json,7492,0,0,0,0,0,0,105,1094,7492,2022-09-23,2022-10-21,nifty,month,call,ATMm3
2022-10-23_2022-11-22.json,7185,60,0,0,0,0,0,28,1049,7125,2022-10-25,2022-11-22,nifty,month,call,ATMm3
2022-11-22_2022-12-22.json,8623,0,0,0,0,0,1,275,1544,8623,2022-11-22,2022-12-22,nifty,month,call,ATMm3
2022-12-22_2023-01-21.json,8246,0,0,0,0,0,0,156,1392,8246,2022-12-22,2023-01-20,nifty,month,call,ATMm3
2023-01-21_2023-02-20.json,7500,0,0,0,0,0,0,24,730,7500,2023-01-23,2023-02-20,nifty,month,call,ATMm3
2023-02-20_2023-03-22.json,8245,0,0,0,0,0,0,18,1418,8245,2023-02-20,2023-03-22,nifty,month,call,ATMm3
2023-03-22_2023-04-21.json,7125,0,0,0,0,0,0,70,388,7125,2023-03-22,2023-04-21,nifty,month,call,ATMm3
2023-04-21_2023-05-21.json,7502,3,0,0,0,0,0,51,495,7499,2023-04-21,2023-05-19,nifty,month,call,ATMm3
2023-05-21_2023-06-20.json,8257,9,0,0,0,0,1,75,1426,8248,2023-05-22,2023-06-20,nifty,month,call,ATMm3
2023-06-20_2023-07-20.json,8252,5,0,0,0,0,0,350,563,8247,2023-06-20,2023-07-20,nifty,month,call,ATMm3
2023-07-20_2023-08-19.json,7875,2,0,0,0,0,0,138,1256,7873,2023-07-20,2023-08-18,nifty,month,call,ATMm3
2023-08-19_2023-09-18.json,7881,6,0,0,0,0,2,1376,519,7875,2023-08-21,2023-09-18,nifty,month,call,ATMm3
2023-09-18_2023-10-18.json,7879,5,0,0,0,0,2,416,663,7874,2023-09-18,2023-10-18,nifty,month,call,ATMm3
2023-10-18_2023-11-17.json,7938,64,0,0,0,0,0,629,873,7874,2023-10-18,2023-11-17,nifty,month,call,ATMm3
2023-11-17_2023-12-17.json,7509,9,0,0,0,0,0,84,782,7500,2023-11-17,2023-12-15,nifty,month,call,ATMm3
2023-12-17_2024-01-16.json,7881,8,0,0,0,0,0,28,784,7873,2023-12-18,2024-01-16,nifty,month,call,ATMm3
2024-01-16_2024-02-15.json,8255,9,0,0,0,0,0,81,956,8246,2024-01-16,2024-02-15,nifty,month,call,ATMm3
2024-02-15_2024-03-16.json,7980,4,0,0,0,0,0,41,1147,7976,2024-02-15,2024-03-15,nifty,month,call,ATMm3
2024-03-16_2024-04-15.json,6753,3,0,0,0,0,1,8,900,6750,2024-03-18,2024-04-15,nifty,month,call,ATMm3
2024-04-15_2024-05-15.json,7874,1,0,0,0,0,0,8,995,7873,2024-04-15,2024-05-15,nifty,month,call,ATMm3
2024-05-15_2024-06-14.json,8629,4,0,0,0,0,0,33,984,8625,2024-05-15,2024-06-14,nifty,month,call,ATMm3
2024-06-14_2024-07-14.json,7500,1,0,0,0,0,0,38,779,7499,2024-06-14,2024-07-12,nifty,month,call,ATMm3
2024-07-14_2024-08-13.json,7873,6,0,0,0,0,0,168,1159,7867,2024-07-15,2024-08-13,nifty,month,call,ATMm3
2024-08-13_2024-09-12.json,8248,4,0,0,0,0,0,57,1068,8244,2024-08-13,2024-09-12,nifty,month,call,ATMm3
2024-09-12_2024-10-12.json,7874,4,0,0,0,0,0,18,1431,7870,2024-09-12,2024-10-11,nifty,month,call,ATMm3
2024-10-12_2024-11-11.json,7556,57,0,0,0,0,0,202,953,7499,2024-10-14,2024-11-11,nifty,month,call,ATMm3
2024-11-11_2024-12-11.json,7872,1,0,0,0,0,0,40,772,7871,2024-11-11,2024-12-11,nifty,month,call,ATMm3
2024-12-11_2025-01-10.json,8253,3,0,0,0,0,0,159,873,8250,2024-12-11,2025-01-10,nifty,month,call,ATMm3
2025-01-10_2025-02-09.json,8242,1,0,0,0,0,0,34,1035,8241,2025-01-10,2025-02-07,nifty,month,call,ATMm3
2025-02-09_2025-03-11.json,7872,2,0,0,0,0,0,9,940,7870,2025-02-10,2025-03-11,nifty,month,call,ATMm3
2025-03-11_2025-04-10.json,7444,1,0,0,0,0,0,19,2465,7443,2025-03-11,2025-04-09,nifty,month,call,ATMm3
2025-04-10_2025-05-10.json,6746,0,0,0,0,0,6,181,1481,6746,2025-04-11,2025-05-09,nifty,month,call,ATMm3
2025-05-10_2025-06-09.json,7876,1,0,0,0,0,0,206,1325,7875,2025-05-12,2025-06-09,nifty,month,call,ATMm3
2025-06-09_2025-07-09.json,8623,0,0,0,0,0,0,16,1494,8623,2025-06-09,2025-07-09,nifty,month,call,ATMm3
2025-07-09_2025-08-08.json,8624,0,0,0,0,0,0,77,1467,8624,2025-07-09,2025-08-08,nifty,month,call,ATMm3
2025-08-08_2025-09-07.json,7122,0,0,0,0,0,0,154,931,7122,2025-08-08,2025-09-05,nifty,month,call,ATMm3
2025-09-07_2025-10-07.json,7874,0,0,0,0,0,0,44,983,7874,2025-09-08,2025-10-07,nifty,month,call,ATMm3
2025-10-07_2025-11-06.json,7604,0,0,0,0,0,0,32,1092,7604,2025-10-07,2025-11-06,nifty,month,call,ATMm3
2025-11-06_2025-12-06.json,8248,0,0,0,0,0,0,176,1197,8248,2025-11-06,2025-12-05,nifty,month,call,ATMm3
2025-12-06_2026-01-05.json,7500,0,0,0,0,0,0,133,833,7500,2025-12-08,2026-01-05,nifty,month,call,ATMm3
2026-01-05_2026-02-04.json,8249,0,0,0,0,0,0,18,1013,8249,2026-01-05,2026-02-04,nifty,month,call,ATMm3
2026-02-04_2026-03-06.json,8244,0,0,0,0,0,0,54,1074,8244,2026-02-04,2026-03-06,nifty,month,call,ATMm3
2026-03-06_2026-04-05.json,6667,0,0,0,0,0,0,24,1045,6667,2026-03-06,2026-04-02,nifty,month,call,ATMm3
2026-04-05_2026-04-30.json,6746,0,0,0,0,0,0,214,895,6746,2026-04-06,2026-04-30,nifty,month,call,ATMm3
2021-05-01_2021-05-31.json,7498,0,0,0,0,0,0,116,2364,7498,2021-05-03,2021-05-31,nifty,month,call,ATMm4
2021-05-31_2021-06-30.json,8625,0,0,0,0,0,0,333,2148,8625,2021-05-31,2021-06-30,nifty,month,call,ATMm4
2021-06-30_2021-07-30.json,8250,0,0,0,0,0,1,1465,1818,8250,2021-06-30,2021-07-30,nifty,month,call,ATMm4
2021-07-30_2021-08-29.json,7502,2,0,0,0,0,1,2076,1401,7500,2021-07-30,2021-08-27,nifty,month,call,ATMm4
2021-08-29_2021-09-28.json,7878,3,0,0,0,0,0,236,1249,7875,2021-08-30,2021-09-28,nifty,month,call,ATMm4
2021-09-28_2021-10-28.json,8253,3,0,0,0,0,1,288,711,8250,2021-09-28,2021-10-28,nifty,month,call,ATMm4
2021-10-28_2021-11-27.json,7156,38,0,0,0,0,0,177,1725,7118,2021-10-28,2021-11-26,nifty,month,call,ATMm4
2021-11-27_2021-12-27.json,7878,4,0,0,0,0,0,0,2037,7874,2021-11-29,2021-12-27,nifty,month,call,ATMm4
2021-12-27_2022-01-26.json,8256,6,0,0,0,0,0,269,1233,8250,2021-12-27,2022-01-25,nifty,month,call,ATMm4
2022-01-26_2022-02-25.json,8252,2,0,0,0,0,0,187,1527,8250,2022-01-27,2022-02-25,nifty,month,call,ATMm4
2022-02-25_2022-03-27.json,7126,2,0,0,0,0,0,0,2255,7124,2022-02-25,2022-03-25,nifty,month,call,ATMm4
2022-03-27_2022-04-26.json,7498,5,0,0,0,0,0,28,1461,7493,2022-03-28,2022-04-26,nifty,month,call,ATMm4
2022-04-26_2022-05-26.json,8249,5,0,0,0,0,1,472,1719,8244,2022-04-26,2022-05-26,nifty,month,call,ATMm4
2022-05-26_2022-06-25.json,8235,1,0,0,0,0,1,262,2693,8234,2022-05-26,2022-06-24,nifty,month,call,ATMm4
2022-06-25_2022-07-25.json,7872,0,0,0,0,0,0,328,1276,7872,2022-06-27,2022-07-25,nifty,month,call,ATMm4
2022-07-25_2022-08-24.json,7875,0,0,0,0,0,0,223,897,7875,2022-07-25,2022-08-24,nifty,month,call,ATMm4
2022-08-24_2022-09-23.json,8247,0,0,0,0,0,0,24,2118,8247,2022-08-24,2022-09-23,nifty,month,call,ATMm4
2022-09-23_2022-10-23.json,7499,0,0,0,0,0,0,165,1245,7499,2022-09-23,2022-10-21,nifty,month,call,ATMm4
2022-10-23_2022-11-22.json,7185,60,0,0,0,0,0,76,1634,7125,2022-10-25,2022-11-22,nifty,month,call,ATMm4
2022-11-22_2022-12-22.json,8610,0,0,0,0,0,0,291,2371,8610,2022-11-22,2022-12-22,nifty,month,call,ATMm4
2022-12-22_2023-01-21.json,8248,0,0,0,0,0,0,200,1450,8248,2022-12-22,2023-01-20,nifty,month,call,ATMm4
2023-01-21_2023-02-20.json,7496,0,0,0,0,0,0,25,1679,7496,2023-01-23,2023-02-20,nifty,month,call,ATMm4
2023-02-20_2023-03-22.json,8248,0,0,0,0,0,0,34,2143,8248,2023-02-20,2023-03-22,nifty,month,call,ATMm4
2023-03-22_2023-04-21.json,7125,0,0,0,0,0,0,93,930,7125,2023-03-22,2023-04-21,nifty,month,call,ATMm4
2023-04-21_2023-05-21.json,7498,1,0,0,0,0,0,103,1015,7497,2023-04-21,2023-05-19,nifty,month,call,ATMm4
2023-05-21_2023-06-20.json,8245,5,0,0,0,0,0,98,1677,8240,2023-05-22,2023-06-20,nifty,month,call,ATMm4
2023-06-20_2023-07-20.json,8251,4,0,0,0,0,1,486,979,8247,2023-06-20,2023-07-20,nifty,month,call,ATMm4
2023-07-20_2023-08-19.json,7869,5,0,0,0,0,0,400,1724,7864,2023-07-20,2023-08-18,nifty,month,call,ATMm4
2023-08-19_2023-09-18.json,7879,6,0,0,0,0,0,2365,850,7873,2023-08-21,2023-09-18,nifty,month,call,ATMm4
2023-09-18_2023-10-18.json,7882,7,0,0,0,0,0,585,1117,7875,2023-09-18,2023-10-18,nifty,month,call,ATMm4
2023-10-18_2023-11-17.json,7928,61,0,0,0,0,0,1396,1795,7867,2023-10-18,2023-11-17,nifty,month,call,ATMm4
2023-11-17_2023-12-17.json,7506,6,0,0,0,0,0,101,798,7500,2023-11-17,2023-12-15,nifty,month,call,ATMm4
2023-12-17_2024-01-16.json,7878,6,0,0,0,0,0,29,1336,7872,2023-12-18,2024-01-16,nifty,month,call,ATMm4
2024-01-16_2024-02-15.json,8251,7,0,0,0,0,0,101,1205,8244,2024-01-16,2024-02-15,nifty,month,call,ATMm4
2024-02-15_2024-03-16.json,7986,7,0,0,0,0,0,80,1105,7979,2024-02-15,2024-03-15,nifty,month,call,ATMm4
2024-03-16_2024-04-15.json,6737,3,0,0,0,0,1,14,1296,6734,2024-03-18,2024-04-15,nifty,month,call,ATMm4
2024-04-15_2024-05-15.json,7873,0,0,0,0,0,0,17,1536,7873,2024-04-15,2024-05-15,nifty,month,call,ATMm4
2024-05-15_2024-06-14.json,8625,5,0,0,0,0,0,114,1351,8620,2024-05-15,2024-06-14,nifty,month,call,ATMm4
2024-06-14_2024-07-14.json,7500,2,0,0,0,0,0,66,1200,7498,2024-06-14,2024-07-12,nifty,month,call,ATMm4
2024-07-14_2024-08-13.json,7869,6,0,0,0,0,0,279,1715,7863,2024-07-15,2024-08-13,nifty,month,call,ATMm4
2024-08-13_2024-09-12.json,8251,2,0,0,0,0,0,104,1712,8249,2024-08-13,2024-09-12,nifty,month,call,ATMm4
2024-09-12_2024-10-12.json,7873,8,0,0,0,0,0,38,1568,7865,2024-09-12,2024-10-11,nifty,month,call,ATMm4
2024-10-12_2024-11-11.json,7540,40,0,0,0,0,0,212,1543,7500,2024-10-14,2024-11-11,nifty,month,call,ATMm4
2024-11-11_2024-12-11.json,7871,2,0,0,0,0,0,50,1479,7869,2024-11-11,2024-12-11,nifty,month,call,ATMm4
2024-12-11_2025-01-10.json,8241,1,0,0,0,0,0,218,1672,8240,2024-12-11,2025-01-10,nifty,month,call,ATMm4
2025-01-10_2025-02-09.json,8245,0,0,0,0,0,0,40,1431,8245,2025-01-10,2025-02-07,nifty,month,call,ATMm4
2025-02-09_2025-03-11.json,7863,0,0,0,0,0,0,13,1842,7863,2025-02-10,2025-03-11,nifty,month,call,ATMm4
2025-03-11_2025-04-10.json,7462,0,0,0,0,0,0,25,2785,7462,2025-03-11,2025-04-09,nifty,month,call,ATMm4
2025-04-10_2025-05-10.json,6748,0,0,0,0,0,0,264,1517,6748,2025-04-11,2025-05-09,nifty,month,call,ATMm4
2025-05-10_2025-06-09.json,7874,1,0,0,0,0,0,231,1233,7873,2025-05-12,2025-06-09,nifty,month,call,ATMm4
2025-06-09_2025-07-09.json,8621,0,0,0,0,0,0,16,2099,8621,2025-06-09,2025-07-09,nifty,month,call,ATMm4
2025-07-09_2025-08-08.json,8614,0,0,0,0,0,0,139,2301,8614,2025-07-09,2025-08-08,nifty,month,call,ATMm4
2025-08-08_2025-09-07.json,7122,0,0,0,0,0,0,318,1665,7122,2025-08-08,2025-09-05,nifty,month,call,ATMm4
2025-09-07_2025-10-07.json,7870,0,0,0,0,0,0,46,1162,7870,2025-09-08,2025-10-07,nifty,month,call,ATMm4
2025-10-07_2025-11-06.json,7604,0,0,0,0,0,0,37,1478,7604,2025-10-07,2025-11-06,nifty,month,call,ATMm4
2025-11-06_2025-12-06.json,8248,0,0,0,0,0,0,215,1717,8248,2025-11-06,2025-12-05,nifty,month,call,ATMm4
2025-12-06_2026-01-05.json,7485,0,0,0,0,0,0,399,1473,7485,2025-12-08,2026-01-05,nifty,month,call,ATMm4
2026-01-05_2026-02-04.json,8247,0,0,0,0,0,0,18,1584,8247,2026-01-05,2026-02-04,nifty,month,call,ATMm4
2026-02-04_2026-03-06.json,8244,0,0,0,0,0,0,73,1877,8244,2026-02-04,2026-03-06,nifty,month,call,ATMm4
2026-03-06_2026-04-05.json,6660,0,0,0,0,0,0,27,1329,6660,2026-03-06,2026-04-02,nifty,month,call,ATMm4
2026-04-05_2026-04-30.json,6744,0,0,0,0,0,0,272,983,6744,2026-04-06,2026-04-30,nifty,month,call,ATMm4
2021-05-01_2021-05-31.json,7498,0,0,0,0,0,0,160,2492,7498,2021-05-03,2021-05-31,nifty,month,call,ATMm5
2021-05-31_2021-06-30.json,8620,0,0,0,0,0,1,464,2998,8620,2021-05-31,2021-06-30,nifty,month,call,ATMm5
2021-06-30_2021-07-30.json,8248,0,0,0,0,0,0,3183,2891,8248,2021-06-30,2021-07-30,nifty,month,call,ATMm5
2021-07-30_2021-08-29.json,7502,2,0,0,0,0,0,5012,1357,7500,2021-07-30,2021-08-27,nifty,month,call,ATMm5
2021-08-29_2021-09-28.json,7877,3,0,0,0,0,0,2143,1532,7874,2021-08-30,2021-09-28,nifty,month,call,ATMm5
2021-09-28_2021-10-28.json,8249,0,0,0,0,0,0,347,1885,8249,2021-09-28,2021-10-28,nifty,month,call,ATMm5
2021-10-28_2021-11-27.json,7163,40,0,0,0,0,0,308,1729,7123,2021-10-28,2021-11-26,nifty,month,call,ATMm5
2021-11-27_2021-12-27.json,7875,2,0,0,0,0,0,0,2380,7873,2021-11-29,2021-12-27,nifty,month,call,ATMm5
2021-12-27_2022-01-26.json,8256,6,0,0,0,0,0,296,1953,8250,2021-12-27,2022-01-25,nifty,month,call,ATMm5
2022-01-26_2022-02-25.json,8247,2,0,0,0,0,0,296,1974,8245,2022-01-27,2022-02-25,nifty,month,call,ATMm5
2022-02-25_2022-03-27.json,7126,3,0,0,0,0,0,0,2376,7123,2022-02-25,2022-03-25,nifty,month,call,ATMm5
2022-03-27_2022-04-26.json,7492,5,0,0,0,0,0,47,2048,7487,2022-03-28,2022-04-26,nifty,month,call,ATMm5
2022-04-26_2022-05-26.json,8247,2,0,0,0,0,0,628,1849,8245,2022-04-26,2022-05-26,nifty,month,call,ATMm5
2022-05-26_2022-06-25.json,8236,0,0,0,0,0,0,317,2817,8236,2022-05-26,2022-06-24,nifty,month,call,ATMm5
2022-06-25_2022-07-25.json,7870,0,0,0,0,0,0,516,1919,7870,2022-06-27,2022-07-25,nifty,month,call,ATMm5
2022-07-25_2022-08-24.json,7870,0,0,0,0,0,0,253,1564,7870,2022-07-25,2022-08-24,nifty,month,call,ATMm5
2022-08-24_2022-09-23.json,8239,0,0,0,0,0,0,34,1986,8239,2022-08-24,2022-09-23,nifty,month,call,ATMm5
2022-09-23_2022-10-23.json,7495,0,0,0,0,0,0,531,1639,7495,2022-09-23,2022-10-21,nifty,month,call,ATMm5
2022-10-23_2022-11-22.json,7184,60,0,0,0,0,0,178,1652,7124,2022-10-25,2022-11-22,nifty,month,call,ATMm5
2022-11-22_2022-12-22.json,8618,0,0,0,0,0,0,288,3029,8618,2022-11-22,2022-12-22,nifty,month,call,ATMm5
2022-12-22_2023-01-21.json,8238,0,0,0,0,0,0,225,2382,8238,2022-12-22,2023-01-20,nifty,month,call,ATMm5
2023-01-21_2023-02-20.json,7497,0,0,0,0,0,0,63,1624,7497,2023-01-23,2023-02-20,nifty,month,call,ATMm5
2023-02-20_2023-03-22.json,8241,0,0,0,0,0,0,55,2399,8241,2023-02-20,2023-03-22,nifty,month,call,ATMm5
2023-03-22_2023-04-21.json,7123,0,0,0,0,0,0,103,1151,7123,2023-03-22,2023-04-21,nifty,month,call,ATMm5
2023-04-21_2023-05-21.json,7495,1,0,0,0,0,0,172,1287,7494,2023-04-21,2023-05-19,nifty,month,call,ATMm5
2023-05-21_2023-06-20.json,8248,3,0,0,0,0,0,128,2316,8245,2023-05-22,2023-06-20,nifty,month,call,ATMm5
2023-06-20_2023-07-20.json,8250,3,0,0,0,0,0,662,1403,8247,2023-06-20,2023-07-20,nifty,month,call,ATMm5
2023-07-20_2023-08-19.json,7856,1,0,0,0,0,0,1164,2423,7855,2023-07-20,2023-08-18,nifty,month,call,ATMm5
2023-08-19_2023-09-18.json,7870,1,0,0,0,0,0,2881,1462,7869,2023-08-21,2023-09-18,nifty,month,call,ATMm5
2023-09-18_2023-10-18.json,7877,5,0,0,0,0,0,1265,1674,7872,2023-09-18,2023-10-18,nifty,month,call,ATMm5
2023-10-18_2023-11-17.json,7935,61,0,0,0,0,1,1671,1642,7874,2023-10-18,2023-11-17,nifty,month,call,ATMm5
2023-11-17_2023-12-17.json,7498,6,0,0,0,0,0,110,1678,7492,2023-11-17,2023-12-15,nifty,month,call,ATMm5
2023-12-17_2024-01-16.json,7871,5,0,0,0,0,0,26,1466,7866,2023-12-18,2024-01-16,nifty,month,call,ATMm5
2024-01-16_2024-02-15.json,8244,6,0,0,0,0,0,160,1778,8238,2024-01-16,2024-02-15,nifty,month,call,ATMm5
2024-02-15_2024-03-16.json,7976,3,0,0,0,0,0,262,1815,7973,2024-02-15,2024-03-15,nifty,month,call,ATMm5
2024-03-16_2024-04-15.json,6751,2,0,0,0,0,2,21,1576,6749,2024-03-18,2024-04-15,nifty,month,call,ATMm5
2024-04-15_2024-05-15.json,7871,0,0,0,0,0,0,40,1842,7871,2024-04-15,2024-05-15,nifty,month,call,ATMm5
2024-05-15_2024-06-14.json,8626,3,0,0,0,0,1,191,1633,8623,2024-05-15,2024-06-14,nifty,month,call,ATMm5
2024-06-14_2024-07-14.json,7498,1,0,0,0,0,0,113,1289,7497,2024-06-14,2024-07-12,nifty,month,call,ATMm5
2024-07-14_2024-08-13.json,7868,4,0,0,0,0,0,479,1767,7864,2024-07-15,2024-08-13,nifty,month,call,ATMm5
2024-08-13_2024-09-12.json,8236,3,0,0,0,0,0,135,1852,8233,2024-08-13,2024-09-12,nifty,month,call,ATMm5
2024-09-12_2024-10-12.json,7871,3,0,0,0,0,0,75,2001,7868,2024-09-12,2024-10-11,nifty,month,call,ATMm5
2024-10-12_2024-11-11.json,7532,36,0,0,0,0,2,219,1767,7496,2024-10-14,2024-11-11,nifty,month,call,ATMm5
2024-11-11_2024-12-11.json,7875,1,0,0,0,0,0,94,1484,7874,2024-11-11,2024-12-11,nifty,month,call,ATMm5
2024-12-11_2025-01-10.json,8239,1,0,0,0,0,0,247,1613,8238,2024-12-11,2025-01-10,nifty,month,call,ATMm5
2025-01-10_2025-02-09.json,8222,0,0,0,0,0,0,45,1781,8222,2025-01-10,2025-02-07,nifty,month,call,ATMm5
2025-02-09_2025-03-11.json,7872,1,0,0,0,0,0,22,1925,7871,2025-02-10,2025-03-11,nifty,month,call,ATMm5
2025-03-11_2025-04-10.json,7459,1,0,0,0,0,0,30,2955,7458,2025-03-11,2025-04-09,nifty,month,call,ATMm5
2025-04-10_2025-05-10.json,6746,0,0,0,0,0,1,317,2221,6746,2025-04-11,2025-05-09,nifty,month,call,ATMm5
2025-05-10_2025-06-09.json,7873,0,0,0,0,0,0,244,1965,7873,2025-05-12,2025-06-09,nifty,month,call,ATMm5
2025-06-09_2025-07-09.json,8621,0,0,0,0,0,0,19,2215,8621,2025-06-09,2025-07-09,nifty,month,call,ATMm5
2025-07-09_2025-08-08.json,8608,0,0,0,0,0,0,192,2618,8608,2025-07-09,2025-08-08,nifty,month,call,ATMm5
2025-08-08_2025-09-07.json,7116,0,0,0,0,0,0,428,1709,7116,2025-08-08,2025-09-05,nifty,month,call,ATMm5
2025-09-07_2025-10-07.json,7870,0,0,0,0,0,0,51,1990,7870,2025-09-08,2025-10-07,nifty,month,call,ATMm5
2025-10-07_2025-11-06.json,7596,0,0,0,0,0,0,40,1823,7596,2025-10-07,2025-11-06,nifty,month,call,ATMm5
2025-11-06_2025-12-06.json,8241,0,0,0,0,0,0,258,1948,8241,2025-11-06,2025-12-05,nifty,month,call,ATMm5
2025-12-06_2026-01-05.json,7494,0,0,0,0,0,0,579,1928,7494,2025-12-08,2026-01-05,nifty,month,call,ATMm5
2026-01-05_2026-02-04.json,8245,0,0,0,0,0,0,19,1944,8245,2026-01-05,2026-02-04,nifty,month,call,ATMm5
2026-02-04_2026-03-06.json,8234,0,0,0,0,0,0,110,1804,8234,2026-02-04,2026-03-06,nifty,month,call,ATMm5
2026-03-06_2026-04-05.json,6739,0,0,0,0,0,0,46,1646,6739,2026-03-06,2026-04-02,nifty,month,call,ATMm5
2026-04-05_2026-04-30.json,6709,0,0,0,0,0,0,305,1529,6709,2026-04-06,2026-04-30,nifty,month,call,ATMm5
2021-05-01_2021-05-31.json,7490,0,0,0,0,0,0,194,3132,7490,2021-05-03,2021-05-31,nifty,month,call,ATMm6
2021-05-31_2021-06-30.json,8612,0,0,0,0,0,0,779,3400,8612,2021-05-31,2021-06-30,nifty,month,call,ATMm6
2021-06-30_2021-07-30.json,8231,0,0,0,0,0,2,5101,3485,8231,2021-06-30,2021-07-30,nifty,month,call,ATMm6
2021-07-30_2021-08-29.json,7499,1,0,0,0,0,0,6601,2424,7498,2021-07-30,2021-08-27,nifty,month,call,ATMm6
2021-08-29_2021-09-28.json,7874,0,0,0,0,0,0,3790,2069,7874,2021-08-30,2021-09-28,nifty,month,call,ATMm6
2021-09-28_2021-10-28.json,8247,2,0,0,0,0,0,383,1778,8245,2021-09-28,2021-10-28,nifty,month,call,ATMm6
2021-10-28_2021-11-27.json,7135,27,0,0,0,0,0,385,2751,7108,2021-10-28,2021-11-26,nifty,month,call,ATMm6
2021-11-27_2021-12-27.json,7874,3,0,0,0,0,0,0,2972,7871,2021-11-29,2021-12-27,nifty,month,call,ATMm6
2021-12-27_2022-01-26.json,8251,2,0,0,0,0,0,324,2175,8249,2021-12-27,2022-01-25,nifty,month,call,ATMm6
2022-01-26_2022-02-25.json,8254,4,0,0,0,0,0,364,2463,8250,2022-01-27,2022-02-25,nifty,month,call,ATMm6
2022-02-25_2022-03-27.json,7125,4,0,0,0,0,0,0,3011,7121,2022-02-25,2022-03-25,nifty,month,call,ATMm6
2022-03-27_2022-04-26.json,7503,3,0,0,0,0,0,65,2287,7500,2022-03-28,2022-04-26,nifty,month,call,ATMm6
2022-04-26_2022-05-26.json,8243,4,0,0,0,0,0,806,2544,8239,2022-04-26,2022-05-26,nifty,month,call,ATMm6
2022-05-26_2022-06-25.json,8230,0,0,0,0,0,0,334,3359,8230,2022-05-26,2022-06-24,nifty,month,call,ATMm6
2022-06-25_2022-07-25.json,7864,0,0,0,0,0,0,788,1920,7864,2022-06-27,2022-07-25,nifty,month,call,ATMm6
2022-07-25_2022-08-24.json,7872,0,0,0,0,0,2,346,1386,7872,2022-07-25,2022-08-24,nifty,month,call,ATMm6
2022-08-24_2022-09-23.json,8239,0,0,0,0,0,0,55,3236,8239,2022-08-24,2022-09-23,nifty,month,call,ATMm6
2022-09-23_2022-10-23.json,7500,0,0,0,0,0,0,935,1816,7500,2022-09-23,2022-10-21,nifty,month,call,ATMm6
2022-10-23_2022-11-22.json,7182,60,0,0,0,0,0,281,2276,7122,2022-10-25,2022-11-22,nifty,month,call,ATMm6
2022-11-22_2022-12-22.json,8597,0,0,0,0,0,0,301,3612,8597,2022-11-22,2022-12-22,nifty,month,call,ATMm6
2022-12-22_2023-01-21.json,8243,0,0,0,0,0,0,259,2770,8243,2022-12-22,2023-01-20,nifty,month,call,ATMm6
2023-01-21_2023-02-20.json,7494,0,0,0,0,0,0,190,2677,7494,2023-01-23,2023-02-20,nifty,month,call,ATMm6
2023-02-20_2023-03-22.json,8226,0,0,0,0,0,0,186,3395,8226,2023-02-20,2023-03-22,nifty,month,call,ATMm6
2023-03-22_2023-04-21.json,7122,0,0,0,0,0,0,109,1842,7122,2023-03-22,2023-04-21,nifty,month,call,ATMm6
2023-04-21_2023-05-21.json,7492,2,0,0,0,0,0,328,1966,7490,2023-04-21,2023-05-19,nifty,month,call,ATMm6
2023-05-21_2023-06-20.json,8240,2,0,0,0,0,0,173,2726,8238,2023-05-22,2023-06-20,nifty,month,call,ATMm6
2023-06-20_2023-07-20.json,8244,1,0,0,0,0,0,977,2122,8243,2023-06-20,2023-07-20,nifty,month,call,ATMm6
2023-07-20_2023-08-19.json,7843,2,0,0,0,0,0,2757,2908,7841,2023-07-20,2023-08-18,nifty,month,call,ATMm6
2023-08-19_2023-09-18.json,7871,3,0,0,0,0,0,3194,1886,7868,2023-08-21,2023-09-18,nifty,month,call,ATMm6
2023-09-18_2023-10-18.json,7872,1,0,0,0,0,0,2434,2315,7871,2023-09-18,2023-10-18,nifty,month,call,ATMm6
2023-10-18_2023-11-17.json,7890,54,0,0,0,0,0,1934,3054,7836,2023-10-18,2023-11-17,nifty,month,call,ATMm6
2023-11-17_2023-12-17.json,7495,7,0,0,0,0,0,141,1398,7488,2023-11-17,2023-12-15,nifty,month,call,ATMm6
2023-12-17_2024-01-16.json,7874,6,0,0,0,0,0,28,2367,7868,2023-12-18,2024-01-16,nifty,month,call,ATMm6
2024-01-16_2024-02-15.json,8217,5,0,0,0,0,0,181,2325,8212,2024-01-16,2024-02-15,nifty,month,call,ATMm6
2024-02-15_2024-03-16.json,7977,4,0,0,0,0,0,381,1938,7973,2024-02-15,2024-03-15,nifty,month,call,ATMm6
2024-03-16_2024-04-15.json,6731,1,0,0,0,0,2,29,2202,6730,2024-03-18,2024-04-15,nifty,month,call,ATMm6
2024-04-15_2024-05-15.json,7868,1,0,0,0,0,0,234,2218,7867,2024-04-15,2024-05-15,nifty,month,call,ATMm6
2024-05-15_2024-06-14.json,8620,2,0,0,0,0,0,297,2077,8618,2024-05-15,2024-06-14,nifty,month,call,ATMm6
2024-06-14_2024-07-14.json,7493,2,0,0,0,0,1,310,1770,7491,2024-06-14,2024-07-12,nifty,month,call,ATMm6
2024-07-14_2024-08-13.json,7861,3,0,0,0,0,2,624,2258,7858,2024-07-15,2024-08-13,nifty,month,call,ATMm6
2024-08-13_2024-09-12.json,8244,1,0,0,0,0,0,255,2336,8243,2024-08-13,2024-09-12,nifty,month,call,ATMm6
2024-09-12_2024-10-12.json,7866,4,0,0,0,0,0,182,2198,7862,2024-09-12,2024-10-11,nifty,month,call,ATMm6
2024-10-12_2024-11-11.json,7520,24,0,0,0,0,0,236,2416,7496,2024-10-14,2024-11-11,nifty,month,call,ATMm6
2024-11-11_2024-12-11.json,7871,1,0,0,0,0,0,147,2303,7870,2024-11-11,2024-12-11,nifty,month,call,ATMm6
2024-12-11_2025-01-10.json,8239,2,0,0,0,0,0,258,2570,8237,2024-12-11,2025-01-10,nifty,month,call,ATMm6
2025-01-10_2025-02-09.json,8243,0,0,0,0,0,0,55,2141,8243,2025-01-10,2025-02-07,nifty,month,call,ATMm6
2025-02-09_2025-03-11.json,7851,1,0,0,0,0,0,28,2891,7850,2025-02-10,2025-03-11,nifty,month,call,ATMm6
2025-03-11_2025-04-10.json,7443,0,0,0,0,0,0,40,3269,7443,2025-03-11,2025-04-09,nifty,month,call,ATMm6
2025-04-10_2025-05-10.json,6736,1,0,0,0,0,0,364,1946,6735,2025-04-11,2025-05-09,nifty,month,call,ATMm6
2025-05-10_2025-06-09.json,7874,1,0,0,0,0,0,247,1927,7873,2025-05-12,2025-06-09,nifty,month,call,ATMm6
2025-06-09_2025-07-09.json,8623,0,0,0,0,0,0,26,2850,8623,2025-06-09,2025-07-09,nifty,month,call,ATMm6
2025-07-09_2025-08-08.json,8611,0,0,0,0,0,0,284,3489,8611,2025-07-09,2025-08-08,nifty,month,call,ATMm6
2025-08-08_2025-09-07.json,7117,0,0,0,0,0,0,641,2447,7117,2025-08-08,2025-09-05,nifty,month,call,ATMm6
2025-09-07_2025-10-07.json,7867,0,0,0,0,0,0,52,1841,7867,2025-09-08,2025-10-07,nifty,month,call,ATMm6
2025-10-07_2025-11-06.json,7595,0,0,0,0,0,0,56,2144,7595,2025-10-07,2025-11-06,nifty,month,call,ATMm6
2025-11-06_2025-12-06.json,8238,0,0,0,0,0,0,308,2667,8238,2025-11-06,2025-12-05,nifty,month,call,ATMm6
2025-12-06_2026-01-05.json,7485,0,0,0,0,0,0,862,2460,7485,2025-12-08,2026-01-05,nifty,month,call,ATMm6
2026-01-05_2026-02-04.json,8245,0,0,0,0,0,0,20,2568,8245,2026-01-05,2026-02-04,nifty,month,call,ATMm6
2026-02-04_2026-03-06.json,8236,0,0,0,0,0,0,155,2723,8236,2026-02-04,2026-03-06,nifty,month,call,ATMm6
2026-03-06_2026-04-05.json,6720,0,0,0,0,0,1,94,2247,6720,2026-03-06,2026-04-02,nifty,month,call,ATMm6
2026-04-05_2026-04-30.json,6729,0,0,0,0,0,0,323,1589,6729,2026-04-06,2026-04-30,nifty,month,call,ATMm6
2021-05-01_2021-05-31.json,7479,0,0,0,0,0,0,271,3492,7479,2021-05-03,2021-05-31,nifty,month,call,ATMm7
2021-05-31_2021-06-30.json,8588,0,0,0,0,0,0,1841,4185,8588,2021-05-31,2021-06-30,nifty,month,call,ATMm7
2021-06-30_2021-07-30.json,8216,0,0,0,0,0,0,6969,4537,8216,2021-06-30,2021-07-30,nifty,month,call,ATMm7
2021-07-30_2021-08-29.json,7482,0,0,0,0,0,0,7181,2150,7482,2021-07-30,2021-08-27,nifty,month,call,ATMm7
2021-08-29_2021-09-28.json,7873,1,0,0,0,0,0,5082,2325,7872,2021-08-30,2021-09-28,nifty,month,call,ATMm7
2021-09-28_2021-10-28.json,8245,2,0,0,0,0,0,913,3087,8243,2021-09-28,2021-10-28,nifty,month,call,ATMm7
2021-10-28_2021-11-27.json,7155,31,0,0,0,0,0,497,3042,7124,2021-10-28,2021-11-26,nifty,month,call,ATMm7
2021-11-27_2021-12-27.json,7868,2,0,0,0,0,0,0,3633,7866,2021-11-29,2021-12-27,nifty,month,call,ATMm7
2021-12-27_2022-01-26.json,8246,2,0,0,0,0,0,360,2962,8244,2021-12-27,2022-01-25,nifty,month,call,ATMm7
2022-01-26_2022-02-25.json,8239,0,0,0,0,0,0,444,2896,8239,2022-01-27,2022-02-25,nifty,month,call,ATMm7
2022-02-25_2022-03-27.json,7120,2,0,0,0,0,0,0,3198,7118,2022-02-25,2022-03-25,nifty,month,call,ATMm7
2022-03-27_2022-04-26.json,7475,2,0,0,0,0,0,90,2903,7473,2022-03-28,2022-04-26,nifty,month,call,ATMm7
2022-04-26_2022-05-26.json,8245,2,0,0,0,0,2,1064,2511,8243,2022-04-26,2022-05-26,nifty,month,call,ATMm7
2022-05-26_2022-06-25.json,8237,0,0,0,0,0,1,342,3766,8237,2022-05-26,2022-06-24,nifty,month,call,ATMm7
2022-06-25_2022-07-25.json,7868,0,0,0,0,0,2,1146,2617,7868,2022-06-27,2022-07-25,nifty,month,call,ATMm7
2022-07-25_2022-08-24.json,7869,0,0,0,0,0,0,717,2370,7869,2022-07-25,2022-08-24,nifty,month,call,ATMm7
2022-08-24_2022-09-23.json,8237,0,0,0,0,0,0,98,3039,8237,2022-08-24,2022-09-23,nifty,month,call,ATMm7
2022-09-23_2022-10-23.json,7496,0,0,0,0,0,0,1185,2598,7496,2022-09-23,2022-10-21,nifty,month,call,ATMm7
2022-10-23_2022-11-22.json,7168,60,0,0,0,0,0,372,2557,7108,2022-10-25,2022-11-22,nifty,month,call,ATMm7
2022-11-22_2022-12-22.json,8617,0,0,0,0,0,0,297,4304,8617,2022-11-22,2022-12-22,nifty,month,call,ATMm7
2022-12-22_2023-01-21.json,8226,0,0,0,0,0,0,378,3642,8226,2022-12-22,2023-01-20,nifty,month,call,ATMm7
2023-01-21_2023-02-20.json,7486,0,0,0,0,0,0,565,2706,7486,2023-01-23,2023-02-20,nifty,month,call,ATMm7
2023-02-20_2023-03-22.json,8202,0,0,0,0,0,0,369,3502,8202,2023-02-20,2023-03-22,nifty,month,call,ATMm7
2023-03-22_2023-04-21.json,7121,0,0,0,0,0,0,185,2119,7121,2023-03-22,2023-04-21,nifty,month,call,ATMm7
2023-04-21_2023-05-21.json,7472,1,0,0,0,0,0,1018,2156,7471,2023-04-21,2023-05-19,nifty,month,call,ATMm7
2023-05-21_2023-06-20.json,8242,2,0,0,0,0,0,429,3461,8240,2023-05-22,2023-06-20,nifty,month,call,ATMm7
2023-06-20_2023-07-20.json,8249,2,0,0,0,0,0,1531,2366,8247,2023-06-20,2023-07-20,nifty,month,call,ATMm7
2023-07-20_2023-08-19.json,7829,2,0,0,0,0,0,4638,3450,7827,2023-07-20,2023-08-18,nifty,month,call,ATMm7
2023-08-19_2023-09-18.json,7843,1,0,0,0,0,0,3821,2697,7842,2023-08-21,2023-09-18,nifty,month,call,ATMm7
2023-09-18_2023-10-18.json,7865,1,0,0,0,0,0,3064,3049,7864,2023-09-18,2023-10-18,nifty,month,call,ATMm7
2023-10-18_2023-11-17.json,7922,56,0,0,0,0,1,2375,2911,7866,2023-10-18,2023-11-17,nifty,month,call,ATMm7
2023-11-17_2023-12-17.json,7496,4,0,0,0,0,0,171,2557,7492,2023-11-17,2023-12-15,nifty,month,call,ATMm7
2023-12-17_2024-01-16.json,7857,2,0,0,0,0,0,31,2296,7855,2023-12-18,2024-01-16,nifty,month,call,ATMm7
2024-01-16_2024-02-15.json,8208,2,0,0,0,0,0,229,2745,8206,2024-01-16,2024-02-15,nifty,month,call,ATMm7
2024-02-15_2024-03-16.json,7925,2,0,0,0,0,0,472,2443,7923,2024-02-15,2024-03-15,nifty,month,call,ATMm7
2024-03-16_2024-04-15.json,6749,1,0,0,0,0,0,42,2327,6748,2024-03-18,2024-04-15,nifty,month,call,ATMm7
2024-04-15_2024-05-15.json,7848,1,0,0,0,0,0,421,2617,7847,2024-04-15,2024-05-15,nifty,month,call,ATMm7
2024-05-15_2024-06-14.json,8608,1,0,0,0,0,1,570,2182,8607,2024-05-15,2024-06-14,nifty,month,call,ATMm7
2024-06-14_2024-07-14.json,7482,1,0,0,0,0,0,702,2030,7481,2024-06-14,2024-07-12,nifty,month,call,ATMm7
2024-07-14_2024-08-13.json,7860,5,0,0,0,0,1,702,2369,7855,2024-07-15,2024-08-13,nifty,month,call,ATMm7
2024-08-13_2024-09-12.json,8235,3,0,0,0,0,0,386,2720,8232,2024-08-13,2024-09-12,nifty,month,call,ATMm7
2024-09-12_2024-10-12.json,7862,3,0,0,0,0,0,346,2937,7859,2024-09-12,2024-10-11,nifty,month,call,ATMm7
2024-10-12_2024-11-11.json,7514,39,0,0,0,0,0,301,2601,7475,2024-10-14,2024-11-11,nifty,month,call,ATMm7
2024-11-11_2024-12-11.json,7843,1,0,0,0,0,1,197,2216,7842,2024-11-11,2024-12-11,nifty,month,call,ATMm7
2024-12-11_2025-01-10.json,8235,1,0,0,0,0,0,273,2325,8234,2024-12-11,2025-01-10,nifty,month,call,ATMm7
2025-01-10_2025-02-09.json,8233,0,0,0,0,0,0,82,2517,8233,2025-01-10,2025-02-07,nifty,month,call,ATMm7
2025-02-09_2025-03-11.json,7870,1,0,0,0,0,0,38,3083,7869,2025-02-10,2025-03-11,nifty,month,call,ATMm7
2025-03-11_2025-04-10.json,7365,1,0,0,0,0,0,73,3576,7364,2025-03-11,2025-04-09,nifty,month,call,ATMm7
2025-04-10_2025-05-10.json,6735,0,0,0,0,0,0,404,2367,6735,2025-04-11,2025-05-09,nifty,month,call,ATMm7
2025-05-10_2025-06-09.json,7867,0,0,0,0,0,0,249,2746,7867,2025-05-12,2025-06-09,nifty,month,call,ATMm7
2025-06-09_2025-07-09.json,8622,0,0,0,0,0,0,32,2994,8622,2025-06-09,2025-07-09,nifty,month,call,ATMm7
2025-07-09_2025-08-08.json,8600,0,0,0,0,0,1,416,3824,8600,2025-07-09,2025-08-08,nifty,month,call,ATMm7
2025-08-08_2025-09-07.json,7122,0,0,0,0,0,0,829,2811,7122,2025-08-08,2025-09-05,nifty,month,call,ATMm7
2025-09-07_2025-10-07.json,7866,0,0,0,0,0,0,52,2843,7866,2025-09-08,2025-10-07,nifty,month,call,ATMm7
2025-10-07_2025-11-06.json,7583,0,0,0,0,0,0,66,2595,7583,2025-10-07,2025-11-06,nifty,month,call,ATMm7
2025-11-06_2025-12-06.json,8241,0,0,0,0,0,0,442,3034,8241,2025-11-06,2025-12-05,nifty,month,call,ATMm7
2025-12-06_2026-01-05.json,7485,0,0,0,0,0,0,1058,2794,7485,2025-12-08,2026-01-05,nifty,month,call,ATMm7
2026-01-05_2026-02-04.json,8225,0,0,0,0,0,0,38,2947,8225,2026-01-05,2026-02-04,nifty,month,call,ATMm7
2026-02-04_2026-03-06.json,8232,0,0,0,0,0,0,232,2458,8232,2026-02-04,2026-03-06,nifty,month,call,ATMm7
2026-03-06_2026-04-05.json,6737,0,0,0,0,0,0,156,2490,6737,2026-03-06,2026-04-02,nifty,month,call,ATMm7
2026-04-05_2026-04-30.json,6737,0,0,0,0,0,1,324,2063,6737,2026-04-06,2026-04-30,nifty,month,call,ATMm7
2021-05-01_2021-05-31.json,7469,0,0,0,0,0,0,435,3974,7469,2021-05-03,2021-05-31,nifty,month,call,ATMm8
2021-05-31_2021-06-30.json,8577,0,0,0,0,0,0,3470,4895,8577,2021-05-31,2021-06-30,nifty,month,call,ATMm8
2021-06-30_2021-07-30.json,8185,0,0,0,0,0,0,7629,5375,8185,2021-06-30,2021-07-30,nifty,month,call,ATMm8
2021-07-30_2021-08-29.json,7494,1,0,0,0,0,3,7350,3553,7493,2021-07-30,2021-08-27,nifty,month,call,ATMm8
2021-08-29_2021-09-28.json,7852,1,0,0,0,0,0,6133,3120,7851,2021-08-30,2021-09-28,nifty,month,call,ATMm8
2021-09-28_2021-10-28.json,8228,0,0,0,0,0,0,2203,3210,8228,2021-09-28,2021-10-28,nifty,month,call,ATMm8
2021-10-28_2021-11-27.json,7102,25,0,0,0,0,0,686,3930,7077,2021-10-28,2021-11-26,nifty,month,call,ATMm8
2021-11-27_2021-12-27.json,7870,1,0,0,0,0,0,0,4079,7869,2021-11-29,2021-12-27,nifty,month,call,ATMm8
2021-12-27_2022-01-26.json,8247,1,0,0,0,0,0,386,3227,8246,2021-12-27,2022-01-25,nifty,month,call,ATMm8
2022-01-26_2022-02-25.json,8243,0,0,0,0,0,0,549,3417,8243,2022-01-27,2022-02-25,nifty,month,call,ATMm8
2022-02-25_2022-03-27.json,7120,0,0,0,0,0,0,0,3629,7120,2022-02-25,2022-03-25,nifty,month,call,ATMm8
2022-03-27_2022-04-26.json,7485,2,0,0,0,0,0,115,3252,7483,2022-03-28,2022-04-26,nifty,month,call,ATMm8
2022-04-26_2022-05-26.json,8249,1,0,0,0,0,0,1269,3669,8248,2022-04-26,2022-05-26,nifty,month,call,ATMm8
2022-05-26_2022-06-25.json,8212,0,0,0,0,0,0,346,4379,8212,2022-05-26,2022-06-24,nifty,month,call,ATMm8
2022-06-25_2022-07-25.json,7864,0,0,0,0,0,0,1840,2773,7864,2022-06-27,2022-07-25,nifty,month,call,ATMm8
2022-07-25_2022-08-24.json,7864,0,0,0,0,0,0,1176,2406,7864,2022-07-25,2022-08-24,nifty,month,call,ATMm8
2022-08-24_2022-09-23.json,8233,0,0,0,0,0,0,155,4161,8233,2022-08-24,2022-09-23,nifty,month,call,ATMm8
2022-09-23_2022-10-23.json,7494,0,0,0,0,0,0,1383,2803,7494,2022-09-23,2022-10-21,nifty,month,call,ATMm8
2022-10-23_2022-11-22.json,7167,58,0,0,0,0,0,403,3247,7109,2022-10-25,2022-11-22,nifty,month,call,ATMm8
2022-11-22_2022-12-22.json,8589,0,0,0,0,0,1,301,5188,8589,2022-11-22,2022-12-22,nifty,month,call,ATMm8
2022-12-22_2023-01-21.json,8226,0,0,0,0,0,0,568,3889,8226,2022-12-22,2023-01-20,nifty,month,call,ATMm8
2023-01-21_2023-02-20.json,7479,0,0,0,0,0,0,1173,3803,7479,2023-01-23,2023-02-20,nifty,month,call,ATMm8
2023-02-20_2023-03-22.json,8186,0,0,0,0,0,0,711,4337,8186,2023-02-20,2023-03-22,nifty,month,call,ATMm8
2023-03-22_2023-04-21.json,7109,0,0,0,0,0,0,419,2948,7109,2023-03-22,2023-04-21,nifty,month,call,ATMm8
2023-04-21_2023-05-21.json,7482,0,0,0,0,0,0,2115,3190,7482,2023-04-21,2023-05-19,nifty,month,call,ATMm8
2023-05-21_2023-06-20.json,8179,2,0,0,0,0,0,1701,3917,8177,2023-05-22,2023-06-20,nifty,month,call,ATMm8
2023-06-20_2023-07-20.json,8244,2,0,0,0,0,0,2434,3160,8242,2023-06-20,2023-07-20,nifty,month,call,ATMm8
2023-07-20_2023-08-19.json,7752,1,0,0,0,0,0,5257,3955,7751,2023-07-20,2023-08-18,nifty,month,call,ATMm8
2023-08-19_2023-09-18.json,7868,3,0,0,0,0,0,4409,3370,7865,2023-08-21,2023-09-18,nifty,month,call,ATMm8
2023-09-18_2023-10-18.json,7854,1,0,0,0,0,0,4235,3510,7853,2023-09-18,2023-10-18,nifty,month,call,ATMm8
2023-10-18_2023-11-17.json,7861,32,0,0,0,0,0,3197,4464,7829,2023-10-18,2023-11-17,nifty,month,call,ATMm8
2023-11-17_2023-12-17.json,7492,4,0,0,0,0,0,195,2212,7488,2023-11-17,2023-12-15,nifty,month,call,ATMm8
2023-12-17_2024-01-16.json,7869,4,0,0,0,0,0,64,3221,7865,2023-12-18,2024-01-16,nifty,month,call,ATMm8
2024-01-16_2024-02-15.json,8155,1,0,0,0,0,0,295,3390,8154,2024-01-16,2024-02-15,nifty,month,call,ATMm8
2024-02-15_2024-03-16.json,7959,4,0,0,0,0,0,565,2732,7955,2024-02-15,2024-03-15,nifty,month,call,ATMm8
2024-03-16_2024-04-15.json,6727,0,0,0,0,0,0,46,3097,6727,2024-03-18,2024-04-15,nifty,month,call,ATMm8
2024-04-15_2024-05-15.json,7859,0,0,0,0,0,0,614,3483,7859,2024-04-15,2024-05-15,nifty,month,call,ATMm8
2024-05-15_2024-06-14.json,8612,1,0,0,0,0,0,647,2879,8611,2024-05-15,2024-06-14,nifty,month,call,ATMm8
2024-06-14_2024-07-14.json,7472,2,0,0,0,0,0,1358,2868,7470,2024-06-14,2024-07-12,nifty,month,call,ATMm8
2024-07-14_2024-08-13.json,7856,0,0,0,0,0,1,799,2981,7856,2024-07-15,2024-08-13,nifty,month,call,ATMm8
2024-08-13_2024-09-12.json,8237,1,0,0,0,0,0,689,3198,8236,2024-08-13,2024-09-12,nifty,month,call,ATMm8
2024-09-12_2024-10-12.json,7846,3,0,0,0,0,0,511,2912,7843,2024-09-12,2024-10-11,nifty,month,call,ATMm8
2024-10-12_2024-11-11.json,7465,11,0,0,0,0,0,405,3206,7454,2024-10-14,2024-11-11,nifty,month,call,ATMm8
2024-11-11_2024-12-11.json,7859,0,0,0,0,0,0,235,3275,7859,2024-11-11,2024-12-11,nifty,month,call,ATMm8
2024-12-11_2025-01-10.json,8204,0,0,0,0,0,0,294,3632,8204,2024-12-11,2025-01-10,nifty,month,call,ATMm8
2025-01-10_2025-02-09.json,8223,0,0,0,0,0,0,130,3287,8223,2025-01-10,2025-02-07,nifty,month,call,ATMm8
2025-02-09_2025-03-11.json,7807,0,0,0,0,0,0,31,4149,7807,2025-02-10,2025-03-11,nifty,month,call,ATMm8
2025-03-11_2025-04-10.json,7005,1,0,0,0,0,0,157,3141,7004,2025-03-11,2025-04-09,nifty,month,call,ATMm8
2025-04-10_2025-05-10.json,6741,0,0,0,0,0,0,419,2433,6741,2025-04-11,2025-05-09,nifty,month,call,ATMm8
2025-05-10_2025-06-09.json,7851,1,0,0,0,0,0,252,2726,7850,2025-05-12,2025-06-09,nifty,month,call,ATMm8
2025-06-09_2025-07-09.json,8615,0,0,0,0,0,0,40,3663,8615,2025-06-09,2025-07-09,nifty,month,call,ATMm8
2025-07-09_2025-08-08.json,8598,0,0,0,0,0,0,870,4412,8598,2025-07-09,2025-08-08,nifty,month,call,ATMm8
2025-08-08_2025-09-07.json,7117,0,0,0,0,0,0,1047,3334,7117,2025-08-08,2025-09-05,nifty,month,call,ATMm8
2025-09-07_2025-10-07.json,7862,0,0,0,0,0,0,101,3134,7862,2025-09-08,2025-10-07,nifty,month,call,ATMm8
2025-10-07_2025-11-06.json,7592,0,0,0,0,0,0,111,2874,7592,2025-10-07,2025-11-06,nifty,month,call,ATMm8
2025-11-06_2025-12-06.json,8228,0,0,0,0,0,0,692,3471,8228,2025-11-06,2025-12-05,nifty,month,call,ATMm8
2025-12-06_2026-01-05.json,7473,0,0,0,0,0,0,1385,3573,7473,2025-12-08,2026-01-05,nifty,month,call,ATMm8
2026-01-05_2026-02-04.json,8231,0,0,0,0,0,0,178,3597,8231,2026-01-05,2026-02-04,nifty,month,call,ATMm8
2026-02-04_2026-03-06.json,8241,0,0,0,0,0,0,445,3776,8241,2026-02-04,2026-03-06,nifty,month,call,ATMm8
2026-03-06_2026-04-05.json,6736,0,0,0,0,0,0,184,2872,6736,2026-03-06,2026-04-02,nifty,month,call,ATMm8
2026-04-05_2026-04-30.json,6732,0,0,0,0,0,0,339,2246,6732,2026-04-06,2026-04-30,nifty,month,call,ATMm8
2021-05-01_2021-05-31.json,7481,0,0,0,0,0,0,607,4738,7481,2021-05-03,2021-05-31,nifty,month,call,ATMm9
2021-05-31_2021-06-30.json,8513,0,0,0,0,0,0,4638,5560,8513,2021-05-31,2021-06-30,nifty,month,call,ATMm9
2021-06-30_2021-07-30.json,8104,0,0,0,0,0,0,7824,6095,8104,2021-06-30,2021-07-30,nifty,month,call,ATMm9
2021-07-30_2021-08-29.json,7488,0,0,0,0,0,0,7410,3078,7488,2021-07-30,2021-08-27,nifty,month,call,ATMm9
2021-08-29_2021-09-28.json,7849,0,0,0,0,0,0,6603,3453,7849,2021-08-30,2021-09-28,nifty,month,call,ATMm9
2021-09-28_2021-10-28.json,8242,2,0,0,0,0,0,3545,4076,8240,2021-09-28,2021-10-28,nifty,month,call,ATMm9
2021-10-28_2021-11-27.json,7147,36,0,0,0,0,0,1573,4100,7111,2021-10-28,2021-11-26,nifty,month,call,ATMm9
2021-11-27_2021-12-27.json,7861,2,0,0,0,0,0,21,4710,7859,2021-11-29,2021-12-27,nifty,month,call,ATMm9
2021-12-27_2022-01-26.json,8228,2,0,0,0,0,0,402,3931,8226,2021-12-27,2022-01-25,nifty,month,call,ATMm9
2022-01-26_2022-02-25.json,8239,1,0,0,0,0,0,596,4113,8238,2022-01-27,2022-02-25,nifty,month,call,ATMm9
2022-02-25_2022-03-27.json,7113,1,0,0,0,0,0,0,3946,7112,2022-02-25,2022-03-25,nifty,month,call,ATMm9
2022-03-27_2022-04-26.json,7471,4,0,0,0,0,0,191,3946,7467,2022-03-28,2022-04-26,nifty,month,call,ATMm9
2022-04-26_2022-05-26.json,8225,1,0,0,0,0,2,1720,3690,8224,2022-04-26,2022-05-26,nifty,month,call,ATMm9
2022-05-26_2022-06-25.json,8216,0,0,0,0,0,0,356,4763,8216,2022-05-26,2022-06-24,nifty,month,call,ATMm9
2022-06-25_2022-07-25.json,7864,0,0,0,0,0,0,2285,3419,7864,2022-06-27,2022-07-25,nifty,month,call,ATMm9
2022-07-25_2022-08-24.json,7869,0,0,0,0,0,0,1490,3084,7869,2022-07-25,2022-08-24,nifty,month,call,ATMm9
2022-08-24_2022-09-23.json,8210,0,0,0,0,0,0,199,4020,8210,2022-08-24,2022-09-23,nifty,month,call,ATMm9
2022-09-23_2022-10-23.json,7451,0,0,0,0,0,0,1638,3470,7451,2022-09-23,2022-10-21,nifty,month,call,ATMm9
2022-10-23_2022-11-22.json,7169,60,0,0,0,0,0,441,3697,7109,2022-10-25,2022-11-22,nifty,month,call,ATMm9
2022-11-22_2022-12-22.json,8614,0,0,0,0,0,0,313,5685,8614,2022-11-22,2022-12-22,nifty,month,call,ATMm9
2022-12-22_2023-01-21.json,8227,0,0,0,0,0,0,755,4741,8227,2022-12-22,2023-01-20,nifty,month,call,ATMm9
2023-01-21_2023-02-20.json,7482,0,0,0,0,0,0,1695,4208,7482,2023-01-23,2023-02-20,nifty,month,call,ATMm9
2023-02-20_2023-03-22.json,8210,0,0,0,0,0,0,1399,4958,8210,2023-02-20,2023-03-22,nifty,month,call,ATMm9
2023-03-22_2023-04-21.json,7106,0,0,0,0,0,0,752,3302,7106,2023-03-22,2023-04-21,nifty,month,call,ATMm9
2023-04-21_2023-05-21.json,7478,0,0,0,0,0,0,3095,3449,7478,2023-04-21,2023-05-19,nifty,month,call,ATMm9
2023-05-21_2023-06-20.json,8232,0,0,0,0,0,0,2524,4906,8232,2023-05-22,2023-06-20,nifty,month,call,ATMm9
2023-06-20_2023-07-20.json,8237,3,0,0,0,0,0,3711,3562,8234,2023-06-20,2023-07-20,nifty,month,call,ATMm9
2023-07-20_2023-08-19.json,7751,1,0,0,0,0,0,6019,4425,7750,2023-07-20,2023-08-18,nifty,month,call,ATMm9
2023-08-19_2023-09-18.json,7850,1,0,0,0,0,0,4846,4045,7849,2023-08-21,2023-09-18,nifty,month,call,ATMm9
2023-09-18_2023-10-18.json,7848,0,0,0,0,0,0,5023,4574,7848,2023-09-18,2023-10-18,nifty,month,call,ATMm9
2023-10-18_2023-11-17.json,7902,47,0,0,0,0,0,4298,3975,7855,2023-10-18,2023-11-17,nifty,month,call,ATMm9
2023-11-17_2023-12-17.json,7474,1,0,0,0,0,0,219,3264,7473,2023-11-17,2023-12-15,nifty,month,call,ATMm9
2023-12-17_2024-01-16.json,7854,4,0,0,0,0,0,195,3123,7850,2023-12-18,2024-01-16,nifty,month,call,ATMm9
2024-01-16_2024-02-15.json,8154,4,0,0,0,0,0,431,3886,8150,2024-01-16,2024-02-15,nifty,month,call,ATMm9
2024-02-15_2024-03-16.json,7937,1,0,0,0,0,0,667,3528,7936,2024-02-15,2024-03-15,nifty,month,call,ATMm9
2024-03-16_2024-04-15.json,6744,1,0,0,0,0,0,71,3256,6743,2024-03-18,2024-04-15,nifty,month,call,ATMm9
2024-04-15_2024-05-15.json,7842,0,0,0,0,0,0,923,3683,7842,2024-04-15,2024-05-15,nifty,month,call,ATMm9
2024-05-15_2024-06-14.json,8612,1,0,0,0,0,0,849,2920,8611,2024-05-15,2024-06-14,nifty,month,call,ATMm9
2024-06-14_2024-07-14.json,7443,2,0,0,0,0,0,1736,2633,7441,2024-06-14,2024-07-12,nifty,month,call,ATMm9
2024-07-14_2024-08-13.json,7852,1,0,0,0,0,0,1117,3141,7851,2024-07-15,2024-08-13,nifty,month,call,ATMm9
2024-08-13_2024-09-12.json,8212,1,0,0,0,0,0,1105,3698,8211,2024-08-13,2024-09-12,nifty,month,call,ATMm9
2024-09-12_2024-10-12.json,7837,2,0,0,0,0,0,649,3353,7835,2024-09-12,2024-10-11,nifty,month,call,ATMm9
2024-10-12_2024-11-11.json,7507,28,0,0,0,0,0,543,3633,7479,2024-10-14,2024-11-11,nifty,month,call,ATMm9
2024-11-11_2024-12-11.json,7810,1,0,0,0,0,1,285,3126,7809,2024-11-11,2024-12-11,nifty,month,call,ATMm9
2024-12-11_2025-01-10.json,8224,0,0,0,0,0,0,313,3488,8224,2024-12-11,2025-01-10,nifty,month,call,ATMm9
2025-01-10_2025-02-09.json,8150,0,0,0,0,0,1,200,3719,8150,2025-01-10,2025-02-07,nifty,month,call,ATMm9
2025-02-09_2025-03-11.json,7843,0,0,0,0,0,0,55,4503,7843,2025-02-10,2025-03-11,nifty,month,call,ATMm9
2025-03-11_2025-04-10.json,6686,0,0,0,0,0,0,247,3158,6686,2025-03-11,2025-04-09,nifty,month,call,ATMm9
2025-04-10_2025-05-10.json,6727,0,0,0,0,0,0,439,3297,6727,2025-04-11,2025-05-09,nifty,month,call,ATMm9
2025-05-10_2025-06-09.json,7859,0,0,0,0,0,0,251,3742,7859,2025-05-12,2025-06-09,nifty,month,call,ATMm9
2025-06-09_2025-07-09.json,8620,0,0,0,0,0,0,52,3830,8620,2025-06-09,2025-07-09,nifty,month,call,ATMm9
2025-07-09_2025-08-08.json,8583,0,0,0,0,0,0,1906,4748,8583,2025-07-09,2025-08-08,nifty,month,call,ATMm9
2025-08-08_2025-09-07.json,7108,0,0,0,0,0,0,1407,3675,7108,2025-08-08,2025-09-05,nifty,month,call,ATMm9
2025-09-07_2025-10-07.json,7855,0,0,0,0,0,0,213,4102,7855,2025-09-08,2025-10-07,nifty,month,call,ATMm9
2025-10-07_2025-11-06.json,7581,0,0,0,0,0,0,181,3194,7581,2025-10-07,2025-11-06,nifty,month,call,ATMm9
2025-11-06_2025-12-06.json,8217,0,0,0,0,0,0,969,3807,8217,2025-11-06,2025-12-05,nifty,month,call,ATMm9
2025-12-06_2026-01-05.json,7476,0,0,0,0,0,0,1724,4046,7476,2025-12-08,2026-01-05,nifty,month,call,ATMm9
2026-01-05_2026-02-04.json,8224,0,0,0,0,0,0,388,4027,8224,2026-01-05,2026-02-04,nifty,month,call,ATMm9
2026-02-04_2026-03-06.json,8231,0,0,0,0,0,0,833,3319,8231,2026-02-04,2026-03-06,nifty,month,call,ATMm9
2026-03-06_2026-04-05.json,6738,0,0,0,0,0,0,199,3201,6738,2026-03-06,2026-04-02,nifty,month,call,ATMm9
2026-04-05_2026-04-30.json,6680,0,0,0,0,0,0,481,2633,6680,2026-04-06,2026-04-30,nifty,month,call,ATMm9
2021-05-01_2021-05-31.json,7500,0,0,0,0,0,0,0,207,7500,2021-05-03,2021-05-31,nifty,month,call,ATMp1
2021-05-31_2021-06-30.json,8624,0,0,0,0,0,0,1,155,8624,2021-05-31,2021-06-30,nifty,month,call,ATMp1
2021-06-30_2021-07-30.json,8250,0,0,0,0,0,0,1,37,8250,2021-06-30,2021-07-30,nifty,month,call,ATMp1
2021-07-30_2021-08-29.json,7507,7,0,0,0,0,0,1,57,7500,2021-07-30,2021-08-27,nifty,month,call,ATMp1
2021-08-29_2021-09-28.json,7886,11,0,0,0,0,0,0,47,7875,2021-08-30,2021-09-28,nifty,month,call,ATMp1
2021-09-28_2021-10-28.json,8261,11,0,0,0,0,0,0,129,8250,2021-09-28,2021-10-28,nifty,month,call,ATMp1
2021-10-28_2021-11-27.json,7193,68,0,0,0,0,0,0,69,7125,2021-10-28,2021-11-26,nifty,month,call,ATMp1
2021-11-27_2021-12-27.json,7883,8,0,0,0,0,0,0,117,7875,2021-11-29,2021-12-27,nifty,month,call,ATMp1
2021-12-27_2022-01-26.json,8261,11,0,0,0,0,0,1,82,8250,2021-12-27,2022-01-25,nifty,month,call,ATMp1
2022-01-26_2022-02-25.json,8262,12,0,0,0,0,0,0,81,8250,2022-01-27,2022-02-25,nifty,month,call,ATMp1
2022-02-25_2022-03-27.json,7134,9,0,0,0,0,0,0,245,7125,2022-02-25,2022-03-25,nifty,month,call,ATMp1
2022-03-27_2022-04-26.json,7511,11,0,0,0,0,0,0,127,7500,2022-03-28,2022-04-26,nifty,month,call,ATMp1
2022-04-26_2022-05-26.json,8262,12,0,0,0,0,0,1,116,8250,2022-04-26,2022-05-26,nifty,month,call,ATMp1
2022-05-26_2022-06-25.json,8251,2,0,0,0,0,0,0,245,8249,2022-05-26,2022-06-24,nifty,month,call,ATMp1
2022-06-25_2022-07-25.json,7875,0,0,0,0,0,0,1,188,7875,2022-06-27,2022-07-25,nifty,month,call,ATMp1
2022-07-25_2022-08-24.json,7874,0,0,0,0,0,0,0,86,7874,2022-07-25,2022-08-24,nifty,month,call,ATMp1
2022-08-24_2022-09-23.json,8249,0,0,0,0,0,0,0,130,8249,2022-08-24,2022-09-23,nifty,month,call,ATMp1
2022-09-23_2022-10-23.json,7500,0,0,0,0,0,0,0,112,7500,2022-09-23,2022-10-21,nifty,month,call,ATMp1
2022-10-23_2022-11-22.json,7185,60,0,0,0,0,0,0,76,7125,2022-10-25,2022-11-22,nifty,month,call,ATMp1
2022-11-22_2022-12-22.json,8625,0,0,0,0,0,0,0,258,8625,2022-11-22,2022-12-22,nifty,month,call,ATMp1
2022-12-22_2023-01-21.json,8250,0,0,0,0,0,0,0,47,8250,2022-12-22,2023-01-20,nifty,month,call,ATMp1
2023-01-21_2023-02-20.json,7500,0,0,0,0,0,0,0,71,7500,2023-01-23,2023-02-20,nifty,month,call,ATMp1
2023-02-20_2023-03-22.json,8250,0,0,0,0,0,0,0,51,8250,2023-02-20,2023-03-22,nifty,month,call,ATMp1
2023-03-22_2023-04-21.json,7125,0,0,0,0,0,0,0,19,7125,2023-03-22,2023-04-21,nifty,month,call,ATMp1
2023-04-21_2023-05-21.json,7506,6,0,0,0,0,0,0,16,7500,2023-04-21,2023-05-19,nifty,month,call,ATMp1
2023-05-21_2023-06-20.json,8257,7,0,0,0,0,0,0,84,8250,2023-05-22,2023-06-20,nifty,month,call,ATMp1
2023-06-20_2023-07-20.json,8264,14,0,0,0,0,0,0,62,8250,2023-06-20,2023-07-20,nifty,month,call,ATMp1
2023-07-20_2023-08-19.json,7887,12,0,0,0,0,0,0,80,7875,2023-07-20,2023-08-18,nifty,month,call,ATMp1
2023-08-19_2023-09-18.json,7887,12,0,0,0,0,0,1,27,7875,2023-08-21,2023-09-18,nifty,month,call,ATMp1
2023-09-18_2023-10-18.json,7890,15,0,0,0,0,0,0,15,7875,2023-09-18,2023-10-18,nifty,month,call,ATMp1
2023-10-18_2023-11-17.json,7945,70,0,0,0,0,0,0,88,7875,2023-10-18,2023-11-17,nifty,month,call,ATMp1
2023-11-17_2023-12-17.json,7506,6,0,0,0,0,0,1,115,7500,2023-11-17,2023-12-15,nifty,month,call,ATMp1
2023-12-17_2024-01-16.json,7888,13,0,0,0,0,0,0,38,7875,2023-12-18,2024-01-16,nifty,month,call,ATMp1
2024-01-16_2024-02-15.json,8263,14,0,0,0,0,0,0,131,8249,2024-01-16,2024-02-15,nifty,month,call,ATMp1
2024-02-15_2024-03-16.json,7994,12,0,0,0,0,0,0,254,7982,2024-02-15,2024-03-15,nifty,month,call,ATMp1
2024-03-16_2024-04-15.json,6759,10,0,0,0,0,0,0,101,6749,2024-03-18,2024-04-15,nifty,month,call,ATMp1
2024-04-15_2024-05-15.json,7878,3,0,0,0,0,0,0,74,7875,2024-04-15,2024-05-15,nifty,month,call,ATMp1
2024-05-15_2024-06-14.json,8633,8,0,0,0,0,0,0,331,8625,2024-05-15,2024-06-14,nifty,month,call,ATMp1
2024-06-14_2024-07-14.json,7504,4,0,0,0,0,0,0,115,7500,2024-06-14,2024-07-12,nifty,month,call,ATMp1
2024-07-14_2024-08-13.json,7878,5,0,0,0,0,0,0,132,7873,2024-07-15,2024-08-13,nifty,month,call,ATMp1
2024-08-13_2024-09-12.json,8257,7,0,0,0,0,0,0,96,8250,2024-08-13,2024-09-12,nifty,month,call,ATMp1
2024-09-12_2024-10-12.json,7881,7,0,0,0,0,0,0,318,7874,2024-09-12,2024-10-11,nifty,month,call,ATMp1
2024-10-12_2024-11-11.json,7564,66,0,0,0,0,0,0,160,7498,2024-10-14,2024-11-11,nifty,month,call,ATMp1
2024-11-11_2024-12-11.json,7878,3,0,0,0,0,0,0,27,7875,2024-11-11,2024-12-11,nifty,month,call,ATMp1
2024-12-11_2025-01-10.json,8254,4,0,0,0,0,0,0,82,8250,2024-12-11,2025-01-10,nifty,month,call,ATMp1
2025-01-10_2025-02-09.json,8251,1,0,0,0,0,0,0,65,8250,2025-01-10,2025-02-07,nifty,month,call,ATMp1
2025-02-09_2025-03-11.json,7878,3,0,0,0,0,0,0,77,7875,2025-02-10,2025-03-11,nifty,month,call,ATMp1
2025-03-11_2025-04-10.json,7397,1,0,0,0,0,0,0,1424,7396,2025-03-11,2025-04-09,nifty,month,call,ATMp1
2025-04-10_2025-05-10.json,6751,1,0,0,0,0,4,0,431,6750,2025-04-11,2025-05-09,nifty,month,call,ATMp1
2025-05-10_2025-06-09.json,7876,1,0,0,0,0,0,0,246,7875,2025-05-12,2025-06-09,nifty,month,call,ATMp1
2025-06-09_2025-07-09.json,8625,0,0,0,0,0,0,0,232,8625,2025-06-09,2025-07-09,nifty,month,call,ATMp1
2025-07-09_2025-08-08.json,8625,0,0,0,0,0,0,0,70,8625,2025-07-09,2025-08-08,nifty,month,call,ATMp1
2025-08-08_2025-09-07.json,7125,0,0,0,0,0,0,0,89,7125,2025-08-08,2025-09-05,nifty,month,call,ATMp1
2025-09-07_2025-10-07.json,7875,0,0,0,0,0,0,0,163,7875,2025-09-08,2025-10-07,nifty,month,call,ATMp1
2025-10-07_2025-11-06.json,7605,0,0,0,0,0,0,0,143,7605,2025-10-07,2025-11-06,nifty,month,call,ATMp1
2025-11-06_2025-12-06.json,8250,0,0,0,0,0,0,0,186,8250,2025-11-06,2025-12-05,nifty,month,call,ATMp1
2025-12-06_2026-01-05.json,7500,0,0,0,0,0,0,0,96,7500,2025-12-08,2026-01-05,nifty,month,call,ATMp1
2026-01-05_2026-02-04.json,8250,0,0,0,0,0,0,0,63,8250,2026-01-05,2026-02-04,nifty,month,call,ATMp1
2026-02-04_2026-03-06.json,8249,0,0,0,0,0,0,0,124,8249,2026-02-04,2026-03-06,nifty,month,call,ATMp1
2026-03-06_2026-04-05.json,6746,0,0,0,0,0,0,0,174,6746,2026-03-06,2026-04-02,nifty,month,call,ATMp1
2026-04-05_2026-04-30.json,6749,0,0,0,0,0,0,0,210,6749,2026-04-06,2026-04-30,nifty,month,call,ATMp1
2021-05-01_2021-05-31.json,7497,0,0,0,0,0,0,87,1000,7497,2021-05-03,2021-05-31,nifty,month,call,ATMp10
2021-05-31_2021-06-30.json,8622,0,0,0,0,0,0,104,812,8622,2021-05-31,2021-06-30,nifty,month,call,ATMp10
2021-06-30_2021-07-30.json,8245,0,0,0,0,0,0,87,656,8245,2021-06-30,2021-07-30,nifty,month,call,ATMp10
2021-07-30_2021-08-29.json,7499,2,0,0,0,0,0,81,1106,7497,2021-07-30,2021-08-27,nifty,month,call,ATMp10
2021-08-29_2021-09-28.json,7879,5,0,0,0,0,0,0,648,7874,2021-08-30,2021-09-28,nifty,month,call,ATMp10
2021-09-28_2021-10-28.json,8256,7,0,0,0,0,0,171,454,8249,2021-09-28,2021-10-28,nifty,month,call,ATMp10
2021-10-28_2021-11-27.json,7179,55,0,0,0,0,0,157,478,7124,2021-10-28,2021-11-26,nifty,month,call,ATMp10
2021-11-27_2021-12-27.json,7884,9,0,0,0,0,0,0,484,7875,2021-11-29,2021-12-27,nifty,month,call,ATMp10
2021-12-27_2022-01-26.json,8257,8,0,0,0,0,0,72,594,8249,2021-12-27,2022-01-25,nifty,month,call,ATMp10
2022-01-26_2022-02-25.json,8258,8,0,0,0,0,0,176,692,8250,2022-01-27,2022-02-25,nifty,month,call,ATMp10
2022-02-25_2022-03-27.json,7128,4,0,0,0,0,0,0,1162,7124,2022-02-25,2022-03-25,nifty,month,call,ATMp10
2022-03-27_2022-04-26.json,7507,9,0,0,0,0,0,74,319,7498,2022-03-28,2022-04-26,nifty,month,call,ATMp10
2022-04-26_2022-05-26.json,8260,10,0,0,0,0,0,167,141,8250,2022-04-26,2022-05-26,nifty,month,call,ATMp10
2022-05-26_2022-06-25.json,8245,0,0,0,0,0,0,94,1000,8245,2022-05-26,2022-06-24,nifty,month,call,ATMp10
2022-06-25_2022-07-25.json,7875,0,0,0,0,0,0,81,449,7875,2022-06-27,2022-07-25,nifty,month,call,ATMp10
2022-07-25_2022-08-24.json,7875,0,0,0,0,0,0,74,375,7875,2022-07-25,2022-08-24,nifty,month,call,ATMp10
2022-08-24_2022-09-23.json,8244,0,0,0,0,0,0,69,1208,8244,2022-08-24,2022-09-23,nifty,month,call,ATMp10
2022-09-23_2022-10-23.json,7499,0,0,0,0,0,0,83,453,7499,2022-09-23,2022-10-21,nifty,month,call,ATMp10
2022-10-23_2022-11-22.json,7180,60,0,0,0,0,0,72,474,7120,2022-10-25,2022-11-22,nifty,month,call,ATMp10
2022-11-22_2022-12-22.json,8622,0,0,0,0,0,0,64,379,8622,2022-11-22,2022-12-22,nifty,month,call,ATMp10
2022-12-22_2023-01-21.json,8248,0,0,0,0,0,0,72,170,8248,2022-12-22,2023-01-20,nifty,month,call,ATMp10
2023-01-21_2023-02-20.json,7500,0,0,0,0,0,0,75,159,7500,2023-01-23,2023-02-20,nifty,month,call,ATMp10
2023-02-20_2023-03-22.json,8250,0,0,0,0,0,0,71,131,8250,2023-02-20,2023-03-22,nifty,month,call,ATMp10
2023-03-22_2023-04-21.json,7125,0,0,0,0,0,0,76,92,7125,2023-03-22,2023-04-21,nifty,month,call,ATMp10
2023-04-21_2023-05-21.json,7505,5,0,0,0,0,0,60,186,7500,2023-04-21,2023-05-19,nifty,month,call,ATMp10
2023-05-21_2023-06-20.json,8258,11,0,0,0,0,0,63,397,8247,2023-05-22,2023-06-20,nifty,month,call,ATMp10
2023-06-20_2023-07-20.json,8259,9,0,0,0,0,0,63,200,8250,2023-06-20,2023-07-20,nifty,month,call,ATMp10
2023-07-20_2023-08-19.json,7883,8,0,0,0,0,0,64,172,7875,2023-07-20,2023-08-18,nifty,month,call,ATMp10
2023-08-19_2023-09-18.json,7885,10,0,0,0,0,0,63,178,7875,2023-08-21,2023-09-18,nifty,month,call,ATMp10
2023-09-18_2023-10-18.json,7881,6,0,0,0,0,0,65,122,7875,2023-09-18,2023-10-18,nifty,month,call,ATMp10
2023-10-18_2023-11-17.json,7941,66,0,0,0,0,0,60,450,7875,2023-10-18,2023-11-17,nifty,month,call,ATMp10
2023-11-17_2023-12-17.json,7507,7,0,0,0,0,0,48,172,7500,2023-11-17,2023-12-15,nifty,month,call,ATMp10
2023-12-17_2024-01-16.json,7883,8,0,0,0,0,0,48,609,7875,2023-12-18,2024-01-16,nifty,month,call,ATMp10
2024-01-16_2024-02-15.json,8252,11,0,0,0,0,0,52,527,8241,2024-01-16,2024-02-15,nifty,month,call,ATMp10
2024-02-15_2024-03-16.json,7991,11,0,0,0,0,0,51,339,7980,2024-02-15,2024-03-15,nifty,month,call,ATMp10
2024-03-16_2024-04-15.json,6758,8,0,0,0,0,0,44,233,6750,2024-03-18,2024-04-15,nifty,month,call,ATMp10
2024-04-15_2024-05-15.json,7874,3,0,0,0,0,0,42,427,7871,2024-04-15,2024-05-15,nifty,month,call,ATMp10
2024-05-15_2024-06-14.json,8628,7,0,0,0,0,0,46,685,8621,2024-05-15,2024-06-14,nifty,month,call,ATMp10
2024-06-14_2024-07-14.json,7505,5,0,0,0,0,0,33,613,7500,2024-06-14,2024-07-12,nifty,month,call,ATMp10
2024-07-14_2024-08-13.json,7872,9,0,0,0,0,0,34,992,7863,2024-07-15,2024-08-13,nifty,month,call,ATMp10
2024-08-13_2024-09-12.json,8248,5,0,0,0,0,0,34,707,8243,2024-08-13,2024-09-12,nifty,month,call,ATMp10
2024-09-12_2024-10-12.json,7875,9,0,0,0,0,0,30,571,7866,2024-09-12,2024-10-11,nifty,month,call,ATMp10
2024-10-12_2024-11-11.json,7554,58,0,0,0,0,0,38,400,7496,2024-10-14,2024-11-11,nifty,month,call,ATMp10
2024-11-11_2024-12-11.json,7874,2,0,0,0,0,0,42,586,7872,2024-11-11,2024-12-11,nifty,month,call,ATMp10
2024-12-11_2025-01-10.json,8249,2,0,0,0,0,0,36,572,8247,2024-12-11,2025-01-10,nifty,month,call,ATMp10
2025-01-10_2025-02-09.json,8249,0,0,0,0,0,0,42,417,8249,2025-01-10,2025-02-07,nifty,month,call,ATMp10
2025-02-09_2025-03-11.json,7877,2,0,0,0,0,0,44,322,7875,2025-02-10,2025-03-11,nifty,month,call,ATMp10
2025-03-11_2025-04-10.json,7457,1,0,0,0,0,0,38,1630,7456,2025-03-11,2025-04-09,nifty,month,call,ATMp10
2025-04-10_2025-05-10.json,6742,0,0,0,0,0,0,34,663,6742,2025-04-11,2025-05-09,nifty,month,call,ATMp10
2025-05-10_2025-06-09.json,7874,1,0,0,0,0,0,37,582,7873,2025-05-12,2025-06-09,nifty,month,call,ATMp10
2025-06-09_2025-07-09.json,8625,0,0,0,0,0,0,35,1245,8625,2025-06-09,2025-07-09,nifty,month,call,ATMp10
2025-07-09_2025-08-08.json,8625,0,0,0,0,0,0,36,408,8625,2025-07-09,2025-08-08,nifty,month,call,ATMp10
2025-08-08_2025-09-07.json,7125,0,0,0,0,0,0,0,411,7125,2025-08-08,2025-09-05,nifty,month,call,ATMp10
2025-09-07_2025-10-07.json,7875,0,0,0,0,0,0,0,299,7875,2025-09-08,2025-10-07,nifty,month,call,ATMp10
2025-10-07_2025-11-06.json,7605,0,0,0,0,0,0,0,412,7605,2025-10-07,2025-11-06,nifty,month,call,ATMp10
2025-11-06_2025-12-06.json,8250,0,0,0,0,0,0,0,454,8250,2025-11-06,2025-12-05,nifty,month,call,ATMp10
2025-12-06_2026-01-05.json,7499,0,0,0,0,0,0,0,241,7499,2025-12-08,2026-01-05,nifty,month,call,ATMp10
2026-01-05_2026-02-04.json,8250,0,0,0,0,0,0,0,355,8250,2026-01-05,2026-02-04,nifty,month,call,ATMp10
2026-02-04_2026-03-06.json,8249,0,0,0,0,0,0,0,412,8249,2026-02-04,2026-03-06,nifty,month,call,ATMp10
2026-03-06_2026-04-05.json,6746,0,0,0,0,0,0,0,484,6746,2026-03-06,2026-04-02,nifty,month,call,ATMp10
2026-04-05_2026-04-30.json,6745,0,0,0,0,0,0,0,555,6745,2026-04-06,2026-04-30,nifty,month,call,ATMp10
2021-05-01_2021-05-31.json,7500,0,0,0,0,0,0,2,795,7500,2021-05-03,2021-05-31,nifty,month,call,ATMp2
2021-05-31_2021-06-30.json,8625,0,0,0,0,0,0,4,426,8625,2021-05-31,2021-06-30,nifty,month,call,ATMp2
2021-06-30_2021-07-30.json,8250,0,0,0,0,0,0,4,91,8250,2021-06-30,2021-07-30,nifty,month,call,ATMp2
2021-07-30_2021-08-29.json,7504,4,0,0,0,0,0,4,67,7500,2021-07-30,2021-08-27,nifty,month,call,ATMp2
2021-08-29_2021-09-28.json,7879,4,0,0,0,0,0,0,151,7875,2021-08-30,2021-09-28,nifty,month,call,ATMp2
2021-09-28_2021-10-28.json,8262,12,0,0,0,0,0,4,88,8250,2021-09-28,2021-10-28,nifty,month,call,ATMp2
2021-10-28_2021-11-27.json,7190,65,0,0,0,0,0,4,235,7125,2021-10-28,2021-11-26,nifty,month,call,ATMp2
2021-11-27_2021-12-27.json,7882,7,0,0,0,0,0,0,290,7875,2021-11-29,2021-12-27,nifty,month,call,ATMp2
2021-12-27_2022-01-26.json,8261,11,0,0,0,0,0,1,273,8250,2021-12-27,2022-01-25,nifty,month,call,ATMp2
2022-01-26_2022-02-25.json,8263,13,0,0,0,0,0,5,329,8250,2022-01-27,2022-02-25,nifty,month,call,ATMp2
2022-02-25_2022-03-27.json,7130,5,0,0,0,0,0,0,609,7125,2022-02-25,2022-03-25,nifty,month,call,ATMp2
2022-03-27_2022-04-26.json,7514,14,0,0,0,0,0,2,257,7500,2022-03-28,2022-04-26,nifty,month,call,ATMp2
2022-04-26_2022-05-26.json,8261,12,0,0,0,0,0,7,219,8249,2022-04-26,2022-05-26,nifty,month,call,ATMp2
2022-05-26_2022-06-25.json,8249,0,0,0,0,0,0,4,697,8249,2022-05-26,2022-06-24,nifty,month,call,ATMp2
2022-06-25_2022-07-25.json,7875,0,0,0,0,0,0,3,212,7875,2022-06-27,2022-07-25,nifty,month,call,ATMp2
2022-07-25_2022-08-24.json,7875,0,0,0,0,0,0,4,108,7875,2022-07-25,2022-08-24,nifty,month,call,ATMp2
2022-08-24_2022-09-23.json,8250,0,0,0,0,0,0,2,583,8250,2022-08-24,2022-09-23,nifty,month,call,ATMp2
2022-09-23_2022-10-23.json,7499,0,0,0,0,0,0,2,219,7499,2022-09-23,2022-10-21,nifty,month,call,ATMp2
2022-10-23_2022-11-22.json,7185,60,0,0,0,0,0,1,330,7125,2022-10-25,2022-11-22,nifty,month,call,ATMp2
2022-11-22_2022-12-22.json,8625,0,0,0,0,0,0,1,355,8625,2022-11-22,2022-12-22,nifty,month,call,ATMp2
2022-12-22_2023-01-21.json,8250,0,0,0,0,0,0,2,97,8250,2022-12-22,2023-01-20,nifty,month,call,ATMp2
2023-01-21_2023-02-20.json,7500,0,0,0,0,0,0,2,135,7500,2023-01-23,2023-02-20,nifty,month,call,ATMp2
2023-02-20_2023-03-22.json,8250,0,0,0,0,0,0,1,105,8250,2023-02-20,2023-03-22,nifty,month,call,ATMp2
2023-03-22_2023-04-21.json,7125,0,0,0,0,0,0,1,61,7125,2023-03-22,2023-04-21,nifty,month,call,ATMp2
2023-04-21_2023-05-21.json,7508,8,0,0,0,0,0,2,63,7500,2023-04-21,2023-05-19,nifty,month,call,ATMp2
2023-05-21_2023-06-20.json,8264,14,0,0,0,0,0,3,101,8250,2023-05-22,2023-06-20,nifty,month,call,ATMp2
2023-06-20_2023-07-20.json,8262,12,0,0,0,0,0,2,84,8250,2023-06-20,2023-07-20,nifty,month,call,ATMp2
2023-07-20_2023-08-19.json,7887,12,0,0,0,0,0,2,70,7875,2023-07-20,2023-08-18,nifty,month,call,ATMp2
2023-08-19_2023-09-18.json,7889,14,0,0,0,0,0,2,95,7875,2023-08-21,2023-09-18,nifty,month,call,ATMp2
2023-09-18_2023-10-18.json,7887,12,0,0,0,0,0,1,64,7875,2023-09-18,2023-10-18,nifty,month,call,ATMp2
2023-10-18_2023-11-17.json,7945,70,0,0,0,0,0,3,261,7875,2023-10-18,2023-11-17,nifty,month,call,ATMp2
2023-11-17_2023-12-17.json,7512,12,0,0,0,0,0,2,88,7500,2023-11-17,2023-12-15,nifty,month,call,ATMp2
2023-12-17_2024-01-16.json,7885,10,0,0,0,0,0,0,177,7875,2023-12-18,2024-01-16,nifty,month,call,ATMp2
2024-01-16_2024-02-15.json,8260,10,0,0,0,0,0,2,155,8250,2024-01-16,2024-02-15,nifty,month,call,ATMp2
2024-02-15_2024-03-16.json,7996,14,0,0,0,0,0,1,134,7982,2024-02-15,2024-03-15,nifty,month,call,ATMp2
2024-03-16_2024-04-15.json,6756,7,0,0,0,0,0,2,105,6749,2024-03-18,2024-04-15,nifty,month,call,ATMp2
2024-04-15_2024-05-15.json,7878,3,0,0,0,0,0,1,167,7875,2024-04-15,2024-05-15,nifty,month,call,ATMp2
2024-05-15_2024-06-14.json,8633,9,0,0,0,0,0,1,442,8624,2024-05-15,2024-06-14,nifty,month,call,ATMp2
2024-06-14_2024-07-14.json,7505,5,0,0,0,0,0,1,309,7500,2024-06-14,2024-07-12,nifty,month,call,ATMp2
2024-07-14_2024-08-13.json,7875,10,0,0,0,0,0,0,645,7865,2024-07-15,2024-08-13,nifty,month,call,ATMp2
2024-08-13_2024-09-12.json,8254,8,0,0,0,0,0,1,344,8246,2024-08-13,2024-09-12,nifty,month,call,ATMp2
2024-09-12_2024-10-12.json,7873,5,0,0,0,0,0,1,370,7868,2024-09-12,2024-10-11,nifty,month,call,ATMp2
2024-10-12_2024-11-11.json,7553,54,0,0,0,0,0,1,184,7499,2024-10-14,2024-11-11,nifty,month,call,ATMp2
2024-11-11_2024-12-11.json,7876,1,0,0,0,0,0,1,117,7875,2024-11-11,2024-12-11,nifty,month,call,ATMp2
2024-12-11_2025-01-10.json,8252,2,0,0,0,0,0,1,238,8250,2024-12-11,2025-01-10,nifty,month,call,ATMp2
2025-01-10_2025-02-09.json,8250,0,0,0,0,0,0,1,155,8250,2025-01-10,2025-02-07,nifty,month,call,ATMp2
2025-02-09_2025-03-11.json,7878,3,0,0,0,0,0,2,214,7875,2025-02-10,2025-03-11,nifty,month,call,ATMp2
2025-03-11_2025-04-10.json,7496,2,0,0,0,0,0,1,1507,7494,2025-03-11,2025-04-09,nifty,month,call,ATMp2
2025-04-10_2025-05-10.json,6750,0,0,0,0,0,0,0,378,6750,2025-04-11,2025-05-09,nifty,month,call,ATMp2
2025-05-10_2025-06-09.json,7876,1,0,0,0,0,0,2,149,7875,2025-05-12,2025-06-09,nifty,month,call,ATMp2
2025-06-09_2025-07-09.json,8625,0,0,0,0,0,0,1,508,8625,2025-06-09,2025-07-09,nifty,month,call,ATMp2
2025-07-09_2025-08-08.json,8626,1,0,0,0,0,0,0,221,8625,2025-07-09,2025-08-08,nifty,month,call,ATMp2
2025-08-08_2025-09-07.json,7125,0,0,0,0,0,0,0,142,7125,2025-08-08,2025-09-05,nifty,month,call,ATMp2
2025-09-07_2025-10-07.json,7875,0,0,0,0,0,0,0,144,7875,2025-09-08,2025-10-07,nifty,month,call,ATMp2
2025-10-07_2025-11-06.json,7605,0,0,0,0,0,0,0,213,7605,2025-10-07,2025-11-06,nifty,month,call,ATMp2
2025-11-06_2025-12-06.json,8250,0,0,0,0,0,0,0,323,8250,2025-11-06,2025-12-05,nifty,month,call,ATMp2
2025-12-06_2026-01-05.json,7500,0,0,0,0,0,0,0,189,7500,2025-12-08,2026-01-05,nifty,month,call,ATMp2
2026-01-05_2026-02-04.json,8250,0,0,0,0,0,0,0,102,8250,2026-01-05,2026-02-04,nifty,month,call,ATMp2
2026-02-04_2026-03-06.json,8250,0,0,0,0,0,0,0,188,8250,2026-02-04,2026-03-06,nifty,month,call,ATMp2
2026-03-06_2026-04-05.json,6745,0,0,0,0,0,0,0,225,6745,2026-03-06,2026-04-02,nifty,month,call,ATMp2
2026-04-05_2026-04-30.json,6749,0,0,0,0,0,0,0,332,6749,2026-04-06,2026-04-30,nifty,month,call,ATMp2
2021-05-01_2021-05-31.json,7500,0,0,0,0,0,0,8,500,7500,2021-05-03,2021-05-31,nifty,month,call,ATMp3
2021-05-31_2021-06-30.json,8625,0,0,0,0,0,0,9,417,8625,2021-05-31,2021-06-30,nifty,month,call,ATMp3
2021-06-30_2021-07-30.json,8249,0,0,0,0,0,0,8,229,8249,2021-06-30,2021-07-30,nifty,month,call,ATMp3
2021-07-30_2021-08-29.json,7504,4,0,0,0,0,0,7,217,7500,2021-07-30,2021-08-27,nifty,month,call,ATMp3
2021-08-29_2021-09-28.json,7879,4,0,0,0,0,0,0,191,7875,2021-08-30,2021-09-28,nifty,month,call,ATMp3
2021-09-28_2021-10-28.json,8262,12,0,0,0,0,0,12,217,8250,2021-09-28,2021-10-28,nifty,month,call,ATMp3
2021-10-28_2021-11-27.json,7192,67,0,0,0,0,0,10,177,7125,2021-10-28,2021-11-26,nifty,month,call,ATMp3
2021-11-27_2021-12-27.json,7880,5,0,0,0,0,0,0,368,7875,2021-11-29,2021-12-27,nifty,month,call,ATMp3
2021-12-27_2022-01-26.json,8260,10,0,0,0,0,0,5,284,8250,2021-12-27,2022-01-25,nifty,month,call,ATMp3
2022-01-26_2022-02-25.json,8262,12,0,0,0,0,0,10,307,8250,2022-01-27,2022-02-25,nifty,month,call,ATMp3
2022-02-25_2022-03-27.json,7130,6,0,0,0,0,0,0,740,7124,2022-02-25,2022-03-25,nifty,month,call,ATMp3
2022-03-27_2022-04-26.json,7509,9,0,0,0,0,0,4,489,7500,2022-03-28,2022-04-26,nifty,month,call,ATMp3
2022-04-26_2022-05-26.json,8262,12,0,0,0,0,0,13,318,8250,2022-04-26,2022-05-26,nifty,month,call,ATMp3
2022-05-26_2022-06-25.json,8250,1,0,0,0,0,0,7,819,8249,2022-05-26,2022-06-24,nifty,month,call,ATMp3
2022-06-25_2022-07-25.json,7875,0,0,0,0,0,0,6,405,7875,2022-06-27,2022-07-25,nifty,month,call,ATMp3
2022-07-25_2022-08-24.json,7874,0,0,0,0,0,0,7,306,7874,2022-07-25,2022-08-24,nifty,month,call,ATMp3
2022-08-24_2022-09-23.json,8250,0,0,0,0,0,0,4,420,8250,2022-08-24,2022-09-23,nifty,month,call,ATMp3
2022-09-23_2022-10-23.json,7498,0,0,0,0,0,0,5,277,7498,2022-09-23,2022-10-21,nifty,month,call,ATMp3
2022-10-23_2022-11-22.json,7185,60,0,0,0,0,0,4,257,7125,2022-10-25,2022-11-22,nifty,month,call,ATMp3
2022-11-22_2022-12-22.json,8625,0,0,0,0,0,0,3,278,8625,2022-11-22,2022-12-22,nifty,month,call,ATMp3
2022-12-22_2023-01-21.json,8250,0,0,0,0,0,0,5,205,8250,2022-12-22,2023-01-20,nifty,month,call,ATMp3
2023-01-21_2023-02-20.json,7500,0,0,0,0,0,0,5,107,7500,2023-01-23,2023-02-20,nifty,month,call,ATMp3
2023-02-20_2023-03-22.json,8249,0,0,0,0,0,0,4,152,8249,2023-02-20,2023-03-22,nifty,month,call,ATMp3
2023-03-22_2023-04-21.json,7125,0,0,0,0,0,0,5,70,7125,2023-03-22,2023-04-21,nifty,month,call,ATMp3
2023-04-21_2023-05-21.json,7507,7,0,0,0,0,0,7,92,7500,2023-04-21,2023-05-19,nifty,month,call,ATMp3
2023-05-21_2023-06-20.json,8264,14,0,0,0,0,0,7,308,8250,2023-05-22,2023-06-20,nifty,month,call,ATMp3
2023-06-20_2023-07-20.json,8263,13,0,0,0,0,0,6,198,8250,2023-06-20,2023-07-20,nifty,month,call,ATMp3
2023-07-20_2023-08-19.json,7883,8,0,0,0,0,0,4,114,7875,2023-07-20,2023-08-18,nifty,month,call,ATMp3
2023-08-19_2023-09-18.json,7886,11,0,0,0,0,0,7,89,7875,2023-08-21,2023-09-18,nifty,month,call,ATMp3
2023-09-18_2023-10-18.json,7886,11,0,0,0,0,0,4,74,7875,2023-09-18,2023-10-18,nifty,month,call,ATMp3
2023-10-18_2023-11-17.json,7945,70,0,0,0,0,0,4,194,7875,2023-10-18,2023-11-17,nifty,month,call,ATMp3
2023-11-17_2023-12-17.json,7510,10,0,0,0,0,0,4,181,7500,2023-11-17,2023-12-15,nifty,month,call,ATMp3
2023-12-17_2024-01-16.json,7887,12,0,0,0,0,0,4,170,7875,2023-12-18,2024-01-16,nifty,month,call,ATMp3
2024-01-16_2024-02-15.json,8266,16,0,0,0,0,0,5,319,8250,2024-01-16,2024-02-15,nifty,month,call,ATMp3
2024-02-15_2024-03-16.json,7985,12,0,0,0,0,0,3,544,7973,2024-02-15,2024-03-15,nifty,month,call,ATMp3
2024-03-16_2024-04-15.json,6756,7,0,0,0,0,0,4,234,6749,2024-03-18,2024-04-15,nifty,month,call,ATMp3
2024-04-15_2024-05-15.json,7875,2,0,0,0,0,0,2,216,7873,2024-04-15,2024-05-15,nifty,month,call,ATMp3
2024-05-15_2024-06-14.json,8630,5,0,0,0,0,0,3,505,8625,2024-05-15,2024-06-14,nifty,month,call,ATMp3
2024-06-14_2024-07-14.json,7501,3,0,0,0,0,0,2,461,7498,2024-06-14,2024-07-12,nifty,month,call,ATMp3
2024-07-14_2024-08-13.json,7874,6,0,0,0,0,0,2,649,7868,2024-07-15,2024-08-13,nifty,month,call,ATMp3
2024-08-13_2024-09-12.json,8252,3,0,0,0,0,0,2,377,8249,2024-08-13,2024-09-12,nifty,month,call,ATMp3
2024-09-12_2024-10-12.json,7881,8,0,0,0,0,0,2,359,7873,2024-09-12,2024-10-11,nifty,month,call,ATMp3
2024-10-12_2024-11-11.json,7559,61,0,0,0,0,0,3,282,7498,2024-10-14,2024-11-11,nifty,month,call,ATMp3
2024-11-11_2024-12-11.json,7875,2,0,0,0,0,0,3,145,7873,2024-11-11,2024-12-11,nifty,month,call,ATMp3
2024-12-11_2025-01-10.json,8254,4,0,0,0,0,0,3,176,8250,2024-12-11,2025-01-10,nifty,month,call,ATMp3
2025-01-10_2025-02-09.json,8251,1,0,0,0,0,0,4,237,8250,2025-01-10,2025-02-07,nifty,month,call,ATMp3
2025-02-09_2025-03-11.json,7877,3,0,0,0,0,0,3,177,7874,2025-02-10,2025-03-11,nifty,month,call,ATMp3
2025-03-11_2025-04-10.json,7484,2,0,0,0,0,0,3,1659,7482,2025-03-11,2025-04-09,nifty,month,call,ATMp3
2025-04-10_2025-05-10.json,6751,1,0,0,0,0,0,3,792,6750,2025-04-11,2025-05-09,nifty,month,call,ATMp3
2025-05-10_2025-06-09.json,7876,1,0,0,0,0,0,2,432,7875,2025-05-12,2025-06-09,nifty,month,call,ATMp3
2025-06-09_2025-07-09.json,8625,0,0,0,0,0,0,2,526,8625,2025-06-09,2025-07-09,nifty,month,call,ATMp3
2025-07-09_2025-08-08.json,8626,1,0,0,0,0,0,2,319,8625,2025-07-09,2025-08-08,nifty,month,call,ATMp3
2025-08-08_2025-09-07.json,7125,0,0,0,0,0,0,0,202,7125,2025-08-08,2025-09-05,nifty,month,call,ATMp3
2025-09-07_2025-10-07.json,7875,0,0,0,0,0,0,0,264,7875,2025-09-08,2025-10-07,nifty,month,call,ATMp3
2025-10-07_2025-11-06.json,7605,0,0,0,0,0,0,0,202,7605,2025-10-07,2025-11-06,nifty,month,call,ATMp3
2025-11-06_2025-12-06.json,8250,0,0,0,0,0,0,0,220,8250,2025-11-06,2025-12-05,nifty,month,call,ATMp3
2025-12-06_2026-01-05.json,7500,0,0,0,0,0,0,0,112,7500,2025-12-08,2026-01-05,nifty,month,call,ATMp3
2026-01-05_2026-02-04.json,8250,0,0,0,0,0,0,0,168,8250,2026-01-05,2026-02-04,nifty,month,call,ATMp3
2026-02-04_2026-03-06.json,8249,0,0,0,0,0,0,0,271,8249,2026-02-04,2026-03-06,nifty,month,call,ATMp3
2026-03-06_2026-04-05.json,6746,0,0,0,0,0,0,0,393,6746,2026-03-06,2026-04-02,nifty,month,call,ATMp3
2026-04-05_2026-04-30.json,6749,0,0,0,0,0,0,0,640,6749,2026-04-06,2026-04-30,nifty,month,call,ATMp3
2021-05-01_2021-05-31.json,7499,0,0,0,0,0,0,18,927,7499,2021-05-03,2021-05-31,nifty,month,call,ATMp4
2021-05-31_2021-06-30.json,8625,0,0,0,0,0,0,13,666,8625,2021-05-31,2021-06-30,nifty,month,call,ATMp4
2021-06-30_2021-07-30.json,8249,0,0,0,0,0,0,11,241,8249,2021-06-30,2021-07-30,nifty,month,call,ATMp4
2021-07-30_2021-08-29.json,7504,4,0,0,0,0,0,12,232,7500,2021-07-30,2021-08-27,nifty,month,call,ATMp4
2021-08-29_2021-09-28.json,7880,5,0,0,0,0,0,0,436,7875,2021-08-30,2021-09-28,nifty,month,call,ATMp4
2021-09-28_2021-10-28.json,8260,10,0,0,0,0,0,20,302,8250,2021-09-28,2021-10-28,nifty,month,call,ATMp4
2021-10-28_2021-11-27.json,7190,65,0,0,0,0,0,21,292,7125,2021-10-28,2021-11-26,nifty,month,call,ATMp4
2021-11-27_2021-12-27.json,7884,9,0,0,0,0,0,0,374,7875,2021-11-29,2021-12-27,nifty,month,call,ATMp4
2021-12-27_2022-01-26.json,8261,11,0,0,0,0,0,9,332,8250,2021-12-27,2022-01-25,nifty,month,call,ATMp4
2022-01-26_2022-02-25.json,8260,10,0,0,0,0,0,23,484,8250,2022-01-27,2022-02-25,nifty,month,call,ATMp4
2022-02-25_2022-03-27.json,7133,8,0,0,0,0,0,0,831,7125,2022-02-25,2022-03-25,nifty,month,call,ATMp4
2022-03-27_2022-04-26.json,7507,7,0,0,0,0,0,8,436,7500,2022-03-28,2022-04-26,nifty,month,call,ATMp4
2022-04-26_2022-05-26.json,8261,11,0,0,0,0,0,26,311,8250,2022-04-26,2022-05-26,nifty,month,call,ATMp4
2022-05-26_2022-06-25.json,8248,0,0,0,0,0,0,15,882,8248,2022-05-26,2022-06-24,nifty,month,call,ATMp4
2022-06-25_2022-07-25.json,7875,0,0,0,0,0,0,11,304,7875,2022-06-27,2022-07-25,nifty,month,call,ATMp4
2022-07-25_2022-08-24.json,7874,0,0,0,0,0,0,12,200,7874,2022-07-25,2022-08-24,nifty,month,call,ATMp4
2022-08-24_2022-09-23.json,8246,0,0,0,0,0,0,11,722,8246,2022-08-24,2022-09-23,nifty,month,call,ATMp4
2022-09-23_2022-10-23.json,7500,0,0,0,0,0,0,11,323,7500,2022-09-23,2022-10-21,nifty,month,call,ATMp4
2022-10-23_2022-11-22.json,7185,60,0,0,0,0,0,10,436,7125,2022-10-25,2022-11-22,nifty,month,call,ATMp4
2022-11-22_2022-12-22.json,8625,0,0,0,0,0,0,7,491,8625,2022-11-22,2022-12-22,nifty,month,call,ATMp4
2022-12-22_2023-01-21.json,8250,0,0,0,0,0,0,10,160,8250,2022-12-22,2023-01-20,nifty,month,call,ATMp4
2023-01-21_2023-02-20.json,7500,0,0,0,0,0,0,10,175,7500,2023-01-23,2023-02-20,nifty,month,call,ATMp4
2023-02-20_2023-03-22.json,8250,0,0,0,0,0,0,8,161,8250,2023-02-20,2023-03-22,nifty,month,call,ATMp4
2023-03-22_2023-04-21.json,7125,0,0,0,0,0,0,11,104,7125,2023-03-22,2023-04-21,nifty,month,call,ATMp4
2023-04-21_2023-05-21.json,7504,4,0,0,0,0,0,12,115,7500,2023-04-21,2023-05-19,nifty,month,call,ATMp4
2023-05-21_2023-06-20.json,8258,8,0,0,0,0,0,12,221,8250,2023-05-22,2023-06-20,nifty,month,call,ATMp4
2023-06-20_2023-07-20.json,8259,9,0,0,0,0,0,11,145,8250,2023-06-20,2023-07-20,nifty,month,call,ATMp4
2023-07-20_2023-08-19.json,7881,6,0,0,0,0,0,10,145,7875,2023-07-20,2023-08-18,nifty,month,call,ATMp4
2023-08-19_2023-09-18.json,7887,12,0,0,0,0,0,9,82,7875,2023-08-21,2023-09-18,nifty,month,call,ATMp4
2023-09-18_2023-10-18.json,7885,10,0,0,0,0,0,11,55,7875,2023-09-18,2023-10-18,nifty,month,call,ATMp4
2023-10-18_2023-11-17.json,7945,70,0,0,0,0,0,8,312,7875,2023-10-18,2023-11-17,nifty,month,call,ATMp4
2023-11-17_2023-12-17.json,7511,11,0,0,0,0,0,8,124,7500,2023-11-17,2023-12-15,nifty,month,call,ATMp4
2023-12-17_2024-01-16.json,7887,12,0,0,0,0,0,7,309,7875,2023-12-18,2024-01-16,nifty,month,call,ATMp4
2024-01-16_2024-02-15.json,8264,14,0,0,0,0,0,6,278,8250,2024-01-16,2024-02-15,nifty,month,call,ATMp4
2024-02-15_2024-03-16.json,7993,11,0,0,0,0,0,7,274,7982,2024-02-15,2024-03-15,nifty,month,call,ATMp4
2024-03-16_2024-04-15.json,6757,7,0,0,0,0,0,6,216,6750,2024-03-18,2024-04-15,nifty,month,call,ATMp4
2024-04-15_2024-05-15.json,7876,3,0,0,0,0,0,5,311,7873,2024-04-15,2024-05-15,nifty,month,call,ATMp4
2024-05-15_2024-06-14.json,8628,7,0,0,0,0,0,5,539,8621,2024-05-15,2024-06-14,nifty,month,call,ATMp4
2024-06-14_2024-07-14.json,7502,3,0,0,0,0,0,4,485,7499,2024-06-14,2024-07-12,nifty,month,call,ATMp4
2024-07-14_2024-08-13.json,7873,8,0,0,0,0,0,4,778,7865,2024-07-15,2024-08-13,nifty,month,call,ATMp4
2024-08-13_2024-09-12.json,8246,6,0,0,0,0,0,5,548,8240,2024-08-13,2024-09-12,nifty,month,call,ATMp4
2024-09-12_2024-10-12.json,7875,5,0,0,0,0,0,4,452,7870,2024-09-12,2024-10-11,nifty,month,call,ATMp4
2024-10-12_2024-11-11.json,7545,46,0,0,0,0,0,5,312,7499,2024-10-14,2024-11-11,nifty,month,call,ATMp4
2024-11-11_2024-12-11.json,7871,1,0,0,0,0,0,5,287,7870,2024-11-11,2024-12-11,nifty,month,call,ATMp4
2024-12-11_2025-01-10.json,8251,1,0,0,0,0,0,5,426,8250,2024-12-11,2025-01-10,nifty,month,call,ATMp4
2025-01-10_2025-02-09.json,8247,0,0,0,0,0,0,7,379,8247,2025-01-10,2025-02-07,nifty,month,call,ATMp4
2025-02-09_2025-03-11.json,7878,3,0,0,0,0,0,7,309,7875,2025-02-10,2025-03-11,nifty,month,call,ATMp4
2025-03-11_2025-04-10.json,7464,0,0,0,0,0,0,6,1587,7464,2025-03-11,2025-04-09,nifty,month,call,ATMp4
2025-04-10_2025-05-10.json,6748,1,0,0,0,0,0,6,512,6747,2025-04-11,2025-05-09,nifty,month,call,ATMp4
2025-05-10_2025-06-09.json,7876,1,0,0,0,0,0,4,316,7875,2025-05-12,2025-06-09,nifty,month,call,ATMp4
2025-06-09_2025-07-09.json,8624,0,0,0,0,0,0,4,925,8624,2025-06-09,2025-07-09,nifty,month,call,ATMp4
2025-07-09_2025-08-08.json,8626,1,0,0,0,0,0,5,347,8625,2025-07-09,2025-08-08,nifty,month,call,ATMp4
2025-08-08_2025-09-07.json,7125,0,0,0,0,0,0,0,372,7125,2025-08-08,2025-09-05,nifty,month,call,ATMp4
2025-09-07_2025-10-07.json,7875,0,0,0,0,0,0,0,252,7875,2025-09-08,2025-10-07,nifty,month,call,ATMp4
2025-10-07_2025-11-06.json,7605,0,0,0,0,0,0,0,281,7605,2025-10-07,2025-11-06,nifty,month,call,ATMp4
2025-11-06_2025-12-06.json,8249,0,0,0,0,0,0,0,295,8249,2025-11-06,2025-12-05,nifty,month,call,ATMp4
2025-12-06_2026-01-05.json,7500,0,0,0,0,0,0,0,202,7500,2025-12-08,2026-01-05,nifty,month,call,ATMp4
2026-01-05_2026-02-04.json,8249,0,0,0,0,0,0,0,253,8249,2026-01-05,2026-02-04,nifty,month,call,ATMp4
2026-02-04_2026-03-06.json,8250,0,0,0,0,0,0,0,365,8250,2026-02-04,2026-03-06,nifty,month,call,ATMp4
2026-03-06_2026-04-05.json,6742,0,0,0,0,0,0,0,447,6742,2026-03-06,2026-04-02,nifty,month,call,ATMp4
2026-04-05_2026-04-30.json,6749,0,0,0,0,0,0,0,491,6749,2026-04-06,2026-04-30,nifty,month,call,ATMp4
2021-05-01_2021-05-31.json,7499,0,0,0,0,0,0,28,553,7499,2021-05-03,2021-05-31,nifty,month,call,ATMp5
2021-05-31_2021-06-30.json,8623,0,0,0,0,0,0,23,608,8623,2021-05-31,2021-06-30,nifty,month,call,ATMp5
2021-06-30_2021-07-30.json,8250,0,0,0,0,0,0,19,455,8250,2021-06-30,2021-07-30,nifty,month,call,ATMp5
2021-07-30_2021-08-29.json,7507,7,0,0,0,0,0,22,311,7500,2021-07-30,2021-08-27,nifty,month,call,ATMp5
2021-08-29_2021-09-28.json,7880,5,0,0,0,0,0,0,360,7875,2021-08-30,2021-09-28,nifty,month,call,ATMp5
2021-09-28_2021-10-28.json,8260,10,0,0,0,0,0,37,571,8250,2021-09-28,2021-10-28,nifty,month,call,ATMp5
2021-10-28_2021-11-27.json,7190,65,0,0,0,0,0,35,152,7125,2021-10-28,2021-11-26,nifty,month,call,ATMp5
2021-11-27_2021-12-27.json,7882,7,0,0,0,0,0,0,391,7875,2021-11-29,2021-12-27,nifty,month,call,ATMp5
2021-12-27_2022-01-26.json,8262,12,0,0,0,0,0,15,400,8250,2021-12-27,2022-01-25,nifty,month,call,ATMp5
2022-01-26_2022-02-25.json,8258,8,0,0,0,0,0,43,335,8250,2022-01-27,2022-02-25,nifty,month,call,ATMp5
2022-02-25_2022-03-27.json,7133,8,0,0,0,0,0,0,819,7125,2022-02-25,2022-03-25,nifty,month,call,ATMp5
2022-03-27_2022-04-26.json,7509,9,0,0,0,0,0,15,536,7500,2022-03-28,2022-04-26,nifty,month,call,ATMp5
2022-04-26_2022-05-26.json,8261,11,0,0,0,0,0,38,260,8250,2022-04-26,2022-05-26,nifty,month,call,ATMp5
2022-05-26_2022-06-25.json,8248,0,0,0,0,0,0,20,700,8248,2022-05-26,2022-06-24,nifty,month,call,ATMp5
2022-06-25_2022-07-25.json,7875,0,0,0,0,0,0,21,384,7875,2022-06-27,2022-07-25,nifty,month,call,ATMp5
2022-07-25_2022-08-24.json,7873,0,0,0,0,0,0,19,201,7873,2022-07-25,2022-08-24,nifty,month,call,ATMp5
2022-08-24_2022-09-23.json,8248,0,0,0,0,0,0,19,320,8248,2022-08-24,2022-09-23,nifty,month,call,ATMp5
2022-09-23_2022-10-23.json,7499,0,0,0,0,0,0,16,186,7499,2022-09-23,2022-10-21,nifty,month,call,ATMp5
2022-10-23_2022-11-22.json,7185,60,0,0,0,0,0,19,200,7125,2022-10-25,2022-11-22,nifty,month,call,ATMp5
2022-11-22_2022-12-22.json,8623,0,0,0,0,0,0,17,355,8623,2022-11-22,2022-12-22,nifty,month,call,ATMp5
2022-12-22_2023-01-21.json,8250,0,0,0,0,0,0,15,149,8250,2022-12-22,2023-01-20,nifty,month,call,ATMp5
2023-01-21_2023-02-20.json,7500,0,0,0,0,0,0,18,73,7500,2023-01-23,2023-02-20,nifty,month,call,ATMp5
2023-02-20_2023-03-22.json,8250,0,0,0,0,0,0,18,100,8250,2023-02-20,2023-03-22,nifty,month,call,ATMp5
2023-03-22_2023-04-21.json,7125,0,0,0,0,0,0,19,31,7125,2023-03-22,2023-04-21,nifty,month,call,ATMp5
2023-04-21_2023-05-21.json,7509,9,0,0,0,0,0,12,41,7500,2023-04-21,2023-05-19,nifty,month,call,ATMp5
2023-05-21_2023-06-20.json,8259,10,0,0,0,0,0,16,299,8249,2023-05-22,2023-06-20,nifty,month,call,ATMp5
2023-06-20_2023-07-20.json,8261,11,0,0,0,0,0,12,148,8250,2023-06-20,2023-07-20,nifty,month,call,ATMp5
2023-07-20_2023-08-19.json,7885,10,0,0,0,0,0,12,207,7875,2023-07-20,2023-08-18,nifty,month,call,ATMp5
2023-08-19_2023-09-18.json,7881,6,0,0,0,0,0,15,78,7875,2023-08-21,2023-09-18,nifty,month,call,ATMp5
2023-09-18_2023-10-18.json,7885,10,0,0,0,0,0,15,65,7875,2023-09-18,2023-10-18,nifty,month,call,ATMp5
2023-10-18_2023-11-17.json,7945,70,0,0,0,0,0,12,172,7875,2023-10-18,2023-11-17,nifty,month,call,ATMp5
2023-11-17_2023-12-17.json,7511,11,0,0,0,0,0,14,169,7500,2023-11-17,2023-12-15,nifty,month,call,ATMp5
2023-12-17_2024-01-16.json,7885,10,0,0,0,0,0,12,235,7875,2023-12-18,2024-01-16,nifty,month,call,ATMp5
2024-01-16_2024-02-15.json,8263,14,0,0,0,0,0,12,403,8249,2024-01-16,2024-02-15,nifty,month,call,ATMp5
2024-02-15_2024-03-16.json,7980,10,0,0,0,0,0,10,620,7970,2024-02-15,2024-03-15,nifty,month,call,ATMp5
2024-03-16_2024-04-15.json,6754,5,0,0,0,0,0,11,299,6749,2024-03-18,2024-04-15,nifty,month,call,ATMp5
2024-04-15_2024-05-15.json,7877,2,0,0,0,0,0,10,260,7875,2024-04-15,2024-05-15,nifty,month,call,ATMp5
2024-05-15_2024-06-14.json,8630,6,0,0,0,0,0,10,593,8624,2024-05-15,2024-06-14,nifty,month,call,ATMp5
2024-06-14_2024-07-14.json,7501,2,0,0,0,0,0,8,439,7499,2024-06-14,2024-07-12,nifty,month,call,ATMp5
2024-07-14_2024-08-13.json,7877,7,0,0,0,0,0,8,700,7870,2024-07-15,2024-08-13,nifty,month,call,ATMp5
2024-08-13_2024-09-12.json,8254,6,0,0,0,0,0,8,339,8248,2024-08-13,2024-09-12,nifty,month,call,ATMp5
2024-09-12_2024-10-12.json,7880,9,0,0,0,0,0,7,600,7871,2024-09-12,2024-10-11,nifty,month,call,ATMp5
2024-10-12_2024-11-11.json,7555,60,0,0,0,0,0,7,346,7495,2024-10-14,2024-11-11,nifty,month,call,ATMp5
2024-11-11_2024-12-11.json,7875,2,0,0,0,0,0,10,254,7873,2024-11-11,2024-12-11,nifty,month,call,ATMp5
2024-12-11_2025-01-10.json,8250,2,0,0,0,0,0,9,341,8248,2024-12-11,2025-01-10,nifty,month,call,ATMp5
2025-01-10_2025-02-09.json,8249,0,0,0,0,0,0,8,371,8249,2025-01-10,2025-02-07,nifty,month,call,ATMp5
2025-02-09_2025-03-11.json,7878,3,0,0,0,0,0,10,277,7875,2025-02-10,2025-03-11,nifty,month,call,ATMp5
2025-03-11_2025-04-10.json,7425,0,0,0,0,0,0,9,1585,7425,2025-03-11,2025-04-09,nifty,month,call,ATMp5
2025-04-10_2025-05-10.json,6750,1,0,0,0,0,0,7,885,6749,2025-04-11,2025-05-09,nifty,month,call,ATMp5
2025-05-10_2025-06-09.json,7875,1,0,0,0,0,0,8,630,7874,2025-05-12,2025-06-09,nifty,month,call,ATMp5
2025-06-09_2025-07-09.json,8625,0,0,0,0,0,0,7,720,8625,2025-06-09,2025-07-09,nifty,month,call,ATMp5
2025-07-09_2025-08-08.json,8626,1,0,0,0,0,0,9,407,8625,2025-07-09,2025-08-08,nifty,month,call,ATMp5
2025-08-08_2025-09-07.json,7125,0,0,0,0,0,0,0,313,7125,2025-08-08,2025-09-05,nifty,month,call,ATMp5
2025-09-07_2025-10-07.json,7875,0,0,0,0,0,0,0,392,7875,2025-09-08,2025-10-07,nifty,month,call,ATMp5
2025-10-07_2025-11-06.json,7605,0,0,0,0,0,0,0,312,7605,2025-10-07,2025-11-06,nifty,month,call,ATMp5
2025-11-06_2025-12-06.json,8250,0,0,0,0,0,0,0,372,8250,2025-11-06,2025-12-05,nifty,month,call,ATMp5
2025-12-06_2026-01-05.json,7500,0,0,0,0,0,0,0,178,7500,2025-12-08,2026-01-05,nifty,month,call,ATMp5
2026-01-05_2026-02-04.json,8250,0,0,0,0,0,0,0,305,8250,2026-01-05,2026-02-04,nifty,month,call,ATMp5
2026-02-04_2026-03-06.json,8248,0,0,0,0,0,0,0,495,8248,2026-02-04,2026-03-06,nifty,month,call,ATMp5
2026-03-06_2026-04-05.json,6745,0,0,0,0,0,0,0,607,6745,2026-03-06,2026-04-02,nifty,month,call,ATMp5
2026-04-05_2026-04-30.json,6748,0,0,0,0,0,0,0,643,6748,2026-04-06,2026-04-30,nifty,month,call,ATMp5
2021-05-01_2021-05-31.json,7500,0,0,0,0,0,0,35,992,7500,2021-05-03,2021-05-31,nifty,month,call,ATMp6
2021-05-31_2021-06-30.json,8624,0,0,0,0,0,0,31,701,8624,2021-05-31,2021-06-30,nifty,month,call,ATMp6
2021-06-30_2021-07-30.json,8250,0,0,0,0,0,0,34,257,8250,2021-06-30,2021-07-30,nifty,month,call,ATMp6
2021-07-30_2021-08-29.json,7500,0,0,0,0,0,0,30,335,7500,2021-07-30,2021-08-27,nifty,month,call,ATMp6
2021-08-29_2021-09-28.json,7879,4,0,0,0,0,0,0,438,7875,2021-08-30,2021-09-28,nifty,month,call,ATMp6
2021-09-28_2021-10-28.json,8260,10,0,0,0,0,0,55,355,8250,2021-09-28,2021-10-28,nifty,month,call,ATMp6
2021-10-28_2021-11-27.json,7193,68,0,0,0,0,0,54,248,7125,2021-10-28,2021-11-26,nifty,month,call,ATMp6
2021-11-27_2021-12-27.json,7883,8,0,0,0,0,0,0,253,7875,2021-11-29,2021-12-27,nifty,month,call,ATMp6
2021-12-27_2022-01-26.json,8259,9,0,0,0,0,0,28,274,8250,2021-12-27,2022-01-25,nifty,month,call,ATMp6
2022-01-26_2022-02-25.json,8264,14,0,0,0,0,0,65,289,8250,2022-01-27,2022-02-25,nifty,month,call,ATMp6
2022-02-25_2022-03-27.json,7131,6,0,0,0,0,0,0,793,7125,2022-02-25,2022-03-25,nifty,month,call,ATMp6
2022-03-27_2022-04-26.json,7511,11,0,0,0,0,0,25,475,7500,2022-03-28,2022-04-26,nifty,month,call,ATMp6
2022-04-26_2022-05-26.json,8262,13,0,0,0,0,0,56,368,8249,2022-04-26,2022-05-26,nifty,month,call,ATMp6
2022-05-26_2022-06-25.json,8246,1,0,0,0,0,0,31,1260,8245,2022-05-26,2022-06-24,nifty,month,call,ATMp6
2022-06-25_2022-07-25.json,7873,0,0,0,0,0,0,30,468,7873,2022-06-27,2022-07-25,nifty,month,call,ATMp6
2022-07-25_2022-08-24.json,7875,0,0,0,0,0,0,24,279,7875,2022-07-25,2022-08-24,nifty,month,call,ATMp6
2022-08-24_2022-09-23.json,8245,0,0,0,0,0,0,28,1078,8245,2022-08-24,2022-09-23,nifty,month,call,ATMp6
2022-09-23_2022-10-23.json,7500,0,0,0,0,0,0,26,447,7500,2022-09-23,2022-10-21,nifty,month,call,ATMp6
2022-10-23_2022-11-22.json,7181,60,0,0,0,0,0,22,349,7121,2022-10-25,2022-11-22,nifty,month,call,ATMp6
2022-11-22_2022-12-22.json,8622,0,0,0,0,0,0,21,436,8622,2022-11-22,2022-12-22,nifty,month,call,ATMp6
2022-12-22_2023-01-21.json,8249,0,0,0,0,0,0,26,154,8249,2022-12-22,2023-01-20,nifty,month,call,ATMp6
2023-01-21_2023-02-20.json,7500,0,0,0,0,0,0,27,215,7500,2023-01-23,2023-02-20,nifty,month,call,ATMp6
2023-02-20_2023-03-22.json,8250,0,0,0,0,0,0,27,172,8250,2023-02-20,2023-03-22,nifty,month,call,ATMp6
2023-03-22_2023-04-21.json,7124,0,0,0,0,0,0,25,98,7124,2023-03-22,2023-04-21,nifty,month,call,ATMp6
2023-04-21_2023-05-21.json,7506,6,0,0,0,0,0,23,102,7500,2023-04-21,2023-05-19,nifty,month,call,ATMp6
2023-05-21_2023-06-20.json,8260,11,0,0,0,0,0,19,261,8249,2023-05-22,2023-06-20,nifty,month,call,ATMp6
2023-06-20_2023-07-20.json,8262,12,0,0,0,0,0,16,73,8250,2023-06-20,2023-07-20,nifty,month,call,ATMp6
2023-07-20_2023-08-19.json,7886,11,0,0,0,0,0,21,158,7875,2023-07-20,2023-08-18,nifty,month,call,ATMp6
2023-08-19_2023-09-18.json,7888,13,0,0,0,0,0,19,54,7875,2023-08-21,2023-09-18,nifty,month,call,ATMp6
2023-09-18_2023-10-18.json,7888,13,0,0,0,0,0,19,46,7875,2023-09-18,2023-10-18,nifty,month,call,ATMp6
2023-10-18_2023-11-17.json,7944,70,0,0,0,0,0,19,271,7874,2023-10-18,2023-11-17,nifty,month,call,ATMp6
2023-11-17_2023-12-17.json,7512,12,0,0,0,0,0,20,63,7500,2023-11-17,2023-12-15,nifty,month,call,ATMp6
2023-12-17_2024-01-16.json,7885,10,0,0,0,0,0,15,411,7875,2023-12-18,2024-01-16,nifty,month,call,ATMp6
2024-01-16_2024-02-15.json,8262,12,0,0,0,0,0,18,243,8250,2024-01-16,2024-02-15,nifty,month,call,ATMp6
2024-02-15_2024-03-16.json,7994,12,0,0,0,0,0,16,260,7982,2024-02-15,2024-03-15,nifty,month,call,ATMp6
2024-03-16_2024-04-15.json,6754,7,0,0,0,0,0,14,223,6747,2024-03-18,2024-04-15,nifty,month,call,ATMp6
2024-04-15_2024-05-15.json,7878,4,0,0,0,0,0,14,285,7874,2024-04-15,2024-05-15,nifty,month,call,ATMp6
2024-05-15_2024-06-14.json,8627,6,0,0,0,0,0,16,579,8621,2024-05-15,2024-06-14,nifty,month,call,ATMp6
2024-06-14_2024-07-14.json,7500,3,0,0,0,0,0,10,591,7497,2024-06-14,2024-07-12,nifty,month,call,ATMp6
2024-07-14_2024-08-13.json,7872,9,0,0,0,0,0,12,770,7863,2024-07-15,2024-08-13,nifty,month,call,ATMp6
2024-08-13_2024-09-12.json,8254,8,0,0,0,0,0,12,614,8246,2024-08-13,2024-09-12,nifty,month,call,ATMp6
2024-09-12_2024-10-12.json,7876,5,0,0,0,0,0,9,542,7871,2024-09-12,2024-10-11,nifty,month,call,ATMp6
2024-10-12_2024-11-11.json,7550,51,0,0,0,0,0,12,376,7499,2024-10-14,2024-11-11,nifty,month,call,ATMp6
2024-11-11_2024-12-11.json,7872,1,0,0,0,0,0,11,479,7871,2024-11-11,2024-12-11,nifty,month,call,ATMp6
2024-12-11_2025-01-10.json,8252,3,0,0,0,0,0,13,669,8249,2024-12-11,2025-01-10,nifty,month,call,ATMp6
2025-01-10_2025-02-09.json,8250,1,0,0,0,0,0,12,464,8249,2025-01-10,2025-02-07,nifty,month,call,ATMp6
2025-02-09_2025-03-11.json,7877,3,0,0,0,0,0,15,472,7874,2025-02-10,2025-03-11,nifty,month,call,ATMp6
2025-03-11_2025-04-10.json,7476,2,0,0,0,0,0,14,1822,7474,2025-03-11,2025-04-09,nifty,month,call,ATMp6
2025-04-10_2025-05-10.json,6747,1,0,0,0,0,0,12,631,6746,2025-04-11,2025-05-09,nifty,month,call,ATMp6
2025-05-10_2025-06-09.json,7876,1,0,0,0,0,0,13,471,7875,2025-05-12,2025-06-09,nifty,month,call,ATMp6
2025-06-09_2025-07-09.json,8625,0,0,0,0,0,0,11,1061,8625,2025-06-09,2025-07-09,nifty,month,call,ATMp6
2025-07-09_2025-08-08.json,8625,0,0,0,0,0,0,12,430,8625,2025-07-09,2025-08-08,nifty,month,call,ATMp6
2025-08-08_2025-09-07.json,7125,0,0,0,0,0,0,0,489,7125,2025-08-08,2025-09-05,nifty,month,call,ATMp6
2025-09-07_2025-10-07.json,7875,0,0,0,0,0,0,0,321,7875,2025-09-08,2025-10-07,nifty,month,call,ATMp6
2025-10-07_2025-11-06.json,7605,0,0,0,0,0,0,0,384,7605,2025-10-07,2025-11-06,nifty,month,call,ATMp6
2025-11-06_2025-12-06.json,8250,0,0,0,0,0,0,0,499,8250,2025-11-06,2025-12-05,nifty,month,call,ATMp6
2025-12-06_2026-01-05.json,7500,0,0,0,0,0,0,0,252,7500,2025-12-08,2026-01-05,nifty,month,call,ATMp6
2026-01-05_2026-02-04.json,8249,0,0,0,0,0,0,0,366,8249,2026-01-05,2026-02-04,nifty,month,call,ATMp6
2026-02-04_2026-03-06.json,8248,0,0,0,0,0,0,0,537,8248,2026-02-04,2026-03-06,nifty,month,call,ATMp6
2026-03-06_2026-04-05.json,6746,0,0,0,0,0,0,0,572,6746,2026-03-06,2026-04-02,nifty,month,call,ATMp6
2026-04-05_2026-04-30.json,6748,0,0,0,0,0,0,0,592,6748,2026-04-06,2026-04-30,nifty,month,call,ATMp6
2021-05-01_2021-05-31.json,7495,0,0,0,0,0,0,45,579,7495,2021-05-03,2021-05-31,nifty,month,call,ATMp7
2021-05-31_2021-06-30.json,8625,0,0,0,0,0,0,46,562,8625,2021-05-31,2021-06-30,nifty,month,call,ATMp7
2021-06-30_2021-07-30.json,8248,0,0,0,0,0,0,44,382,8248,2021-06-30,2021-07-30,nifty,month,call,ATMp7
2021-07-30_2021-08-29.json,7501,4,0,0,0,0,0,34,331,7497,2021-07-30,2021-08-27,nifty,month,call,ATMp7
2021-08-29_2021-09-28.json,7879,4,0,0,0,0,0,0,380,7875,2021-08-30,2021-09-28,nifty,month,call,ATMp7
2021-09-28_2021-10-28.json,8260,10,0,0,0,0,0,80,715,8250,2021-09-28,2021-10-28,nifty,month,call,ATMp7
2021-10-28_2021-11-27.json,7190,65,0,0,0,0,0,76,137,7125,2021-10-28,2021-11-26,nifty,month,call,ATMp7
2021-11-27_2021-12-27.json,7882,7,0,0,0,0,0,0,385,7875,2021-11-29,2021-12-27,nifty,month,call,ATMp7
2021-12-27_2022-01-26.json,8263,14,0,0,0,0,0,34,423,8249,2021-12-27,2022-01-25,nifty,month,call,ATMp7
2022-01-26_2022-02-25.json,8259,10,0,0,0,0,0,89,479,8249,2022-01-27,2022-02-25,nifty,month,call,ATMp7
2022-02-25_2022-03-27.json,7133,8,0,0,0,0,0,0,1060,7125,2022-02-25,2022-03-25,nifty,month,call,ATMp7
2022-03-27_2022-04-26.json,7511,11,0,0,0,0,0,33,613,7500,2022-03-28,2022-04-26,nifty,month,call,ATMp7
2022-04-26_2022-05-26.json,8259,9,0,0,0,0,0,71,258,8250,2022-04-26,2022-05-26,nifty,month,call,ATMp7
2022-05-26_2022-06-25.json,8248,1,0,0,0,0,0,38,1098,8247,2022-05-26,2022-06-24,nifty,month,call,ATMp7
2022-06-25_2022-07-25.json,7873,0,0,0,0,0,0,39,723,7873,2022-06-27,2022-07-25,nifty,month,call,ATMp7
2022-07-25_2022-08-24.json,7873,0,0,0,0,0,0,35,575,7873,2022-07-25,2022-08-24,nifty,month,call,ATMp7
2022-08-24_2022-09-23.json,8244,0,0,0,0,0,0,38,762,8244,2022-08-24,2022-09-23,nifty,month,call,ATMp7
2022-09-23_2022-10-23.json,7494,0,0,0,0,0,0,38,581,7494,2022-09-23,2022-10-21,nifty,month,call,ATMp7
2022-10-23_2022-11-22.json,7182,60,0,0,0,0,0,34,446,7122,2022-10-25,2022-11-22,nifty,month,call,ATMp7
2022-11-22_2022-12-22.json,8624,0,0,0,0,0,0,30,537,8624,2022-11-22,2022-12-22,nifty,month,call,ATMp7
2022-12-22_2023-01-21.json,8250,0,0,0,0,0,0,32,245,8250,2022-12-22,2023-01-20,nifty,month,call,ATMp7
2023-01-21_2023-02-20.json,7499,0,0,0,0,0,0,35,196,7499,2023-01-23,2023-02-20,nifty,month,call,ATMp7
2023-02-20_2023-03-22.json,8250,0,0,0,0,0,0,37,183,8250,2023-02-20,2023-03-22,nifty,month,call,ATMp7
2023-03-22_2023-04-21.json,7125,0,0,0,0,0,0,34,58,7125,2023-03-22,2023-04-21,nifty,month,call,ATMp7
2023-04-21_2023-05-21.json,7505,5,0,0,0,0,0,37,83,7500,2023-04-21,2023-05-19,nifty,month,call,ATMp7
2023-05-21_2023-06-20.json,8256,7,0,0,0,0,0,30,309,8249,2023-05-22,2023-06-20,nifty,month,call,ATMp7
2023-06-20_2023-07-20.json,8259,9,0,0,0,0,0,31,179,8250,2023-06-20,2023-07-20,nifty,month,call,ATMp7
2023-07-20_2023-08-19.json,7881,7,0,0,0,0,0,30,259,7874,2023-07-20,2023-08-18,nifty,month,call,ATMp7
2023-08-19_2023-09-18.json,7885,10,0,0,0,0,0,27,82,7875,2023-08-21,2023-09-18,nifty,month,call,ATMp7
2023-09-18_2023-10-18.json,7883,9,0,0,0,0,0,28,96,7874,2023-09-18,2023-10-18,nifty,month,call,ATMp7
2023-10-18_2023-11-17.json,7943,68,0,0,0,0,0,29,268,7875,2023-10-18,2023-11-17,nifty,month,call,ATMp7
2023-11-17_2023-12-17.json,7504,4,0,0,0,0,0,24,191,7500,2023-11-17,2023-12-15,nifty,month,call,ATMp7
2023-12-17_2024-01-16.json,7883,9,0,0,0,0,0,22,284,7874,2023-12-18,2024-01-16,nifty,month,call,ATMp7
2024-01-16_2024-02-15.json,8256,8,0,0,0,0,0,25,447,8248,2024-01-16,2024-02-15,nifty,month,call,ATMp7
2024-02-15_2024-03-16.json,7991,11,0,0,0,0,0,23,517,7980,2024-02-15,2024-03-15,nifty,month,call,ATMp7
2024-03-16_2024-04-15.json,6757,8,0,0,0,0,0,20,263,6749,2024-03-18,2024-04-15,nifty,month,call,ATMp7
2024-04-15_2024-05-15.json,7870,2,0,0,0,0,0,20,212,7868,2024-04-15,2024-05-15,nifty,month,call,ATMp7
2024-05-15_2024-06-14.json,8630,6,0,0,0,0,0,22,608,8624,2024-05-15,2024-06-14,nifty,month,call,ATMp7
2024-06-14_2024-07-14.json,7501,2,0,0,0,0,0,18,561,7499,2024-06-14,2024-07-12,nifty,month,call,ATMp7
2024-07-14_2024-08-13.json,7874,6,0,0,0,0,0,16,752,7868,2024-07-15,2024-08-13,nifty,month,call,ATMp7
2024-08-13_2024-09-12.json,8252,2,0,0,0,0,0,16,466,8250,2024-08-13,2024-09-12,nifty,month,call,ATMp7
2024-09-12_2024-10-12.json,7877,7,0,0,0,0,0,13,593,7870,2024-09-12,2024-10-11,nifty,month,call,ATMp7
2024-10-12_2024-11-11.json,7553,57,0,0,0,0,0,16,438,7496,2024-10-14,2024-11-11,nifty,month,call,ATMp7
2024-11-11_2024-12-11.json,7877,3,0,0,0,0,0,19,360,7874,2024-11-11,2024-12-11,nifty,month,call,ATMp7
2024-12-11_2025-01-10.json,8252,3,0,0,0,0,0,17,387,8249,2024-12-11,2025-01-10,nifty,month,call,ATMp7
2025-01-10_2025-02-09.json,8251,1,0,0,0,0,0,19,451,8250,2025-01-10,2025-02-07,nifty,month,call,ATMp7
2025-02-09_2025-03-11.json,7876,3,0,0,0,0,0,19,293,7873,2025-02-10,2025-03-11,nifty,month,call,ATMp7
2025-03-11_2025-04-10.json,7467,1,0,0,0,0,0,19,1781,7466,2025-03-11,2025-04-09,nifty,month,call,ATMp7
2025-04-10_2025-05-10.json,6746,0,0,0,0,0,0,16,918,6746,2025-04-11,2025-05-09,nifty,month,call,ATMp7
2025-05-10_2025-06-09.json,7875,1,0,0,0,0,0,18,816,7874,2025-05-12,2025-06-09,nifty,month,call,ATMp7
2025-06-09_2025-07-09.json,8623,0,0,0,0,0,0,15,865,8623,2025-06-09,2025-07-09,nifty,month,call,ATMp7
2025-07-09_2025-08-08.json,8625,0,0,0,0,0,0,15,348,8625,2025-07-09,2025-08-08,nifty,month,call,ATMp7
2025-08-08_2025-09-07.json,7125,0,0,0,0,0,0,0,319,7125,2025-08-08,2025-09-05,nifty,month,call,ATMp7
2025-09-07_2025-10-07.json,7875,0,0,0,0,0,0,0,363,7875,2025-09-08,2025-10-07,nifty,month,call,ATMp7
2025-10-07_2025-11-06.json,7605,0,0,0,0,0,0,0,314,7605,2025-10-07,2025-11-06,nifty,month,call,ATMp7
2025-11-06_2025-12-06.json,8250,0,0,0,0,0,0,0,407,8250,2025-11-06,2025-12-05,nifty,month,call,ATMp7
2025-12-06_2026-01-05.json,7500,0,0,0,0,0,0,0,150,7500,2025-12-08,2026-01-05,nifty,month,call,ATMp7
2026-01-05_2026-02-04.json,8250,0,0,0,0,0,0,0,276,8250,2026-01-05,2026-02-04,nifty,month,call,ATMp7
2026-02-04_2026-03-06.json,8250,0,0,0,0,0,0,0,550,8250,2026-02-04,2026-03-06,nifty,month,call,ATMp7
2026-03-06_2026-04-05.json,6746,0,0,0,0,0,0,0,661,6746,2026-03-06,2026-04-02,nifty,month,call,ATMp7
2026-04-05_2026-04-30.json,6748,0,0,0,0,0,0,0,676,6748,2026-04-06,2026-04-30,nifty,month,call,ATMp7
2021-05-01_2021-05-31.json,7500,0,0,0,0,0,0,60,992,7500,2021-05-03,2021-05-31,nifty,month,call,ATMp8
2021-05-31_2021-06-30.json,8624,0,0,0,0,0,0,61,683,8624,2021-05-31,2021-06-30,nifty,month,call,ATMp8
2021-06-30_2021-07-30.json,8247,0,0,0,0,0,0,56,320,8247,2021-06-30,2021-07-30,nifty,month,call,ATMp8
2021-07-30_2021-08-29.json,7501,2,0,0,0,0,0,47,604,7499,2021-07-30,2021-08-27,nifty,month,call,ATMp8
2021-08-29_2021-09-28.json,7877,2,0,0,0,0,0,0,493,7875,2021-08-30,2021-09-28,nifty,month,call,ATMp8
2021-09-28_2021-10-28.json,8256,6,0,0,0,0,0,105,360,8250,2021-09-28,2021-10-28,nifty,month,call,ATMp8
2021-10-28_2021-11-27.json,7185,60,0,0,0,0,0,97,382,7125,2021-10-28,2021-11-26,nifty,month,call,ATMp8
2021-11-27_2021-12-27.json,7882,7,0,0,0,0,0,0,461,7875,2021-11-29,2021-12-27,nifty,month,call,ATMp8
2021-12-27_2022-01-26.json,8256,6,0,0,0,0,0,41,536,8250,2021-12-27,2022-01-25,nifty,month,call,ATMp8
2022-01-26_2022-02-25.json,8260,11,0,0,0,0,0,109,741,8249,2022-01-27,2022-02-25,nifty,month,call,ATMp8
2022-02-25_2022-03-27.json,7130,6,0,0,0,0,0,0,1100,7124,2022-02-25,2022-03-25,nifty,month,call,ATMp8
2022-03-27_2022-04-26.json,7512,13,0,0,0,0,0,49,430,7499,2022-03-28,2022-04-26,nifty,month,call,ATMp8
2022-04-26_2022-05-26.json,8258,8,0,0,0,0,0,96,240,8250,2022-04-26,2022-05-26,nifty,month,call,ATMp8
2022-05-26_2022-06-25.json,8238,0,0,0,0,0,0,56,1301,8238,2022-05-26,2022-06-24,nifty,month,call,ATMp8
2022-06-25_2022-07-25.json,7873,0,0,0,0,0,0,53,501,7873,2022-06-27,2022-07-25,nifty,month,call,ATMp8
2022-07-25_2022-08-24.json,7875,0,0,0,0,0,0,47,395,7875,2022-07-25,2022-08-24,nifty,month,call,ATMp8
2022-08-24_2022-09-23.json,8244,0,0,0,0,0,0,50,1218,8244,2022-08-24,2022-09-23,nifty,month,call,ATMp8
2022-09-23_2022-10-23.json,7497,0,0,0,0,0,0,50,546,7497,2022-09-23,2022-10-21,nifty,month,call,ATMp8
2022-10-23_2022-11-22.json,7182,60,0,0,0,0,0,45,547,7122,2022-10-25,2022-11-22,nifty,month,call,ATMp8
2022-11-22_2022-12-22.json,8622,0,0,0,0,0,0,44,528,8622,2022-11-22,2022-12-22,nifty,month,call,ATMp8
2022-12-22_2023-01-21.json,8248,0,0,0,0,0,0,46,222,8248,2022-12-22,2023-01-20,nifty,month,call,ATMp8
2023-01-21_2023-02-20.json,7499,0,0,0,0,0,0,46,211,7499,2023-01-23,2023-02-20,nifty,month,call,ATMp8
2023-02-20_2023-03-22.json,8250,0,0,0,0,0,0,48,177,8250,2023-02-20,2023-03-22,nifty,month,call,ATMp8
2023-03-22_2023-04-21.json,7125,0,0,0,0,0,0,49,49,7125,2023-03-22,2023-04-21,nifty,month,call,ATMp8
2023-04-21_2023-05-21.json,7504,4,0,0,0,0,0,45,144,7500,2023-04-21,2023-05-19,nifty,month,call,ATMp8
2023-05-21_2023-06-20.json,8257,8,0,0,0,0,0,40,315,8249,2023-05-22,2023-06-20,nifty,month,call,ATMp8
2023-06-20_2023-07-20.json,8258,10,0,0,0,0,0,42,106,8248,2023-06-20,2023-07-20,nifty,month,call,ATMp8
2023-07-20_2023-08-19.json,7884,10,0,0,0,0,0,41,171,7874,2023-07-20,2023-08-18,nifty,month,call,ATMp8
2023-08-19_2023-09-18.json,7882,8,0,0,0,0,0,37,95,7874,2023-08-21,2023-09-18,nifty,month,call,ATMp8
2023-09-18_2023-10-18.json,7884,9,0,0,0,0,0,44,89,7875,2023-09-18,2023-10-18,nifty,month,call,ATMp8
2023-10-18_2023-11-17.json,7940,66,0,0,0,0,0,45,374,7874,2023-10-18,2023-11-17,nifty,month,call,ATMp8
2023-11-17_2023-12-17.json,7506,6,0,0,0,0,0,31,163,7500,2023-11-17,2023-12-15,nifty,month,call,ATMp8
2023-12-17_2024-01-16.json,7882,7,0,0,0,0,0,26,571,7875,2023-12-18,2024-01-16,nifty,month,call,ATMp8
2024-01-16_2024-02-15.json,8256,11,0,0,0,0,0,31,543,8245,2024-01-16,2024-02-15,nifty,month,call,ATMp8
2024-02-15_2024-03-16.json,7990,9,0,0,0,0,0,28,335,7981,2024-02-15,2024-03-15,nifty,month,call,ATMp8
2024-03-16_2024-04-15.json,6752,4,0,0,0,0,0,26,293,6748,2024-03-18,2024-04-15,nifty,month,call,ATMp8
2024-04-15_2024-05-15.json,7874,1,0,0,0,0,0,29,442,7873,2024-04-15,2024-05-15,nifty,month,call,ATMp8
2024-05-15_2024-06-14.json,8630,8,0,0,0,0,0,29,688,8622,2024-05-15,2024-06-14,nifty,month,call,ATMp8
2024-06-14_2024-07-14.json,7501,5,0,0,0,0,0,23,538,7496,2024-06-14,2024-07-12,nifty,month,call,ATMp8
2024-07-14_2024-08-13.json,7873,10,0,0,0,0,0,21,942,7863,2024-07-15,2024-08-13,nifty,month,call,ATMp8
2024-08-13_2024-09-12.json,8250,5,0,0,0,0,0,20,744,8245,2024-08-13,2024-09-12,nifty,month,call,ATMp8
2024-09-12_2024-10-12.json,7879,9,0,0,0,0,0,20,585,7870,2024-09-12,2024-10-11,nifty,month,call,ATMp8
2024-10-12_2024-11-11.json,7547,50,0,0,0,0,0,22,359,7497,2024-10-14,2024-11-11,nifty,month,call,ATMp8
2024-11-11_2024-12-11.json,7876,2,0,0,0,0,0,25,521,7874,2024-11-11,2024-12-11,nifty,month,call,ATMp8
2024-12-11_2025-01-10.json,8251,3,0,0,0,0,0,24,630,8248,2024-12-11,2025-01-10,nifty,month,call,ATMp8
2025-01-10_2025-02-09.json,8247,0,0,0,0,0,0,26,495,8247,2025-01-10,2025-02-07,nifty,month,call,ATMp8
2025-02-09_2025-03-11.json,7875,3,0,0,0,0,0,27,433,7872,2025-02-10,2025-03-11,nifty,month,call,ATMp8
2025-03-11_2025-04-10.json,7478,1,0,0,0,0,0,24,1760,7477,2025-03-11,2025-04-09,nifty,month,call,ATMp8
2025-04-10_2025-05-10.json,6746,0,0,0,0,0,0,22,655,6746,2025-04-11,2025-05-09,nifty,month,call,ATMp8
2025-05-10_2025-06-09.json,7874,0,0,0,0,0,0,23,490,7874,2025-05-12,2025-06-09,nifty,month,call,ATMp8
2025-06-09_2025-07-09.json,8622,0,0,0,0,0,0,19,1116,8622,2025-06-09,2025-07-09,nifty,month,call,ATMp8
2025-07-09_2025-08-08.json,8625,0,0,0,0,0,0,21,411,8625,2025-07-09,2025-08-08,nifty,month,call,ATMp8
2025-08-08_2025-09-07.json,7125,0,0,0,0,0,0,0,414,7125,2025-08-08,2025-09-05,nifty,month,call,ATMp8
2025-09-07_2025-10-07.json,7875,0,0,0,0,0,0,0,239,7875,2025-09-08,2025-10-07,nifty,month,call,ATMp8
2025-10-07_2025-11-06.json,7605,0,0,0,0,0,0,0,385,7605,2025-10-07,2025-11-06,nifty,month,call,ATMp8
2025-11-06_2025-12-06.json,8250,0,0,0,0,0,0,0,418,8250,2025-11-06,2025-12-05,nifty,month,call,ATMp8
2025-12-06_2026-01-05.json,7500,0,0,0,0,0,0,0,253,7500,2025-12-08,2026-01-05,nifty,month,call,ATMp8
2026-01-05_2026-02-04.json,8248,0,0,0,0,0,0,0,258,8248,2026-01-05,2026-02-04,nifty,month,call,ATMp8
2026-02-04_2026-03-06.json,8249,0,0,0,0,0,0,0,432,8249,2026-02-04,2026-03-06,nifty,month,call,ATMp8
2026-03-06_2026-04-05.json,6746,0,0,0,0,0,0,0,513,6746,2026-03-06,2026-04-02,nifty,month,call,ATMp8
2026-04-05_2026-04-30.json,6749,0,0,0,0,0,0,0,606,6749,2026-04-06,2026-04-30,nifty,month,call,ATMp8
2021-05-01_2021-05-31.json,7497,0,0,0,0,0,0,80,547,7497,2021-05-03,2021-05-31,nifty,month,call,ATMp9
2021-05-31_2021-06-30.json,8625,0,0,0,0,0,0,80,705,8625,2021-05-31,2021-06-30,nifty,month,call,ATMp9
2021-06-30_2021-07-30.json,8250,0,0,0,0,0,0,74,529,8250,2021-06-30,2021-07-30,nifty,month,call,ATMp9
2021-07-30_2021-08-29.json,7504,4,0,0,0,0,0,67,542,7500,2021-07-30,2021-08-27,nifty,month,call,ATMp9
2021-08-29_2021-09-28.json,7880,5,0,0,0,0,0,0,478,7875,2021-08-30,2021-09-28,nifty,month,call,ATMp9
2021-09-28_2021-10-28.json,8255,5,0,0,0,0,0,133,779,8250,2021-09-28,2021-10-28,nifty,month,call,ATMp9
2021-10-28_2021-11-27.json,7187,62,0,0,0,0,0,129,211,7125,2021-10-28,2021-11-26,nifty,month,call,ATMp9
2021-11-27_2021-12-27.json,7878,3,0,0,0,0,0,0,474,7875,2021-11-29,2021-12-27,nifty,month,call,ATMp9
2021-12-27_2022-01-26.json,8258,8,0,0,0,0,0,58,553,8250,2021-12-27,2022-01-25,nifty,month,call,ATMp9
2022-01-26_2022-02-25.json,8253,4,0,0,0,0,0,141,617,8249,2022-01-27,2022-02-25,nifty,month,call,ATMp9
2022-02-25_2022-03-27.json,7133,9,0,0,0,0,0,0,1145,7124,2022-02-25,2022-03-25,nifty,month,call,ATMp9
2022-03-27_2022-04-26.json,7513,13,0,0,0,0,0,63,549,7500,2022-03-28,2022-04-26,nifty,month,call,ATMp9
2022-04-26_2022-05-26.json,8260,10,0,0,0,0,0,131,155,8250,2022-04-26,2022-05-26,nifty,month,call,ATMp9
2022-05-26_2022-06-25.json,8243,0,0,0,0,0,0,72,974,8243,2022-05-26,2022-06-24,nifty,month,call,ATMp9
2022-06-25_2022-07-25.json,7874,0,0,0,0,0,0,73,684,7874,2022-06-27,2022-07-25,nifty,month,call,ATMp9
2022-07-25_2022-08-24.json,7873,0,0,0,0,0,0,57,507,7873,2022-07-25,2022-08-24,nifty,month,call,ATMp9
2022-08-24_2022-09-23.json,8244,0,0,0,0,0,0,59,737,8244,2022-08-24,2022-09-23,nifty,month,call,ATMp9
2022-09-23_2022-10-23.json,7494,0,0,0,0,0,0,69,462,7494,2022-09-23,2022-10-21,nifty,month,call,ATMp9
2022-10-23_2022-11-22.json,7184,60,0,0,0,0,0,65,361,7124,2022-10-25,2022-11-22,nifty,month,call,ATMp9
2022-11-22_2022-12-22.json,8624,0,0,0,0,0,0,51,317,8624,2022-11-22,2022-12-22,nifty,month,call,ATMp9
2022-12-22_2023-01-21.json,8250,0,0,0,0,0,0,58,231,8250,2022-12-22,2023-01-20,nifty,month,call,ATMp9
2023-01-21_2023-02-20.json,7499,0,0,0,0,0,0,63,141,7499,2023-01-23,2023-02-20,nifty,month,call,ATMp9
2023-02-20_2023-03-22.json,8249,0,0,0,0,0,0,59,140,8249,2023-02-20,2023-03-22,nifty,month,call,ATMp9
2023-03-22_2023-04-21.json,7125,0,0,0,0,0,0,61,66,7125,2023-03-22,2023-04-21,nifty,month,call,ATMp9
2023-04-21_2023-05-21.json,7501,1,0,0,0,0,0,55,101,7500,2023-04-21,2023-05-19,nifty,month,call,ATMp9
2023-05-21_2023-06-20.json,8258,8,0,0,0,0,0,55,301,8250,2023-05-22,2023-06-20,nifty,month,call,ATMp9
2023-06-20_2023-07-20.json,8253,4,0,0,0,0,0,53,170,8249,2023-06-20,2023-07-20,nifty,month,call,ATMp9
2023-07-20_2023-08-19.json,7884,10,0,0,0,0,0,48,312,7874,2023-07-20,2023-08-18,nifty,month,call,ATMp9
2023-08-19_2023-09-18.json,7882,9,0,0,0,0,0,48,138,7873,2023-08-21,2023-09-18,nifty,month,call,ATMp9
2023-09-18_2023-10-18.json,7885,10,0,0,0,0,0,53,112,7875,2023-09-18,2023-10-18,nifty,month,call,ATMp9
2023-10-18_2023-11-17.json,7944,69,0,0,0,0,0,51,268,7875,2023-10-18,2023-11-17,nifty,month,call,ATMp9
2023-11-17_2023-12-17.json,7502,2,0,0,0,0,0,36,240,7500,2023-11-17,2023-12-15,nifty,month,call,ATMp9
2023-12-17_2024-01-16.json,7885,12,0,0,0,0,0,39,394,7873,2023-12-18,2024-01-16,nifty,month,call,ATMp9
2024-01-16_2024-02-15.json,8260,11,0,0,0,0,0,35,641,8249,2024-01-16,2024-02-15,nifty,month,call,ATMp9
2024-02-15_2024-03-16.json,7985,9,0,0,0,0,0,39,575,7976,2024-02-15,2024-03-15,nifty,month,call,ATMp9
2024-03-16_2024-04-15.json,6753,6,0,0,0,0,0,33,325,6747,2024-03-18,2024-04-15,nifty,month,call,ATMp9
2024-04-15_2024-05-15.json,7869,0,0,0,0,0,0,33,352,7869,2024-04-15,2024-05-15,nifty,month,call,ATMp9
2024-05-15_2024-06-14.json,8626,3,0,0,0,0,0,35,663,8623,2024-05-15,2024-06-14,nifty,month,call,ATMp9
2024-06-14_2024-07-14.json,7496,2,0,0,0,0,0,30,496,7494,2024-06-14,2024-07-12,nifty,month,call,ATMp9
2024-07-14_2024-08-13.json,7877,9,0,0,0,0,0,27,824,7868,2024-07-15,2024-08-13,nifty,month,call,ATMp9
2024-08-13_2024-09-12.json,8248,5,0,0,0,0,0,28,458,8243,2024-08-13,2024-09-12,nifty,month,call,ATMp9
2024-09-12_2024-10-12.json,7879,7,0,0,0,0,0,24,659,7872,2024-09-12,2024-10-11,nifty,month,call,ATMp9
2024-10-12_2024-11-11.json,7550,53,0,0,0,0,0,31,400,7497,2024-10-14,2024-11-11,nifty,month,call,ATMp9
2024-11-11_2024-12-11.json,7875,2,0,0,0,0,0,33,367,7873,2024-11-11,2024-12-11,nifty,month,call,ATMp9
2024-12-11_2025-01-10.json,8252,2,0,0,0,0,0,29,349,8250,2024-12-11,2025-01-10,nifty,month,call,ATMp9
2025-01-10_2025-02-09.json,8248,1,0,0,0,0,0,33,414,8247,2025-01-10,2025-02-07,nifty,month,call,ATMp9
2025-02-09_2025-03-11.json,7876,3,0,0,0,0,0,33,205,7873,2025-02-10,2025-03-11,nifty,month,call,ATMp9
2025-03-11_2025-04-10.json,7475,2,0,0,0,0,0,31,1842,7473,2025-03-11,2025-04-09,nifty,month,call,ATMp9
2025-04-10_2025-05-10.json,6749,0,0,0,0,0,0,27,947,6749,2025-04-11,2025-05-09,nifty,month,call,ATMp9
2025-05-10_2025-06-09.json,7875,1,0,0,0,0,0,31,793,7874,2025-05-12,2025-06-09,nifty,month,call,ATMp9
2025-06-09_2025-07-09.json,8623,0,0,0,0,0,0,26,859,8623,2025-06-09,2025-07-09,nifty,month,call,ATMp9
2025-07-09_2025-08-08.json,8625,0,0,0,0,0,0,28,358,8625,2025-07-09,2025-08-08,nifty,month,call,ATMp9
2025-08-08_2025-09-07.json,7125,0,0,0,0,0,0,0,320,7125,2025-08-08,2025-09-05,nifty,month,call,ATMp9
2025-09-07_2025-10-07.json,7875,0,0,0,0,0,0,0,378,7875,2025-09-08,2025-10-07,nifty,month,call,ATMp9
2025-10-07_2025-11-06.json,7605,0,0,0,0,0,0,0,366,7605,2025-10-07,2025-11-06,nifty,month,call,ATMp9
2025-11-06_2025-12-06.json,8250,0,0,0,0,0,0,0,387,8250,2025-11-06,2025-12-05,nifty,month,call,ATMp9
2025-12-06_2026-01-05.json,7500,0,0,0,0,0,0,0,166,7500,2025-12-08,2026-01-05,nifty,month,call,ATMp9
2026-01-05_2026-02-04.json,8249,0,0,0,0,0,0,0,293,8249,2026-01-05,2026-02-04,nifty,month,call,ATMp9
2026-02-04_2026-03-06.json,8250,0,0,0,0,0,0,0,447,8250,2026-02-04,2026-03-06,nifty,month,call,ATMp9
2026-03-06_2026-04-05.json,6745,0,0,0,0,0,0,0,604,6745,2026-03-06,2026-04-02,nifty,month,call,ATMp9
2026-04-05_2026-04-30.json,6747,0,0,0,0,0,0,0,703,6747,2026-04-06,2026-04-30,nifty,month,call,ATMp9
2021-05-01_2021-05-31.json,7500,0,0,0,0,0,1,9,260,7500,2021-05-03,2021-05-31,nifty,month,put,ATM
2021-05-31_2021-06-30.json,8625,0,0,0,0,0,0,10,92,8625,2021-05-31,2021-06-30,nifty,month,put,ATM
2021-06-30_2021-07-30.json,8250,0,0,0,0,0,0,7,22,8250,2021-06-30,2021-07-30,nifty,month,put,ATM
2021-07-30_2021-08-29.json,7504,4,0,0,0,0,0,6,5,7500,2021-07-30,2021-08-27,nifty,month,put,ATM
2021-08-29_2021-09-28.json,7883,8,0,0,0,0,0,0,21,7875,2021-08-30,2021-09-28,nifty,month,put,ATM
2021-09-28_2021-10-28.json,8264,14,0,0,0,0,0,14,39,8250,2021-09-28,2021-10-28,nifty,month,put,ATM
2021-10-28_2021-11-27.json,7198,73,0,0,0,0,0,7,83,7125,2021-10-28,2021-11-26,nifty,month,put,ATM
2021-11-27_2021-12-27.json,7886,11,0,0,0,0,0,0,60,7875,2021-11-29,2021-12-27,nifty,month,put,ATM
2021-12-27_2022-01-26.json,8263,13,0,0,0,0,1,2,57,8250,2021-12-27,2022-01-25,nifty,month,put,ATM
2022-01-26_2022-02-25.json,8262,12,0,0,0,0,2,5,53,8250,2022-01-27,2022-02-25,nifty,month,put,ATM
2022-02-25_2022-03-27.json,7135,10,0,0,0,0,0,0,134,7125,2022-02-25,2022-03-25,nifty,month,put,ATM
2022-03-27_2022-04-26.json,7514,14,0,0,0,0,0,0,77,7500,2022-03-28,2022-04-26,nifty,month,put,ATM
2022-04-26_2022-05-26.json,8264,14,0,0,0,0,2,21,35,8250,2022-04-26,2022-05-26,nifty,month,put,ATM
2022-05-26_2022-06-25.json,8251,1,0,0,0,0,2,1,117,8250,2022-05-26,2022-06-24,nifty,month,put,ATM
2022-06-25_2022-07-25.json,7875,0,0,0,0,0,0,9,50,7875,2022-06-27,2022-07-25,nifty,month,put,ATM
2022-07-25_2022-08-24.json,7875,0,0,0,0,0,0,4,22,7875,2022-07-25,2022-08-24,nifty,month,put,ATM
2022-08-24_2022-09-23.json,8250,0,0,0,0,0,0,4,122,8250,2022-08-24,2022-09-23,nifty,month,put,ATM
2022-09-23_2022-10-23.json,7500,0,0,0,0,0,2,0,34,7500,2022-09-23,2022-10-21,nifty,month,put,ATM
2022-10-23_2022-11-22.json,7185,60,0,0,0,0,0,0,63,7125,2022-10-25,2022-11-22,nifty,month,put,ATM
2022-11-22_2022-12-22.json,8625,0,0,0,0,0,1,0,73,8625,2022-11-22,2022-12-22,nifty,month,put,ATM
2022-12-22_2023-01-21.json,8250,0,0,0,0,0,0,1,30,8250,2022-12-22,2023-01-20,nifty,month,put,ATM
2023-01-21_2023-02-20.json,7500,0,0,0,0,0,0,7,32,7500,2023-01-23,2023-02-20,nifty,month,put,ATM
2023-02-20_2023-03-22.json,8250,0,0,0,0,0,0,0,17,8250,2023-02-20,2023-03-22,nifty,month,put,ATM
2023-03-22_2023-04-21.json,7125,0,0,0,0,0,1,0,6,7125,2023-03-22,2023-04-21,nifty,month,put,ATM
2023-04-21_2023-05-21.json,7505,5,0,0,0,0,0,0,11,7500,2023-04-21,2023-05-19,nifty,month,put,ATM
2023-05-21_2023-06-20.json,8265,15,0,0,0,0,1,2,27,8250,2023-05-22,2023-06-20,nifty,month,put,ATM
2023-06-20_2023-07-20.json,8265,15,0,0,0,0,1,0,6,8250,2023-06-20,2023-07-20,nifty,month,put,ATM
2023-07-20_2023-08-19.json,7888,13,0,0,0,0,3,0,18,7875,2023-07-20,2023-08-18,nifty,month,put,ATM
2023-08-19_2023-09-18.json,7890,15,0,0,0,0,2,10,9,7875,2023-08-21,2023-09-18,nifty,month,put,ATM
2023-09-18_2023-10-18.json,7892,17,0,0,0,0,1,13,4,7875,2023-09-18,2023-10-18,nifty,month,put,ATM
2023-10-18_2023-11-17.json,7946,71,0,0,0,0,0,3,54,7875,2023-10-18,2023-11-17,nifty,month,put,ATM
2023-11-17_2023-12-17.json,7512,12,0,0,0,0,0,15,15,7500,2023-11-17,2023-12-15,nifty,month,put,ATM
2023-12-17_2024-01-16.json,7889,14,0,0,0,0,0,0,46,7875,2023-12-18,2024-01-16,nifty,month,put,ATM
2024-01-16_2024-02-15.json,8259,9,0,0,0,0,2,0,41,8250,2024-01-16,2024-02-15,nifty,month,put,ATM
2024-02-15_2024-03-16.json,7994,12,0,0,0,0,6,1,20,7982,2024-02-15,2024-03-15,nifty,month,put,ATM
2024-03-16_2024-04-15.json,6760,10,0,0,0,0,0,5,33,6750,2024-03-18,2024-04-15,nifty,month,put,ATM
2024-04-15_2024-05-15.json,7876,2,0,0,0,0,0,9,51,7874,2024-04-15,2024-05-15,nifty,month,put,ATM
2024-05-15_2024-06-14.json,8632,9,0,0,0,0,3,1,298,8623,2024-05-15,2024-06-14,nifty,month,put,ATM
2024-06-14_2024-07-14.json,7504,4,0,0,0,0,0,5,51,7500,2024-06-14,2024-07-12,nifty,month,put,ATM
2024-07-14_2024-08-13.json,7877,9,0,0,0,0,0,10,89,7868,2024-07-15,2024-08-13,nifty,month,put,ATM
2024-08-13_2024-09-12.json,8257,7,0,0,0,0,0,20,95,8250,2024-08-13,2024-09-12,nifty,month,put,ATM
2024-09-12_2024-10-12.json,7881,9,0,0,0,0,0,2,153,7872,2024-09-12,2024-10-11,nifty,month,put,ATM
2024-10-12_2024-11-11.json,7570,70,0,0,0,0,1,6,50,7500,2024-10-14,2024-11-11,nifty,month,put,ATM
2024-11-11_2024-12-11.json,7876,1,0,0,0,0,1,0,28,7875,2024-11-11,2024-12-11,nifty,month,put,ATM
2024-12-11_2025-01-10.json,8254,4,0,0,0,0,0,8,28,8250,2024-12-11,2025-01-10,nifty,month,put,ATM
2025-01-10_2025-02-09.json,8250,1,0,0,0,0,3,0,39,8249,2025-01-10,2025-02-07,nifty,month,put,ATM
2025-02-09_2025-03-11.json,7877,3,0,0,0,0,0,125,53,7874,2025-02-10,2025-03-11,nifty,month,put,ATM
2025-03-11_2025-04-10.json,7495,1,0,0,0,0,0,19,892,7494,2025-03-11,2025-04-09,nifty,month,put,ATM
2025-04-10_2025-05-10.json,6751,1,0,0,0,0,0,75,108,6750,2025-04-11,2025-05-09,nifty,month,put,ATM
2025-05-10_2025-06-09.json,7877,2,0,0,0,0,2,0,82,7875,2025-05-12,2025-06-09,nifty,month,put,ATM
2025-06-09_2025-07-09.json,8625,0,0,0,0,0,0,13,222,8625,2025-06-09,2025-07-09,nifty,month,put,ATM
2025-07-09_2025-08-08.json,8625,0,0,0,0,0,0,0,83,8625,2025-07-09,2025-08-08,nifty,month,put,ATM
2025-08-08_2025-09-07.json,7125,0,0,0,0,0,0,0,57,7125,2025-08-08,2025-09-05,nifty,month,put,ATM
2025-09-07_2025-10-07.json,7875,0,0,0,0,0,0,0,41,7875,2025-09-08,2025-10-07,nifty,month,put,ATM
2025-10-07_2025-11-06.json,7605,0,0,0,0,0,0,0,97,7605,2025-10-07,2025-11-06,nifty,month,put,ATM
2025-11-06_2025-12-06.json,8250,0,0,0,0,0,0,7,90,8250,2025-11-06,2025-12-05,nifty,month,put,ATM
2025-12-06_2026-01-05.json,7500,0,0,0,0,0,0,6,11,7500,2025-12-08,2026-01-05,nifty,month,put,ATM
2026-01-05_2026-02-04.json,8248,0,0,0,0,0,0,4,25,8248,2026-01-05,2026-02-04,nifty,month,put,ATM
2026-02-04_2026-03-06.json,8250,0,0,0,0,0,0,0,30,8250,2026-02-04,2026-03-06,nifty,month,put,ATM
2026-03-06_2026-04-05.json,6746,0,0,0,0,0,0,0,64,6746,2026-03-06,2026-04-02,nifty,month,put,ATM
2026-04-05_2026-04-30.json,6749,0,0,0,0,0,0,2,88,6749,2026-04-06,2026-04-30,nifty,month,put,ATM
2021-05-01_2021-05-31.json,7500,0,0,0,0,0,0,1,263,7500,2021-05-03,2021-05-31,nifty,month,put,ATMm1
2021-05-31_2021-06-30.json,8624,0,0,0,0,0,0,0,195,8624,2021-05-31,2021-06-30,nifty,month,put,ATMm1
2021-06-30_2021-07-30.json,8250,0,0,0,0,0,0,0,126,8250,2021-06-30,2021-07-30,nifty,month,put,ATMm1
2021-07-30_2021-08-29.json,7505,5,0,0,0,0,0,0,39,7500,2021-07-30,2021-08-27,nifty,month,put,ATMm1
2021-08-29_2021-09-28.json,7886,11,0,0,0,0,0,0,59,7875,2021-08-30,2021-09-28,nifty,month,put,ATMm1
2021-09-28_2021-10-28.json,8261,11,0,0,0,0,0,1,163,8250,2021-09-28,2021-10-28,nifty,month,put,ATMm1
2021-10-28_2021-11-27.json,7193,68,0,0,0,0,0,1,113,7125,2021-10-28,2021-11-26,nifty,month,put,ATMm1
2021-11-27_2021-12-27.json,7882,7,0,0,0,0,0,0,181,7875,2021-11-29,2021-12-27,nifty,month,put,ATMm1
2021-12-27_2022-01-26.json,8263,13,0,0,0,0,0,0,130,8250,2021-12-27,2022-01-25,nifty,month,put,ATMm1
2022-01-26_2022-02-25.json,8258,8,0,0,0,0,0,1,138,8250,2022-01-27,2022-02-25,nifty,month,put,ATMm1
2022-02-25_2022-03-27.json,7136,11,0,0,0,0,0,0,310,7125,2022-02-25,2022-03-25,nifty,month,put,ATMm1
2022-03-27_2022-04-26.json,7511,11,0,0,0,0,0,1,333,7500,2022-03-28,2022-04-26,nifty,month,put,ATMm1
2022-04-26_2022-05-26.json,8259,9,0,0,0,0,0,0,111,8250,2022-04-26,2022-05-26,nifty,month,put,ATMm1
2022-05-26_2022-06-25.json,8250,0,0,0,0,0,0,0,318,8250,2022-05-26,2022-06-24,nifty,month,put,ATMm1
2022-06-25_2022-07-25.json,7875,0,0,0,0,0,0,0,276,7875,2022-06-27,2022-07-25,nifty,month,put,ATMm1
2022-07-25_2022-08-24.json,7874,0,0,0,0,0,0,1,146,7874,2022-07-25,2022-08-24,nifty,month,put,ATMm1
2022-08-24_2022-09-23.json,8250,0,0,0,0,0,0,0,210,8250,2022-08-24,2022-09-23,nifty,month,put,ATMm1
2022-09-23_2022-10-23.json,7500,0,0,0,0,0,0,0,107,7500,2022-09-23,2022-10-21,nifty,month,put,ATMm1
2022-10-23_2022-11-22.json,7185,60,0,0,0,0,0,0,149,7125,2022-10-25,2022-11-22,nifty,month,put,ATMm1
2022-11-22_2022-12-22.json,8625,0,0,0,0,0,0,0,191,8625,2022-11-22,2022-12-22,nifty,month,put,ATMm1
2022-12-22_2023-01-21.json,8250,0,0,0,0,0,0,0,113,8250,2022-12-22,2023-01-20,nifty,month,put,ATMm1
2023-01-21_2023-02-20.json,7500,0,0,0,0,0,0,0,59,7500,2023-01-23,2023-02-20,nifty,month,put,ATMm1
2023-02-20_2023-03-22.json,8250,0,0,0,0,0,0,1,84,8250,2023-02-20,2023-03-22,nifty,month,put,ATMm1
2023-03-22_2023-04-21.json,7125,0,0,0,0,0,0,1,9,7125,2023-03-22,2023-04-21,nifty,month,put,ATMm1
2023-04-21_2023-05-21.json,7510,10,0,0,0,0,0,1,13,7500,2023-04-21,2023-05-19,nifty,month,put,ATMm1
2023-05-21_2023-06-20.json,8259,9,0,0,0,0,0,0,162,8250,2023-05-22,2023-06-20,nifty,month,put,ATMm1
2023-06-20_2023-07-20.json,8264,14,0,0,0,0,0,0,33,8250,2023-06-20,2023-07-20,nifty,month,put,ATMm1
2023-07-20_2023-08-19.json,7882,7,0,0,0,0,0,0,87,7875,2023-07-20,2023-08-18,nifty,month,put,ATMm1
2023-08-19_2023-09-18.json,7886,11,0,0,0,0,0,0,17,7875,2023-08-21,2023-09-18,nifty,month,put,ATMm1
2023-09-18_2023-10-18.json,7889,14,0,0,0,0,0,0,52,7875,2023-09-18,2023-10-18,nifty,month,put,ATMm1
2023-10-18_2023-11-17.json,7943,68,0,0,0,0,0,0,182,7875,2023-10-18,2023-11-17,nifty,month,put,ATMm1
2023-11-17_2023-12-17.json,7509,9,0,0,0,0,0,0,78,7500,2023-11-17,2023-12-15,nifty,month,put,ATMm1
2023-12-17_2024-01-16.json,7889,14,0,0,0,0,0,0,119,7875,2023-12-18,2024-01-16,nifty,month,put,ATMm1
2024-01-16_2024-02-15.json,8265,15,0,0,0,0,0,0,171,8250,2024-01-16,2024-02-15,nifty,month,put,ATMm1
2024-02-15_2024-03-16.json,7994,12,0,0,0,0,2,0,172,7982,2024-02-15,2024-03-15,nifty,month,put,ATMm1
2024-03-16_2024-04-15.json,6758,8,0,0,0,0,0,0,132,6750,2024-03-18,2024-04-15,nifty,month,put,ATMm1
2024-04-15_2024-05-15.json,7877,2,0,0,0,0,0,0,115,7875,2024-04-15,2024-05-15,nifty,month,put,ATMm1
2024-05-15_2024-06-14.json,8632,7,0,0,0,0,1,0,424,8625,2024-05-15,2024-06-14,nifty,month,put,ATMm1
2024-06-14_2024-07-14.json,7504,4,0,0,0,0,0,0,179,7500,2024-06-14,2024-07-12,nifty,month,put,ATMm1
2024-07-14_2024-08-13.json,7878,5,0,0,0,0,0,0,257,7873,2024-07-15,2024-08-13,nifty,month,put,ATMm1
2024-08-13_2024-09-12.json,8255,5,0,0,0,0,0,0,156,8250,2024-08-13,2024-09-12,nifty,month,put,ATMm1
2024-09-12_2024-10-12.json,7884,9,0,0,0,0,0,0,383,7875,2024-09-12,2024-10-11,nifty,month,put,ATMm1
2024-10-12_2024-11-11.json,7564,66,0,0,0,0,0,0,218,7498,2024-10-14,2024-11-11,nifty,month,put,ATMm1
2024-11-11_2024-12-11.json,7876,1,0,0,0,0,0,0,114,7875,2024-11-11,2024-12-11,nifty,month,put,ATMm1
2024-12-11_2025-01-10.json,8251,1,0,0,0,0,0,0,81,8250,2024-12-11,2025-01-10,nifty,month,put,ATMm1
2025-01-10_2025-02-09.json,8251,1,0,0,0,0,0,0,150,8250,2025-01-10,2025-02-07,nifty,month,put,ATMm1
2025-02-09_2025-03-11.json,7878,3,0,0,0,0,0,0,81,7875,2025-02-10,2025-03-11,nifty,month,put,ATMm1
2025-03-11_2025-04-10.json,7493,1,0,0,0,0,0,0,1410,7492,2025-03-11,2025-04-09,nifty,month,put,ATMm1
2025-04-10_2025-05-10.json,6751,1,0,0,0,0,0,0,414,6750,2025-04-11,2025-05-09,nifty,month,put,ATMm1
2025-05-10_2025-06-09.json,7876,1,0,0,0,0,1,0,415,7875,2025-05-12,2025-06-09,nifty,month,put,ATMm1
2025-06-09_2025-07-09.json,8625,0,0,0,0,0,0,0,456,8625,2025-06-09,2025-07-09,nifty,month,put,ATMm1
2025-07-09_2025-08-08.json,8626,1,0,0,0,0,0,0,245,8625,2025-07-09,2025-08-08,nifty,month,put,ATMm1
2025-08-08_2025-09-07.json,7125,0,0,0,0,0,0,0,138,7125,2025-08-08,2025-09-05,nifty,month,put,ATMm1
2025-09-07_2025-10-07.json,7875,0,0,0,0,0,0,0,175,7875,2025-09-08,2025-10-07,nifty,month,put,ATMm1
2025-10-07_2025-11-06.json,7605,0,0,0,0,0,0,0,174,7605,2025-10-07,2025-11-06,nifty,month,put,ATMm1
2025-11-06_2025-12-06.json,8250,0,0,0,0,0,0,0,108,8250,2025-11-06,2025-12-05,nifty,month,put,ATMm1
2025-12-06_2026-01-05.json,7500,0,0,0,0,0,0,0,44,7500,2025-12-08,2026-01-05,nifty,month,put,ATMm1
2026-01-05_2026-02-04.json,8245,0,0,0,0,0,0,0,73,8245,2026-01-05,2026-02-04,nifty,month,put,ATMm1
2026-02-04_2026-03-06.json,8250,0,0,0,0,0,0,0,146,8250,2026-02-04,2026-03-06,nifty,month,put,ATMm1
2026-03-06_2026-04-05.json,6745,0,0,0,0,0,0,0,236,6745,2026-03-06,2026-04-02,nifty,month,put,ATMm1
2026-04-05_2026-04-30.json,6749,0,0,0,0,0,0,0,232,6749,2026-04-06,2026-04-30,nifty,month,put,ATMm1
2021-05-01_2021-05-31.json,7496,0,0,0,0,0,0,113,1253,7496,2021-05-03,2021-05-31,nifty,month,put,ATMm10
2021-05-31_2021-06-30.json,8623,0,0,0,0,0,0,100,1055,8623,2021-05-31,2021-06-30,nifty,month,put,ATMm10
2021-06-30_2021-07-30.json,8249,0,0,0,0,0,0,103,660,8249,2021-06-30,2021-07-30,nifty,month,put,ATMm10
2021-07-30_2021-08-29.json,7498,0,0,0,0,0,0,88,517,7498,2021-07-30,2021-08-27,nifty,month,put,ATMm10
2021-08-29_2021-09-28.json,7878,3,0,0,0,0,0,0,550,7875,2021-08-30,2021-09-28,nifty,month,put,ATMm10
2021-09-28_2021-10-28.json,8256,8,0,0,0,0,0,159,443,8248,2021-09-28,2021-10-28,nifty,month,put,ATMm10
2021-10-28_2021-11-27.json,7185,60,0,0,0,0,0,165,625,7125,2021-10-28,2021-11-26,nifty,month,put,ATMm10
2021-11-27_2021-12-27.json,7879,6,0,0,0,0,0,0,869,7873,2021-11-29,2021-12-27,nifty,month,put,ATMm10
2021-12-27_2022-01-26.json,8257,7,0,0,0,0,0,81,632,8250,2021-12-27,2022-01-25,nifty,month,put,ATMm10
2022-01-26_2022-02-25.json,8256,9,0,0,0,0,0,191,787,8247,2022-01-27,2022-02-25,nifty,month,put,ATMm10
2022-02-25_2022-03-27.json,7126,4,0,0,0,0,0,0,1580,7122,2022-02-25,2022-03-25,nifty,month,put,ATMm10
2022-03-27_2022-04-26.json,7506,8,0,0,0,0,0,81,551,7498,2022-03-28,2022-04-26,nifty,month,put,ATMm10
2022-04-26_2022-05-26.json,8256,7,0,0,0,0,0,193,502,8249,2022-04-26,2022-05-26,nifty,month,put,ATMm10
2022-05-26_2022-06-25.json,8241,0,0,0,0,0,0,106,1607,8241,2022-05-26,2022-06-24,nifty,month,put,ATMm10
2022-06-25_2022-07-25.json,7871,0,0,0,0,0,0,102,718,7871,2022-06-27,2022-07-25,nifty,month,put,ATMm10
2022-07-25_2022-08-24.json,7875,0,0,0,0,0,0,98,555,7875,2022-07-25,2022-08-24,nifty,month,put,ATMm10
2022-08-24_2022-09-23.json,8242,0,0,0,0,0,0,78,1683,8242,2022-08-24,2022-09-23,nifty,month,put,ATMm10
2022-09-23_2022-10-23.json,7500,0,0,0,0,0,0,79,824,7500,2022-09-23,2022-10-21,nifty,month,put,ATMm10
2022-10-23_2022-11-22.json,7185,60,0,0,0,0,0,79,681,7125,2022-10-25,2022-11-22,nifty,month,put,ATMm10
2022-11-22_2022-12-22.json,8620,0,0,0,0,0,0,77,854,8620,2022-11-22,2022-12-22,nifty,month,put,ATMm10
2022-12-22_2023-01-21.json,8248,0,0,0,0,0,0,71,405,8248,2022-12-22,2023-01-20,nifty,month,put,ATMm10
2023-01-21_2023-02-20.json,7499,0,0,0,0,0,0,73,354,7499,2023-01-23,2023-02-20,nifty,month,put,ATMm10
2023-02-20_2023-03-22.json,8249,0,0,0,0,0,0,81,463,8249,2023-02-20,2023-03-22,nifty,month,put,ATMm10
2023-03-22_2023-04-21.json,7125,0,0,0,0,0,0,80,190,7125,2023-03-22,2023-04-21,nifty,month,put,ATMm10
2023-04-21_2023-05-21.json,7503,4,0,0,0,0,0,77,184,7499,2023-04-21,2023-05-19,nifty,month,put,ATMm10
2023-05-21_2023-06-20.json,8256,6,0,0,0,0,0,72,555,8250,2023-05-22,2023-06-20,nifty,month,put,ATMm10
2023-06-20_2023-07-20.json,8255,6,0,0,0,0,0,70,236,8249,2023-06-20,2023-07-20,nifty,month,put,ATMm10
2023-07-20_2023-08-19.json,7877,7,0,0,0,0,0,66,320,7870,2023-07-20,2023-08-18,nifty,month,put,ATMm10
2023-08-19_2023-09-18.json,7885,10,0,0,0,0,0,60,194,7875,2023-08-21,2023-09-18,nifty,month,put,ATMm10
2023-09-18_2023-10-18.json,7881,8,0,0,0,0,0,64,269,7873,2023-09-18,2023-10-18,nifty,month,put,ATMm10
2023-10-18_2023-11-17.json,7940,67,0,0,0,0,0,80,565,7873,2023-10-18,2023-11-17,nifty,month,put,ATMm10
2023-11-17_2023-12-17.json,7509,10,0,0,0,0,0,58,197,7499,2023-11-17,2023-12-15,nifty,month,put,ATMm10
2023-12-17_2024-01-16.json,7885,11,0,0,0,0,0,51,675,7874,2023-12-18,2024-01-16,nifty,month,put,ATMm10
2024-01-16_2024-02-15.json,8256,7,0,0,0,0,0,55,618,8249,2024-01-16,2024-02-15,nifty,month,put,ATMm10
2024-02-15_2024-03-16.json,7990,9,0,0,0,0,0,47,373,7981,2024-02-15,2024-03-15,nifty,month,put,ATMm10
2024-03-16_2024-04-15.json,6752,6,0,0,0,0,0,52,252,6746,2024-03-18,2024-04-15,nifty,month,put,ATMm10
2024-04-15_2024-05-15.json,7872,3,0,0,0,0,0,49,606,7869,2024-04-15,2024-05-15,nifty,month,put,ATMm10
2024-05-15_2024-06-14.json,8622,6,0,0,0,0,0,41,880,8616,2024-05-15,2024-06-14,nifty,month,put,ATMm10
2024-06-14_2024-07-14.json,7498,3,0,0,0,0,0,42,637,7495,2024-06-14,2024-07-12,nifty,month,put,ATMm10
2024-07-14_2024-08-13.json,7858,5,0,0,0,0,0,34,1262,7853,2024-07-15,2024-08-13,nifty,month,put,ATMm10
2024-08-13_2024-09-12.json,8236,3,0,0,0,0,0,40,895,8233,2024-08-13,2024-09-12,nifty,month,put,ATMm10
2024-09-12_2024-10-12.json,7869,4,0,0,0,0,0,35,852,7865,2024-09-12,2024-10-11,nifty,month,put,ATMm10
2024-10-12_2024-11-11.json,7550,53,0,0,0,0,0,38,768,7497,2024-10-14,2024-11-11,nifty,month,put,ATMm10
2024-11-11_2024-12-11.json,7869,0,0,0,0,0,0,38,802,7869,2024-11-11,2024-12-11,nifty,month,put,ATMm10
2024-12-11_2025-01-10.json,8244,2,0,0,0,0,0,39,835,8242,2024-12-11,2025-01-10,nifty,month,put,ATMm10
2025-01-10_2025-02-09.json,8245,0,0,0,0,0,0,43,618,8245,2025-01-10,2025-02-07,nifty,month,put,ATMm10
2025-02-09_2025-03-11.json,7872,4,0,0,0,0,0,45,589,7868,2025-02-10,2025-03-11,nifty,month,put,ATMm10
2025-03-11_2025-04-10.json,7488,1,0,0,0,0,0,46,2007,7487,2025-03-11,2025-04-09,nifty,month,put,ATMm10
2025-04-10_2025-05-10.json,6746,1,0,0,0,0,0,40,938,6745,2025-04-11,2025-05-09,nifty,month,put,ATMm10
2025-05-10_2025-06-09.json,7873,1,0,0,0,0,0,38,814,7872,2025-05-12,2025-06-09,nifty,month,put,ATMm10
2025-06-09_2025-07-09.json,8624,0,0,0,0,0,0,37,1226,8624,2025-06-09,2025-07-09,nifty,month,put,ATMm10
2025-07-09_2025-08-08.json,8626,1,0,0,0,0,0,40,977,8625,2025-07-09,2025-08-08,nifty,month,put,ATMm10
2025-08-08_2025-09-07.json,7125,0,0,0,0,0,0,0,726,7125,2025-08-08,2025-09-05,nifty,month,put,ATMm10
2025-09-07_2025-10-07.json,7875,0,0,0,0,0,0,0,432,7875,2025-09-08,2025-10-07,nifty,month,put,ATMm10
2025-10-07_2025-11-06.json,7605,0,0,0,0,0,0,0,746,7605,2025-10-07,2025-11-06,nifty,month,put,ATMm10
2025-11-06_2025-12-06.json,8250,0,0,0,0,0,0,0,794,8250,2025-11-06,2025-12-05,nifty,month,put,ATMm10
2025-12-06_2026-01-05.json,7494,0,0,0,0,0,0,0,491,7494,2025-12-08,2026-01-05,nifty,month,put,ATMm10
2026-01-05_2026-02-04.json,8249,0,0,0,0,0,0,0,571,8249,2026-01-05,2026-02-04,nifty,month,put,ATMm10
2026-02-04_2026-03-06.json,8250,0,0,0,0,0,0,0,833,8250,2026-02-04,2026-03-06,nifty,month,put,ATMm10
2026-03-06_2026-04-05.json,6696,0,0,0,0,0,0,0,936,6696,2026-03-06,2026-04-02,nifty,month,put,ATMm10
2026-04-05_2026-04-30.json,6747,0,0,0,0,0,0,0,839,6747,2026-04-06,2026-04-30,nifty,month,put,ATMm10
2021-05-01_2021-05-31.json,7500,0,0,0,0,0,0,4,803,7500,2021-05-03,2021-05-31,nifty,month,put,ATMm2
2021-05-31_2021-06-30.json,8625,0,0,0,0,0,0,2,543,8625,2021-05-31,2021-06-30,nifty,month,put,ATMm2
2021-06-30_2021-07-30.json,8250,0,0,0,0,0,0,1,115,8250,2021-06-30,2021-07-30,nifty,month,put,ATMm2
2021-07-30_2021-08-29.json,7505,5,0,0,0,0,0,1,52,7500,2021-07-30,2021-08-27,nifty,month,put,ATMm2
2021-08-29_2021-09-28.json,7883,8,0,0,0,0,0,0,108,7875,2021-08-30,2021-09-28,nifty,month,put,ATMm2
2021-09-28_2021-10-28.json,8258,8,0,0,0,0,0,4,108,8250,2021-09-28,2021-10-28,nifty,month,put,ATMm2
2021-10-28_2021-11-27.json,7187,63,0,0,0,0,0,4,399,7124,2021-10-28,2021-11-26,nifty,month,put,ATMm2
2021-11-27_2021-12-27.json,7884,9,0,0,0,0,0,0,411,7875,2021-11-29,2021-12-27,nifty,month,put,ATMm2
2021-12-27_2022-01-26.json,8262,12,0,0,0,0,0,3,297,8250,2021-12-27,2022-01-25,nifty,month,put,ATMm2
2022-01-26_2022-02-25.json,8259,10,0,0,0,0,0,6,438,8249,2022-01-27,2022-02-25,nifty,month,put,ATMm2
2022-02-25_2022-03-27.json,7130,6,0,0,0,0,0,0,674,7124,2022-02-25,2022-03-25,nifty,month,put,ATMm2
2022-03-27_2022-04-26.json,7508,8,0,0,0,0,0,3,366,7500,2022-03-28,2022-04-26,nifty,month,put,ATMm2
2022-04-26_2022-05-26.json,8260,10,0,0,0,0,0,5,285,8250,2022-04-26,2022-05-26,nifty,month,put,ATMm2
2022-05-26_2022-06-25.json,8242,0,0,0,0,0,0,3,786,8242,2022-05-26,2022-06-24,nifty,month,put,ATMm2
2022-06-25_2022-07-25.json,7874,0,0,0,0,0,0,2,362,7874,2022-06-27,2022-07-25,nifty,month,put,ATMm2
2022-07-25_2022-08-24.json,7875,0,0,0,0,0,0,1,209,7875,2022-07-25,2022-08-24,nifty,month,put,ATMm2
2022-08-24_2022-09-23.json,8250,0,0,0,0,0,0,3,691,8250,2022-08-24,2022-09-23,nifty,month,put,ATMm2
2022-09-23_2022-10-23.json,7500,0,0,0,0,0,0,3,339,7500,2022-09-23,2022-10-21,nifty,month,put,ATMm2
2022-10-23_2022-11-22.json,7185,60,0,0,0,0,0,3,481,7125,2022-10-25,2022-11-22,nifty,month,put,ATMm2
2022-11-22_2022-12-22.json,8625,0,0,0,0,0,0,3,394,8625,2022-11-22,2022-12-22,nifty,month,put,ATMm2
2022-12-22_2023-01-21.json,8250,0,0,0,0,0,0,2,263,8250,2022-12-22,2023-01-20,nifty,month,put,ATMm2
2023-01-21_2023-02-20.json,7499,0,0,0,0,0,0,3,250,7499,2023-01-23,2023-02-20,nifty,month,put,ATMm2
2023-02-20_2023-03-22.json,8250,0,0,0,0,0,0,3,261,8250,2023-02-20,2023-03-22,nifty,month,put,ATMm2
2023-03-22_2023-04-21.json,7125,0,0,0,0,0,0,3,82,7125,2023-03-22,2023-04-21,nifty,month,put,ATMm2
2023-04-21_2023-05-21.json,7507,7,0,0,0,0,0,2,139,7500,2023-04-21,2023-05-19,nifty,month,put,ATMm2
2023-05-21_2023-06-20.json,8258,9,0,0,0,0,0,1,254,8249,2023-05-22,2023-06-20,nifty,month,put,ATMm2
2023-06-20_2023-07-20.json,8262,12,0,0,0,0,0,2,65,8250,2023-06-20,2023-07-20,nifty,month,put,ATMm2
2023-07-20_2023-08-19.json,7885,12,0,0,0,0,0,2,195,7873,2023-07-20,2023-08-18,nifty,month,put,ATMm2
2023-08-19_2023-09-18.json,7887,12,0,0,0,0,0,2,58,7875,2023-08-21,2023-09-18,nifty,month,put,ATMm2
2023-09-18_2023-10-18.json,7885,10,0,0,0,0,0,2,100,7875,2023-09-18,2023-10-18,nifty,month,put,ATMm2
2023-10-18_2023-11-17.json,7947,72,0,0,0,0,0,2,353,7875,2023-10-18,2023-11-17,nifty,month,put,ATMm2
2023-11-17_2023-12-17.json,7513,13,0,0,0,0,0,1,96,7500,2023-11-17,2023-12-15,nifty,month,put,ATMm2
2023-12-17_2024-01-16.json,7888,13,0,0,0,0,0,1,322,7875,2023-12-18,2024-01-16,nifty,month,put,ATMm2
2024-01-16_2024-02-15.json,8258,8,0,0,0,0,0,1,209,8250,2024-01-16,2024-02-15,nifty,month,put,ATMm2
2024-02-15_2024-03-16.json,7988,7,0,0,0,0,0,1,204,7981,2024-02-15,2024-03-15,nifty,month,put,ATMm2
2024-03-16_2024-04-15.json,6756,6,0,0,0,0,0,1,193,6750,2024-03-18,2024-04-15,nifty,month,put,ATMm2
2024-04-15_2024-05-15.json,7875,1,0,0,0,0,0,2,268,7874,2024-04-15,2024-05-15,nifty,month,put,ATMm2
2024-05-15_2024-06-14.json,8631,8,0,0,0,0,0,1,509,8623,2024-05-15,2024-06-14,nifty,month,put,ATMm2
2024-06-14_2024-07-14.json,7502,3,0,0,0,0,0,1,396,7499,2024-06-14,2024-07-12,nifty,month,put,ATMm2
2024-07-14_2024-08-13.json,7876,10,0,0,0,0,0,1,678,7866,2024-07-15,2024-08-13,nifty,month,put,ATMm2
2024-08-13_2024-09-12.json,8253,5,0,0,0,0,0,1,633,8248,2024-08-13,2024-09-12,nifty,month,put,ATMm2
2024-09-12_2024-10-12.json,7876,6,0,0,0,0,0,0,576,7870,2024-09-12,2024-10-11,nifty,month,put,ATMm2
2024-10-12_2024-11-11.json,7558,59,0,0,0,0,0,1,377,7499,2024-10-14,2024-11-11,nifty,month,put,ATMm2
2024-11-11_2024-12-11.json,7871,2,0,0,0,0,0,1,302,7869,2024-11-11,2024-12-11,nifty,month,put,ATMm2
2024-12-11_2025-01-10.json,8250,2,0,0,0,0,0,1,354,8248,2024-12-11,2025-01-10,nifty,month,put,ATMm2
2025-01-10_2025-02-09.json,8249,0,0,0,0,0,0,2,350,8249,2025-01-10,2025-02-07,nifty,month,put,ATMm2
2025-02-09_2025-03-11.json,7877,3,0,0,0,0,0,1,319,7874,2025-02-10,2025-03-11,nifty,month,put,ATMm2
2025-03-11_2025-04-10.json,7498,2,0,0,0,0,0,1,1512,7496,2025-03-11,2025-04-09,nifty,month,put,ATMm2
2025-04-10_2025-05-10.json,6745,0,0,0,0,0,0,1,423,6745,2025-04-11,2025-05-09,nifty,month,put,ATMm2
2025-05-10_2025-06-09.json,7877,2,0,0,0,0,0,1,374,7875,2025-05-12,2025-06-09,nifty,month,put,ATMm2
2025-06-09_2025-07-09.json,8625,0,0,0,0,0,0,0,880,8625,2025-06-09,2025-07-09,nifty,month,put,ATMm2
2025-07-09_2025-08-08.json,8626,1,0,0,0,0,0,1,516,8625,2025-07-09,2025-08-08,nifty,month,put,ATMm2
2025-08-08_2025-09-07.json,7125,0,0,0,0,0,0,0,360,7125,2025-08-08,2025-09-05,nifty,month,put,ATMm2
2025-09-07_2025-10-07.json,7875,0,0,0,0,0,0,0,231,7875,2025-09-08,2025-10-07,nifty,month,put,ATMm2
2025-10-07_2025-11-06.json,7605,0,0,0,0,0,0,0,369,7605,2025-10-07,2025-11-06,nifty,month,put,ATMm2
2025-11-06_2025-12-06.json,8250,0,0,0,0,0,0,0,350,8250,2025-11-06,2025-12-05,nifty,month,put,ATMm2
2025-12-06_2026-01-05.json,7500,0,0,0,0,0,0,0,133,7500,2025-12-08,2026-01-05,nifty,month,put,ATMm2
2026-01-05_2026-02-04.json,8241,0,0,0,0,0,0,0,176,8241,2026-01-05,2026-02-04,nifty,month,put,ATMm2
2026-02-04_2026-03-06.json,8250,0,0,0,0,0,0,0,218,8250,2026-02-04,2026-03-06,nifty,month,put,ATMm2
2026-03-06_2026-04-05.json,6745,0,0,0,0,0,0,0,371,6745,2026-03-06,2026-04-02,nifty,month,put,ATMm2
2026-04-05_2026-04-30.json,6748,0,0,0,0,0,0,0,433,6748,2026-04-06,2026-04-30,nifty,month,put,ATMm2
2021-05-01_2021-05-31.json,7500,0,0,0,0,0,0,8,576,7500,2021-05-03,2021-05-31,nifty,month,put,ATMm3
2021-05-31_2021-06-30.json,8625,0,0,0,0,0,0,6,467,8625,2021-05-31,2021-06-30,nifty,month,put,ATMm3
2021-06-30_2021-07-30.json,8250,0,0,0,0,0,0,8,448,8250,2021-06-30,2021-07-30,nifty,month,put,ATMm3
2021-07-30_2021-08-29.json,7504,4,0,0,0,0,0,5,155,7500,2021-07-30,2021-08-27,nifty,month,put,ATMm3
2021-08-29_2021-09-28.json,7882,7,0,0,0,0,0,0,136,7875,2021-08-30,2021-09-28,nifty,month,put,ATMm3
2021-09-28_2021-10-28.json,8259,9,0,0,0,0,0,10,209,8250,2021-09-28,2021-10-28,nifty,month,put,ATMm3
2021-10-28_2021-11-27.json,7190,65,0,0,0,0,0,11,203,7125,2021-10-28,2021-11-26,nifty,month,put,ATMm3
2021-11-27_2021-12-27.json,7882,7,0,0,0,0,0,0,427,7875,2021-11-29,2021-12-27,nifty,month,put,ATMm3
2021-12-27_2022-01-26.json,8261,11,0,0,0,0,0,6,396,8250,2021-12-27,2022-01-25,nifty,month,put,ATMm3
2022-01-26_2022-02-25.json,8256,6,0,0,0,0,0,15,469,8250,2022-01-27,2022-02-25,nifty,month,put,ATMm3
2022-02-25_2022-03-27.json,7132,8,0,0,0,0,0,0,829,7124,2022-02-25,2022-03-25,nifty,month,put,ATMm3
2022-03-27_2022-04-26.json,7509,9,0,0,0,0,0,7,659,7500,2022-03-28,2022-04-26,nifty,month,put,ATMm3
2022-04-26_2022-05-26.json,8257,10,0,0,0,0,0,11,441,8247,2022-04-26,2022-05-26,nifty,month,put,ATMm3
2022-05-26_2022-06-25.json,8247,0,0,0,0,0,0,6,977,8247,2022-05-26,2022-06-24,nifty,month,put,ATMm3
2022-06-25_2022-07-25.json,7874,0,0,0,0,0,0,8,592,7874,2022-06-27,2022-07-25,nifty,month,put,ATMm3
2022-07-25_2022-08-24.json,7875,0,0,0,0,0,0,5,445,7875,2022-07-25,2022-08-24,nifty,month,put,ATMm3
2022-08-24_2022-09-23.json,8248,0,0,0,0,0,0,7,622,8248,2022-08-24,2022-09-23,nifty,month,put,ATMm3
2022-09-23_2022-10-23.json,7497,0,0,0,0,0,0,8,436,7497,2022-09-23,2022-10-21,nifty,month,put,ATMm3
2022-10-23_2022-11-22.json,7185,60,0,0,0,0,0,6,382,7125,2022-10-25,2022-11-22,nifty,month,put,ATMm3
2022-11-22_2022-12-22.json,8624,0,0,0,0,0,0,7,463,8624,2022-11-22,2022-12-22,nifty,month,put,ATMm3
2022-12-22_2023-01-21.json,8249,0,0,0,0,0,0,6,267,8249,2022-12-22,2023-01-20,nifty,month,put,ATMm3
2023-01-21_2023-02-20.json,7500,0,0,0,0,0,0,6,182,7500,2023-01-23,2023-02-20,nifty,month,put,ATMm3
2023-02-20_2023-03-22.json,8250,0,0,0,0,0,0,8,256,8250,2023-02-20,2023-03-22,nifty,month,put,ATMm3
2023-03-22_2023-04-21.json,7125,0,0,0,0,0,0,7,63,7125,2023-03-22,2023-04-21,nifty,month,put,ATMm3
2023-04-21_2023-05-21.json,7508,8,0,0,0,0,0,4,96,7500,2023-04-21,2023-05-19,nifty,month,put,ATMm3
2023-05-21_2023-06-20.json,8258,8,0,0,0,0,0,4,277,8250,2023-05-22,2023-06-20,nifty,month,put,ATMm3
2023-06-20_2023-07-20.json,8262,12,0,0,0,0,0,4,127,8250,2023-06-20,2023-07-20,nifty,month,put,ATMm3
2023-07-20_2023-08-19.json,7887,12,0,0,0,0,0,4,225,7875,2023-07-20,2023-08-18,nifty,month,put,ATMm3
2023-08-19_2023-09-18.json,7884,9,0,0,0,0,0,4,86,7875,2023-08-21,2023-09-18,nifty,month,put,ATMm3
2023-09-18_2023-10-18.json,7888,13,0,0,0,0,0,4,127,7875,2023-09-18,2023-10-18,nifty,month,put,ATMm3
2023-10-18_2023-11-17.json,7945,70,0,0,0,0,0,5,259,7875,2023-10-18,2023-11-17,nifty,month,put,ATMm3
2023-11-17_2023-12-17.json,7510,10,0,0,0,0,0,5,167,7500,2023-11-17,2023-12-15,nifty,month,put,ATMm3
2023-12-17_2024-01-16.json,7883,10,0,0,0,0,0,3,321,7873,2023-12-18,2024-01-16,nifty,month,put,ATMm3
2024-01-16_2024-02-15.json,8257,9,0,0,0,0,0,3,376,8248,2024-01-16,2024-02-15,nifty,month,put,ATMm3
2024-02-15_2024-03-16.json,7992,11,0,0,0,0,0,4,417,7981,2024-02-15,2024-03-15,nifty,month,put,ATMm3
2024-03-16_2024-04-15.json,6760,10,0,0,0,0,0,3,306,6750,2024-03-18,2024-04-15,nifty,month,put,ATMm3
2024-04-15_2024-05-15.json,7875,2,0,0,0,0,0,4,322,7873,2024-04-15,2024-05-15,nifty,month,put,ATMm3
2024-05-15_2024-06-14.json,8628,4,0,0,0,0,0,4,674,8624,2024-05-15,2024-06-14,nifty,month,put,ATMm3
2024-06-14_2024-07-14.json,7495,2,0,0,0,0,0,4,472,7493,2024-06-14,2024-07-12,nifty,month,put,ATMm3
2024-07-14_2024-08-13.json,7878,6,0,0,0,0,0,3,680,7872,2024-07-15,2024-08-13,nifty,month,put,ATMm3
2024-08-13_2024-09-12.json,8254,6,0,0,0,0,0,2,487,8248,2024-08-13,2024-09-12,nifty,month,put,ATMm3
2024-09-12_2024-10-12.json,7879,8,0,0,0,0,0,2,737,7871,2024-09-12,2024-10-11,nifty,month,put,ATMm3
2024-10-12_2024-11-11.json,7564,69,0,0,0,0,0,2,495,7495,2024-10-14,2024-11-11,nifty,month,put,ATMm3
2024-11-11_2024-12-11.json,7877,3,0,0,0,0,0,3,319,7874,2024-11-11,2024-12-11,nifty,month,put,ATMm3
2024-12-11_2025-01-10.json,8251,2,0,0,0,0,0,3,312,8249,2024-12-11,2025-01-10,nifty,month,put,ATMm3
2025-01-10_2025-02-09.json,8248,0,0,0,0,0,0,3,457,8248,2025-01-10,2025-02-07,nifty,month,put,ATMm3
2025-02-09_2025-03-11.json,7877,4,0,0,0,0,0,3,292,7873,2025-02-10,2025-03-11,nifty,month,put,ATMm3
2025-03-11_2025-04-10.json,7491,1,0,0,0,0,0,3,1746,7490,2025-03-11,2025-04-09,nifty,month,put,ATMm3
2025-04-10_2025-05-10.json,6748,1,0,0,0,0,0,3,877,6747,2025-04-11,2025-05-09,nifty,month,put,ATMm3
2025-05-10_2025-06-09.json,7876,1,0,0,0,0,0,3,654,7875,2025-05-12,2025-06-09,nifty,month,put,ATMm3
2025-06-09_2025-07-09.json,8625,0,0,0,0,0,0,2,725,8625,2025-06-09,2025-07-09,nifty,month,put,ATMm3
2025-07-09_2025-08-08.json,8626,1,0,0,0,0,0,3,569,8625,2025-07-09,2025-08-08,nifty,month,put,ATMm3
2025-08-08_2025-09-07.json,7125,0,0,0,0,0,0,0,301,7125,2025-08-08,2025-09-05,nifty,month,put,ATMm3
2025-09-07_2025-10-07.json,7875,0,0,0,0,0,0,0,305,7875,2025-09-08,2025-10-07,nifty,month,put,ATMm3
2025-10-07_2025-11-06.json,7605,0,0,0,0,0,0,0,440,7605,2025-10-07,2025-11-06,nifty,month,put,ATMm3
2025-11-06_2025-12-06.json,8250,0,0,0,0,0,0,0,399,8250,2025-11-06,2025-12-05,nifty,month,put,ATMm3
2025-12-06_2026-01-05.json,7500,0,0,0,0,0,0,0,108,7500,2025-12-08,2026-01-05,nifty,month,put,ATMm3
2026-01-05_2026-02-04.json,8240,0,0,0,0,0,0,0,251,8240,2026-01-05,2026-02-04,nifty,month,put,ATMm3
2026-02-04_2026-03-06.json,8250,0,0,0,0,0,0,0,343,8250,2026-02-04,2026-03-06,nifty,month,put,ATMm3
2026-03-06_2026-04-05.json,6745,0,0,0,0,0,0,0,532,6745,2026-03-06,2026-04-02,nifty,month,put,ATMm3
2026-04-05_2026-04-30.json,6749,0,0,0,0,0,0,0,511,6749,2026-04-06,2026-04-30,nifty,month,put,ATMm3
2021-05-01_2021-05-31.json,7500,0,0,0,0,0,0,13,1024,7500,2021-05-03,2021-05-31,nifty,month,put,ATMm4
2021-05-31_2021-06-30.json,8625,0,0,0,0,0,0,13,699,8625,2021-05-31,2021-06-30,nifty,month,put,ATMm4
2021-06-30_2021-07-30.json,8250,0,0,0,0,0,0,18,382,8250,2021-06-30,2021-07-30,nifty,month,put,ATMm4
2021-07-30_2021-08-29.json,7501,1,0,0,0,0,0,12,309,7500,2021-07-30,2021-08-27,nifty,month,put,ATMm4
2021-08-29_2021-09-28.json,7881,6,0,0,0,0,0,0,436,7875,2021-08-30,2021-09-28,nifty,month,put,ATMm4
2021-09-28_2021-10-28.json,8261,11,0,0,0,0,0,23,240,8250,2021-09-28,2021-10-28,nifty,month,put,ATMm4
2021-10-28_2021-11-27.json,7191,66,0,0,0,0,0,21,435,7125,2021-10-28,2021-11-26,nifty,month,put,ATMm4
2021-11-27_2021-12-27.json,7885,10,0,0,0,0,0,0,460,7875,2021-11-29,2021-12-27,nifty,month,put,ATMm4
2021-12-27_2022-01-26.json,8259,9,0,0,0,0,0,12,386,8250,2021-12-27,2022-01-25,nifty,month,put,ATMm4
2022-01-26_2022-02-25.json,8261,11,0,0,0,0,0,27,562,8250,2022-01-27,2022-02-25,nifty,month,put,ATMm4
2022-02-25_2022-03-27.json,7129,4,0,0,0,0,0,0,957,7125,2022-02-25,2022-03-25,nifty,month,put,ATMm4
2022-03-27_2022-04-26.json,7509,9,0,0,0,0,0,13,534,7500,2022-03-28,2022-04-26,nifty,month,put,ATMm4
2022-04-26_2022-05-26.json,8260,14,0,0,0,0,0,22,581,8246,2022-04-26,2022-05-26,nifty,month,put,ATMm4
2022-05-26_2022-06-25.json,8245,1,0,0,0,0,0,11,1172,8244,2022-05-26,2022-06-24,nifty,month,put,ATMm4
2022-06-25_2022-07-25.json,7873,0,0,0,0,0,0,14,388,7873,2022-06-27,2022-07-25,nifty,month,put,ATMm4
2022-07-25_2022-08-24.json,7874,0,0,0,0,0,0,9,262,7874,2022-07-25,2022-08-24,nifty,month,put,ATMm4
2022-08-24_2022-09-23.json,8249,0,0,0,0,0,0,13,1051,8249,2022-08-24,2022-09-23,nifty,month,put,ATMm4
2022-09-23_2022-10-23.json,7499,0,0,0,0,0,0,13,404,7499,2022-09-23,2022-10-21,nifty,month,put,ATMm4
2022-10-23_2022-11-22.json,7184,60,0,0,0,0,0,10,514,7124,2022-10-25,2022-11-22,nifty,month,put,ATMm4
2022-11-22_2022-12-22.json,8622,0,0,0,0,0,0,11,522,8622,2022-11-22,2022-12-22,nifty,month,put,ATMm4
2022-12-22_2023-01-21.json,8249,0,0,0,0,0,0,10,277,8249,2022-12-22,2023-01-20,nifty,month,put,ATMm4
2023-01-21_2023-02-20.json,7500,0,0,0,0,0,0,10,293,7500,2023-01-23,2023-02-20,nifty,month,put,ATMm4
2023-02-20_2023-03-22.json,8249,0,0,0,0,0,0,12,297,8249,2023-02-20,2023-03-22,nifty,month,put,ATMm4
2023-03-22_2023-04-21.json,7125,0,0,0,0,0,0,11,134,7125,2023-03-22,2023-04-21,nifty,month,put,ATMm4
2023-04-21_2023-05-21.json,7506,6,0,0,0,0,0,9,143,7500,2023-04-21,2023-05-19,nifty,month,put,ATMm4
2023-05-21_2023-06-20.json,8260,10,0,0,0,0,0,8,235,8250,2023-05-22,2023-06-20,nifty,month,put,ATMm4
2023-06-20_2023-07-20.json,8259,9,0,0,0,0,0,8,98,8250,2023-06-20,2023-07-20,nifty,month,put,ATMm4
2023-07-20_2023-08-19.json,7882,8,0,0,0,0,0,8,220,7874,2023-07-20,2023-08-18,nifty,month,put,ATMm4
2023-08-19_2023-09-18.json,7888,13,0,0,0,0,0,6,93,7875,2023-08-21,2023-09-18,nifty,month,put,ATMm4
2023-09-18_2023-10-18.json,7887,12,0,0,0,0,0,8,161,7875,2023-09-18,2023-10-18,nifty,month,put,ATMm4
2023-10-18_2023-11-17.json,7944,69,0,0,0,0,0,10,395,7875,2023-10-18,2023-11-17,nifty,month,put,ATMm4
2023-11-17_2023-12-17.json,7509,9,0,0,0,0,0,7,66,7500,2023-11-17,2023-12-15,nifty,month,put,ATMm4
2023-12-17_2024-01-16.json,7886,12,0,0,0,0,0,7,476,7874,2023-12-18,2024-01-16,nifty,month,put,ATMm4
2024-01-16_2024-02-15.json,8257,8,0,0,0,0,0,7,311,8249,2024-01-16,2024-02-15,nifty,month,put,ATMm4
2024-02-15_2024-03-16.json,7991,10,0,0,0,0,0,6,254,7981,2024-02-15,2024-03-15,nifty,month,put,ATMm4
2024-03-16_2024-04-15.json,6757,7,0,0,0,0,0,8,202,6750,2024-03-18,2024-04-15,nifty,month,put,ATMm4
2024-04-15_2024-05-15.json,7875,3,0,0,0,0,0,7,448,7872,2024-04-15,2024-05-15,nifty,month,put,ATMm4
2024-05-15_2024-06-14.json,8632,7,0,0,0,0,0,7,699,8625,2024-05-15,2024-06-14,nifty,month,put,ATMm4
2024-06-14_2024-07-14.json,7501,3,0,0,0,0,0,7,546,7498,2024-06-14,2024-07-12,nifty,month,put,ATMm4
2024-07-14_2024-08-13.json,7868,7,0,0,0,0,0,7,885,7861,2024-07-15,2024-08-13,nifty,month,put,ATMm4
2024-08-13_2024-09-12.json,8251,7,0,0,0,0,0,6,760,8244,2024-08-13,2024-09-12,nifty,month,put,ATMm4
2024-09-12_2024-10-12.json,7873,6,0,0,0,0,0,5,668,7867,2024-09-12,2024-10-11,nifty,month,put,ATMm4
2024-10-12_2024-11-11.json,7548,51,0,0,0,0,0,6,523,7497,2024-10-14,2024-11-11,nifty,month,put,ATMm4
2024-11-11_2024-12-11.json,7873,0,0,0,0,0,0,5,521,7873,2024-11-11,2024-12-11,nifty,month,put,ATMm4
2024-12-11_2025-01-10.json,8251,2,0,0,0,0,0,5,576,8249,2024-12-11,2025-01-10,nifty,month,put,ATMm4
2025-01-10_2025-02-09.json,8249,1,0,0,0,0,0,5,506,8248,2025-01-10,2025-02-07,nifty,month,put,ATMm4
2025-02-09_2025-03-11.json,7877,3,0,0,0,0,0,5,504,7874,2025-02-10,2025-03-11,nifty,month,put,ATMm4
2025-03-11_2025-04-10.json,7495,0,0,0,0,0,0,5,1749,7495,2025-03-11,2025-04-09,nifty,month,put,ATMm4
2025-04-10_2025-05-10.json,6748,1,0,0,0,0,0,5,684,6747,2025-04-11,2025-05-09,nifty,month,put,ATMm4
2025-05-10_2025-06-09.json,7876,2,0,0,0,0,0,5,507,7874,2025-05-12,2025-06-09,nifty,month,put,ATMm4
2025-06-09_2025-07-09.json,8624,0,0,0,0,0,0,6,974,8624,2025-06-09,2025-07-09,nifty,month,put,ATMm4
2025-07-09_2025-08-08.json,8625,1,0,0,0,0,0,5,618,8624,2025-07-09,2025-08-08,nifty,month,put,ATMm4
2025-08-08_2025-09-07.json,7125,0,0,0,0,0,0,0,439,7125,2025-08-08,2025-09-05,nifty,month,put,ATMm4
2025-09-07_2025-10-07.json,7875,0,0,0,0,0,0,0,290,7875,2025-09-08,2025-10-07,nifty,month,put,ATMm4
2025-10-07_2025-11-06.json,7605,0,0,0,0,0,0,0,459,7605,2025-10-07,2025-11-06,nifty,month,put,ATMm4
2025-11-06_2025-12-06.json,8249,0,0,0,0,0,0,0,547,8249,2025-11-06,2025-12-05,nifty,month,put,ATMm4
2025-12-06_2026-01-05.json,7500,0,0,0,0,0,0,0,177,7500,2025-12-08,2026-01-05,nifty,month,put,ATMm4
2026-01-05_2026-02-04.json,8239,0,0,0,0,0,0,0,343,8239,2026-01-05,2026-02-04,nifty,month,put,ATMm4
2026-02-04_2026-03-06.json,8250,0,0,0,0,0,0,0,453,8250,2026-02-04,2026-03-06,nifty,month,put,ATMm4
2026-03-06_2026-04-05.json,6745,0,0,0,0,0,0,0,452,6745,2026-03-06,2026-04-02,nifty,month,put,ATMm4
2026-04-05_2026-04-30.json,6748,0,0,0,0,0,0,0,497,6748,2026-04-06,2026-04-30,nifty,month,put,ATMm4
2021-05-01_2021-05-31.json,7500,0,0,0,0,0,0,21,627,7500,2021-05-03,2021-05-31,nifty,month,put,ATMm5
2021-05-31_2021-06-30.json,8624,0,0,0,0,0,0,21,735,8624,2021-05-31,2021-06-30,nifty,month,put,ATMm5
2021-06-30_2021-07-30.json,8249,0,0,0,0,0,0,22,646,8249,2021-06-30,2021-07-30,nifty,month,put,ATMm5
2021-07-30_2021-08-29.json,7504,4,0,0,0,0,0,19,339,7500,2021-07-30,2021-08-27,nifty,month,put,ATMm5
2021-08-29_2021-09-28.json,7882,7,0,0,0,0,0,0,361,7875,2021-08-30,2021-09-28,nifty,month,put,ATMm5
2021-09-28_2021-10-28.json,8257,7,0,0,0,0,0,30,567,8250,2021-09-28,2021-10-28,nifty,month,put,ATMm5
2021-10-28_2021-11-27.json,7190,65,0,0,0,0,0,36,263,7125,2021-10-28,2021-11-26,nifty,month,put,ATMm5
2021-11-27_2021-12-27.json,7880,5,0,0,0,0,0,0,520,7875,2021-11-29,2021-12-27,nifty,month,put,ATMm5
2021-12-27_2022-01-26.json,8258,9,0,0,0,0,0,20,440,8249,2021-12-27,2022-01-25,nifty,month,put,ATMm5
2022-01-26_2022-02-25.json,8258,9,0,0,0,0,0,41,504,8249,2022-01-27,2022-02-25,nifty,month,put,ATMm5
2022-02-25_2022-03-27.json,7127,3,0,0,0,0,0,0,922,7124,2022-02-25,2022-03-25,nifty,month,put,ATMm5
2022-03-27_2022-04-26.json,7511,11,0,0,0,0,0,19,810,7500,2022-03-28,2022-04-26,nifty,month,put,ATMm5
2022-04-26_2022-05-26.json,8258,9,0,0,0,0,0,40,643,8249,2022-04-26,2022-05-26,nifty,month,put,ATMm5
2022-05-26_2022-06-25.json,8250,1,0,0,0,0,0,22,939,8249,2022-05-26,2022-06-24,nifty,month,put,ATMm5
2022-06-25_2022-07-25.json,7872,0,0,0,0,0,0,18,481,7872,2022-06-27,2022-07-25,nifty,month,put,ATMm5
2022-07-25_2022-08-24.json,7874,0,0,0,0,0,0,17,224,7874,2022-07-25,2022-08-24,nifty,month,put,ATMm5
2022-08-24_2022-09-23.json,8249,0,0,0,0,0,0,20,557,8249,2022-08-24,2022-09-23,nifty,month,put,ATMm5
2022-09-23_2022-10-23.json,7498,0,0,0,0,0,0,19,324,7498,2022-09-23,2022-10-21,nifty,month,put,ATMm5
2022-10-23_2022-11-22.json,7183,60,0,0,0,0,0,16,309,7123,2022-10-25,2022-11-22,nifty,month,put,ATMm5
2022-11-22_2022-12-22.json,8625,0,0,0,0,0,0,15,469,8625,2022-11-22,2022-12-22,nifty,month,put,ATMm5
2022-12-22_2023-01-21.json,8249,0,0,0,0,0,0,15,262,8249,2022-12-22,2023-01-20,nifty,month,put,ATMm5
2023-01-21_2023-02-20.json,7498,0,0,0,0,0,0,17,147,7498,2023-01-23,2023-02-20,nifty,month,put,ATMm5
2023-02-20_2023-03-22.json,8249,0,0,0,0,0,0,20,180,8249,2023-02-20,2023-03-22,nifty,month,put,ATMm5
2023-03-22_2023-04-21.json,7125,0,0,0,0,0,0,20,53,7125,2023-03-22,2023-04-21,nifty,month,put,ATMm5
2023-04-21_2023-05-21.json,7506,6,0,0,0,0,0,19,76,7500,2023-04-21,2023-05-19,nifty,month,put,ATMm5
2023-05-21_2023-06-20.json,8258,8,0,0,0,0,0,14,186,8250,2023-05-22,2023-06-20,nifty,month,put,ATMm5
2023-06-20_2023-07-20.json,8261,11,0,0,0,0,0,16,152,8250,2023-06-20,2023-07-20,nifty,month,put,ATMm5
2023-07-20_2023-08-19.json,7887,12,0,0,0,0,0,15,300,7875,2023-07-20,2023-08-18,nifty,month,put,ATMm5
2023-08-19_2023-09-18.json,7885,11,0,0,0,0,0,14,85,7874,2023-08-21,2023-09-18,nifty,month,put,ATMm5
2023-09-18_2023-10-18.json,7888,13,0,0,0,0,0,14,113,7875,2023-09-18,2023-10-18,nifty,month,put,ATMm5
2023-10-18_2023-11-17.json,7943,68,0,0,0,0,0,17,264,7875,2023-10-18,2023-11-17,nifty,month,put,ATMm5
2023-11-17_2023-12-17.json,7512,12,0,0,0,0,0,11,164,7500,2023-11-17,2023-12-15,nifty,month,put,ATMm5
2023-12-17_2024-01-16.json,7884,11,0,0,0,0,0,10,318,7873,2023-12-18,2024-01-16,nifty,month,put,ATMm5
2024-01-16_2024-02-15.json,8260,11,0,0,0,0,0,11,461,8249,2024-01-16,2024-02-15,nifty,month,put,ATMm5
2024-02-15_2024-03-16.json,7991,9,0,0,0,0,0,11,491,7982,2024-02-15,2024-03-15,nifty,month,put,ATMm5
2024-03-16_2024-04-15.json,6756,6,0,0,0,0,0,11,312,6750,2024-03-18,2024-04-15,nifty,month,put,ATMm5
2024-04-15_2024-05-15.json,7875,1,0,0,0,0,0,11,393,7874,2024-04-15,2024-05-15,nifty,month,put,ATMm5
2024-05-15_2024-06-14.json,8628,4,0,0,0,0,0,10,740,8624,2024-05-15,2024-06-14,nifty,month,put,ATMm5
2024-06-14_2024-07-14.json,7500,4,0,0,0,0,0,9,582,7496,2024-06-14,2024-07-12,nifty,month,put,ATMm5
2024-07-14_2024-08-13.json,7875,6,0,0,0,0,0,8,877,7869,2024-07-15,2024-08-13,nifty,month,put,ATMm5
2024-08-13_2024-09-12.json,8252,4,0,0,0,0,0,7,569,8248,2024-08-13,2024-09-12,nifty,month,put,ATMm5
2024-09-12_2024-10-12.json,7876,8,0,0,0,0,0,9,825,7868,2024-09-12,2024-10-11,nifty,month,put,ATMm5
2024-10-12_2024-11-11.json,7553,60,0,0,0,0,0,9,542,7493,2024-10-14,2024-11-11,nifty,month,put,ATMm5
2024-11-11_2024-12-11.json,7872,1,0,0,0,0,0,9,379,7871,2024-11-11,2024-12-11,nifty,month,put,ATMm5
2024-12-11_2025-01-10.json,8252,2,0,0,0,0,0,8,457,8250,2024-12-11,2025-01-10,nifty,month,put,ATMm5
2025-01-10_2025-02-09.json,8245,0,0,0,0,0,0,10,504,8245,2025-01-10,2025-02-07,nifty,month,put,ATMm5
2025-02-09_2025-03-11.json,7876,4,0,0,0,0,0,9,352,7872,2025-02-10,2025-03-11,nifty,month,put,ATMm5
2025-03-11_2025-04-10.json,7484,1,0,0,0,0,0,8,1795,7483,2025-03-11,2025-04-09,nifty,month,put,ATMm5
2025-04-10_2025-05-10.json,6748,1,0,0,0,0,0,11,1110,6747,2025-04-11,2025-05-09,nifty,month,put,ATMm5
2025-05-10_2025-06-09.json,7874,1,0,0,0,0,0,7,761,7873,2025-05-12,2025-06-09,nifty,month,put,ATMm5
2025-06-09_2025-07-09.json,8625,0,0,0,0,0,0,8,851,8625,2025-06-09,2025-07-09,nifty,month,put,ATMm5
2025-07-09_2025-08-08.json,8626,1,0,0,0,0,0,9,627,8625,2025-07-09,2025-08-08,nifty,month,put,ATMm5
2025-08-08_2025-09-07.json,7124,0,0,0,0,0,0,0,371,7124,2025-08-08,2025-09-05,nifty,month,put,ATMm5
2025-09-07_2025-10-07.json,7875,0,0,0,0,0,0,0,322,7875,2025-09-08,2025-10-07,nifty,month,put,ATMm5
2025-10-07_2025-11-06.json,7605,0,0,0,0,0,0,0,488,7605,2025-10-07,2025-11-06,nifty,month,put,ATMm5
2025-11-06_2025-12-06.json,8250,0,0,0,0,0,0,0,454,8250,2025-11-06,2025-12-05,nifty,month,put,ATMm5
2025-12-06_2026-01-05.json,7500,0,0,0,0,0,0,0,147,7500,2025-12-08,2026-01-05,nifty,month,put,ATMm5
2026-01-05_2026-02-04.json,8240,0,0,0,0,0,0,0,419,8240,2026-01-05,2026-02-04,nifty,month,put,ATMm5
2026-02-04_2026-03-06.json,8250,0,0,0,0,0,0,0,530,8250,2026-02-04,2026-03-06,nifty,month,put,ATMm5
2026-03-06_2026-04-05.json,6746,0,0,0,0,0,0,0,516,6746,2026-03-06,2026-04-02,nifty,month,put,ATMm5
2026-04-05_2026-04-30.json,6749,0,0,0,0,0,0,0,659,6749,2026-04-06,2026-04-30,nifty,month,put,ATMm5
2021-05-01_2021-05-31.json,7500,0,0,0,0,0,0,38,1149,7500,2021-05-03,2021-05-31,nifty,month,put,ATMm6
2021-05-31_2021-06-30.json,8623,0,0,0,0,0,0,37,836,8623,2021-05-31,2021-06-30,nifty,month,put,ATMm6
2021-06-30_2021-07-30.json,8250,0,0,0,0,0,0,32,430,8250,2021-06-30,2021-07-30,nifty,month,put,ATMm6
2021-07-30_2021-08-29.json,7503,3,0,0,0,0,0,30,383,7500,2021-07-30,2021-08-27,nifty,month,put,ATMm6
2021-08-29_2021-09-28.json,7878,3,0,0,0,0,0,0,464,7875,2021-08-30,2021-09-28,nifty,month,put,ATMm6
2021-09-28_2021-10-28.json,8259,9,0,0,0,0,0,50,315,8250,2021-09-28,2021-10-28,nifty,month,put,ATMm6
2021-10-28_2021-11-27.json,7178,56,0,0,0,0,0,51,375,7122,2021-10-28,2021-11-26,nifty,month,put,ATMm6
2021-11-27_2021-12-27.json,7882,7,0,0,0,0,0,0,331,7875,2021-11-29,2021-12-27,nifty,month,put,ATMm6
2021-12-27_2022-01-26.json,8263,13,0,0,0,0,0,28,285,8250,2021-12-27,2022-01-25,nifty,month,put,ATMm6
2022-01-26_2022-02-25.json,8263,13,0,0,0,0,0,60,357,8250,2022-01-27,2022-02-25,nifty,month,put,ATMm6
2022-02-25_2022-03-27.json,7131,6,0,0,0,0,0,0,929,7125,2022-02-25,2022-03-25,nifty,month,put,ATMm6
2022-03-27_2022-04-26.json,7509,9,0,0,0,0,0,29,629,7500,2022-03-28,2022-04-26,nifty,month,put,ATMm6
2022-04-26_2022-05-26.json,8256,9,0,0,0,0,0,60,759,8247,2022-04-26,2022-05-26,nifty,month,put,ATMm6
2022-05-26_2022-06-25.json,8242,0,0,0,0,0,0,32,1566,8242,2022-05-26,2022-06-24,nifty,month,put,ATMm6
2022-06-25_2022-07-25.json,7872,0,0,0,0,0,0,36,667,7872,2022-06-27,2022-07-25,nifty,month,put,ATMm6
2022-07-25_2022-08-24.json,7875,0,0,0,0,0,0,31,388,7875,2022-07-25,2022-08-24,nifty,month,put,ATMm6
2022-08-24_2022-09-23.json,8243,0,0,0,0,0,0,27,1229,8243,2022-08-24,2022-09-23,nifty,month,put,ATMm6
2022-09-23_2022-10-23.json,7500,0,0,0,0,0,0,29,704,7500,2022-09-23,2022-10-21,nifty,month,put,ATMm6
2022-10-23_2022-11-22.json,7185,60,0,0,0,0,0,27,557,7125,2022-10-25,2022-11-22,nifty,month,put,ATMm6
2022-11-22_2022-12-22.json,8622,0,0,0,0,0,0,26,522,8622,2022-11-22,2022-12-22,nifty,month,put,ATMm6
2022-12-22_2023-01-21.json,8249,0,0,0,0,0,0,25,339,8249,2022-12-22,2023-01-20,nifty,month,put,ATMm6
2023-01-21_2023-02-20.json,7499,0,0,0,0,0,0,22,333,7499,2023-01-23,2023-02-20,nifty,month,put,ATMm6
2023-02-20_2023-03-22.json,8250,0,0,0,0,0,0,27,391,8250,2023-02-20,2023-03-22,nifty,month,put,ATMm6
2023-03-22_2023-04-21.json,7125,0,0,0,0,0,0,30,115,7125,2023-03-22,2023-04-21,nifty,month,put,ATMm6
2023-04-21_2023-05-21.json,7505,5,0,0,0,0,0,25,151,7500,2023-04-21,2023-05-19,nifty,month,put,ATMm6
2023-05-21_2023-06-20.json,8257,7,0,0,0,0,0,26,193,8250,2023-05-22,2023-06-20,nifty,month,put,ATMm6
2023-06-20_2023-07-20.json,8255,5,0,0,0,0,0,24,86,8250,2023-06-20,2023-07-20,nifty,month,put,ATMm6
2023-07-20_2023-08-19.json,7880,8,0,0,0,0,0,19,212,7872,2023-07-20,2023-08-18,nifty,month,put,ATMm6
2023-08-19_2023-09-18.json,7891,16,0,0,0,0,0,21,107,7875,2023-08-21,2023-09-18,nifty,month,put,ATMm6
2023-09-18_2023-10-18.json,7883,9,0,0,0,0,0,22,132,7874,2023-09-18,2023-10-18,nifty,month,put,ATMm6
2023-10-18_2023-11-17.json,7943,68,0,0,0,0,0,22,372,7875,2023-10-18,2023-11-17,nifty,month,put,ATMm6
2023-11-17_2023-12-17.json,7511,11,0,0,0,0,0,17,78,7500,2023-11-17,2023-12-15,nifty,month,put,ATMm6
2023-12-17_2024-01-16.json,7884,10,0,0,0,0,0,17,426,7874,2023-12-18,2024-01-16,nifty,month,put,ATMm6
2024-01-16_2024-02-15.json,8257,10,0,0,0,0,0,16,280,8247,2024-01-16,2024-02-15,nifty,month,put,ATMm6
2024-02-15_2024-03-16.json,7990,8,0,0,0,0,0,18,208,7982,2024-02-15,2024-03-15,nifty,month,put,ATMm6
2024-03-16_2024-04-15.json,6756,7,0,0,0,0,0,19,120,6749,2024-03-18,2024-04-15,nifty,month,put,ATMm6
2024-04-15_2024-05-15.json,7876,2,0,0,0,0,0,17,460,7874,2024-04-15,2024-05-15,nifty,month,put,ATMm6
2024-05-15_2024-06-14.json,8630,8,0,0,0,0,0,13,769,8622,2024-05-15,2024-06-14,nifty,month,put,ATMm6
2024-06-14_2024-07-14.json,7498,4,0,0,0,0,0,14,671,7494,2024-06-14,2024-07-12,nifty,month,put,ATMm6
2024-07-14_2024-08-13.json,7865,6,0,0,0,0,0,11,1120,7859,2024-07-15,2024-08-13,nifty,month,put,ATMm6
2024-08-13_2024-09-12.json,8250,5,0,0,0,0,0,12,877,8245,2024-08-13,2024-09-12,nifty,month,put,ATMm6
2024-09-12_2024-10-12.json,7875,8,0,0,0,0,0,13,824,7867,2024-09-12,2024-10-11,nifty,month,put,ATMm6
2024-10-12_2024-11-11.json,7551,54,0,0,0,0,0,13,646,7497,2024-10-14,2024-11-11,nifty,month,put,ATMm6
2024-11-11_2024-12-11.json,7870,0,0,0,0,0,0,14,610,7870,2024-11-11,2024-12-11,nifty,month,put,ATMm6
2024-12-11_2025-01-10.json,8250,2,0,0,0,0,0,13,727,8248,2024-12-11,2025-01-10,nifty,month,put,ATMm6
2025-01-10_2025-02-09.json,8250,1,0,0,0,0,0,14,618,8249,2025-01-10,2025-02-07,nifty,month,put,ATMm6
2025-02-09_2025-03-11.json,7876,3,0,0,0,0,0,14,548,7873,2025-02-10,2025-03-11,nifty,month,put,ATMm6
2025-03-11_2025-04-10.json,7476,1,0,0,0,0,0,13,1872,7475,2025-03-11,2025-04-09,nifty,month,put,ATMm6
2025-04-10_2025-05-10.json,6749,1,0,0,0,0,0,11,783,6748,2025-04-11,2025-05-09,nifty,month,put,ATMm6
2025-05-10_2025-06-09.json,7870,0,0,0,0,0,0,12,690,7870,2025-05-12,2025-06-09,nifty,month,put,ATMm6
2025-06-09_2025-07-09.json,8624,0,0,0,0,0,0,11,1140,8624,2025-06-09,2025-07-09,nifty,month,put,ATMm6
2025-07-09_2025-08-08.json,8625,0,0,0,0,0,0,13,680,8625,2025-07-09,2025-08-08,nifty,month,put,ATMm6
2025-08-08_2025-09-07.json,7125,0,0,0,0,0,0,0,651,7125,2025-08-08,2025-09-05,nifty,month,put,ATMm6
2025-09-07_2025-10-07.json,7875,0,0,0,0,0,0,0,330,7875,2025-09-08,2025-10-07,nifty,month,put,ATMm6
2025-10-07_2025-11-06.json,7605,0,0,0,0,0,0,0,509,7605,2025-10-07,2025-11-06,nifty,month,put,ATMm6
2025-11-06_2025-12-06.json,8250,0,0,0,0,0,0,0,587,8250,2025-11-06,2025-12-05,nifty,month,put,ATMm6
2025-12-06_2026-01-05.json,7500,0,0,0,0,0,0,0,260,7500,2025-12-08,2026-01-05,nifty,month,put,ATMm6
2026-01-05_2026-02-04.json,8248,0,0,0,0,0,0,0,506,8248,2026-01-05,2026-02-04,nifty,month,put,ATMm6
2026-02-04_2026-03-06.json,8249,0,0,0,0,0,0,0,638,8249,2026-02-04,2026-03-06,nifty,month,put,ATMm6
2026-03-06_2026-04-05.json,6724,0,0,0,0,0,0,0,607,6724,2026-03-06,2026-04-02,nifty,month,put,ATMm6
2026-04-05_2026-04-30.json,6748,0,0,0,0,0,0,0,720,6748,2026-04-06,2026-04-30,nifty,month,put,ATMm6
2021-05-01_2021-05-31.json,7498,0,0,0,0,0,0,50,612,7498,2021-05-03,2021-05-31,nifty,month,put,ATMm7
2021-05-31_2021-06-30.json,8624,0,0,0,0,0,0,49,827,8624,2021-05-31,2021-06-30,nifty,month,put,ATMm7
2021-06-30_2021-07-30.json,8249,0,0,0,0,0,0,44,642,8249,2021-06-30,2021-07-30,nifty,month,put,ATMm7
2021-07-30_2021-08-29.json,7501,1,0,0,0,0,0,42,343,7500,2021-07-30,2021-08-27,nifty,month,put,ATMm7
2021-08-29_2021-09-28.json,7883,10,0,0,0,0,0,0,325,7873,2021-08-30,2021-09-28,nifty,month,put,ATMm7
2021-09-28_2021-10-28.json,8255,7,0,0,0,0,0,68,581,8248,2021-09-28,2021-10-28,nifty,month,put,ATMm7
2021-10-28_2021-11-27.json,7191,66,0,0,0,0,0,73,248,7125,2021-10-28,2021-11-26,nifty,month,put,ATMm7
2021-11-27_2021-12-27.json,7877,2,0,0,0,0,0,0,599,7875,2021-11-29,2021-12-27,nifty,month,put,ATMm7
2021-12-27_2022-01-26.json,8256,6,0,0,0,0,0,44,389,8250,2021-12-27,2022-01-25,nifty,month,put,ATMm7
2022-01-26_2022-02-25.json,8258,8,0,0,0,0,0,86,564,8250,2022-01-27,2022-02-25,nifty,month,put,ATMm7
2022-02-25_2022-03-27.json,7128,4,0,0,0,0,0,0,1295,7124,2022-02-25,2022-03-25,nifty,month,put,ATMm7
2022-03-27_2022-04-26.json,7507,7,0,0,0,0,0,36,811,7500,2022-03-28,2022-04-26,nifty,month,put,ATMm7
2022-04-26_2022-05-26.json,8257,10,0,0,0,0,0,93,652,8247,2022-04-26,2022-05-26,nifty,month,put,ATMm7
2022-05-26_2022-06-25.json,8249,1,0,0,0,0,0,50,1534,8248,2022-05-26,2022-06-24,nifty,month,put,ATMm7
2022-06-25_2022-07-25.json,7874,0,0,0,0,0,0,51,844,7874,2022-06-27,2022-07-25,nifty,month,put,ATMm7
2022-07-25_2022-08-24.json,7873,0,0,0,0,0,0,35,649,7873,2022-07-25,2022-08-24,nifty,month,put,ATMm7
2022-08-24_2022-09-23.json,8250,0,0,0,0,0,0,35,1026,8250,2022-08-24,2022-09-23,nifty,month,put,ATMm7
2022-09-23_2022-10-23.json,7496,0,0,0,0,0,0,38,834,7496,2022-09-23,2022-10-21,nifty,month,put,ATMm7
2022-10-23_2022-11-22.json,7184,60,0,0,0,0,0,40,496,7124,2022-10-25,2022-11-22,nifty,month,put,ATMm7
2022-11-22_2022-12-22.json,8620,0,0,0,0,0,0,33,588,8620,2022-11-22,2022-12-22,nifty,month,put,ATMm7
2022-12-22_2023-01-21.json,8250,0,0,0,0,0,0,36,506,8250,2022-12-22,2023-01-20,nifty,month,put,ATMm7
2023-01-21_2023-02-20.json,7495,0,0,0,0,0,0,35,257,7495,2023-01-23,2023-02-20,nifty,month,put,ATMm7
2023-02-20_2023-03-22.json,8249,0,0,0,0,0,0,37,384,8249,2023-02-20,2023-03-22,nifty,month,put,ATMm7
2023-03-22_2023-04-21.json,7125,0,0,0,0,0,0,43,65,7125,2023-03-22,2023-04-21,nifty,month,put,ATMm7
2023-04-21_2023-05-21.json,7506,6,0,0,0,0,0,32,118,7500,2023-04-21,2023-05-19,nifty,month,put,ATMm7
2023-05-21_2023-06-20.json,8255,6,0,0,0,0,0,31,362,8249,2023-05-22,2023-06-20,nifty,month,put,ATMm7
2023-06-20_2023-07-20.json,8258,9,0,0,0,0,0,30,210,8249,2023-06-20,2023-07-20,nifty,month,put,ATMm7
2023-07-20_2023-08-19.json,7879,5,0,0,0,0,0,27,465,7874,2023-07-20,2023-08-18,nifty,month,put,ATMm7
2023-08-19_2023-09-18.json,7883,9,0,0,0,0,0,31,138,7874,2023-08-21,2023-09-18,nifty,month,put,ATMm7
2023-09-18_2023-10-18.json,7882,9,0,0,0,0,0,33,198,7873,2023-09-18,2023-10-18,nifty,month,put,ATMm7
2023-10-18_2023-11-17.json,7947,72,0,0,0,0,0,35,354,7875,2023-10-18,2023-11-17,nifty,month,put,ATMm7
2023-11-17_2023-12-17.json,7505,5,0,0,0,0,0,29,207,7500,2023-11-17,2023-12-15,nifty,month,put,ATMm7
2023-12-17_2024-01-16.json,7884,10,0,0,0,0,0,25,293,7874,2023-12-18,2024-01-16,nifty,month,put,ATMm7
2024-01-16_2024-02-15.json,8254,7,0,0,0,0,0,23,461,8247,2024-01-16,2024-02-15,nifty,month,put,ATMm7
2024-02-15_2024-03-16.json,7992,11,0,0,0,0,0,23,370,7981,2024-02-15,2024-03-15,nifty,month,put,ATMm7
2024-03-16_2024-04-15.json,6756,7,0,0,0,0,0,26,210,6749,2024-03-18,2024-04-15,nifty,month,put,ATMm7
2024-04-15_2024-05-15.json,7875,3,0,0,0,0,0,22,385,7872,2024-04-15,2024-05-15,nifty,month,put,ATMm7
2024-05-15_2024-06-14.json,8623,3,0,0,0,0,0,19,740,8620,2024-05-15,2024-06-14,nifty,month,put,ATMm7
2024-06-14_2024-07-14.json,7498,3,0,0,0,0,0,18,720,7495,2024-06-14,2024-07-12,nifty,month,put,ATMm7
2024-07-14_2024-08-13.json,7873,6,0,0,0,0,0,17,981,7867,2024-07-15,2024-08-13,nifty,month,put,ATMm7
2024-08-13_2024-09-12.json,8251,4,0,0,0,0,0,15,592,8247,2024-08-13,2024-09-12,nifty,month,put,ATMm7
2024-09-12_2024-10-12.json,7874,8,0,0,0,0,0,17,981,7866,2024-09-12,2024-10-11,nifty,month,put,ATMm7
2024-10-12_2024-11-11.json,7553,58,0,0,0,0,0,19,661,7495,2024-10-14,2024-11-11,nifty,month,put,ATMm7
2024-11-11_2024-12-11.json,7873,2,0,0,0,0,0,19,550,7871,2024-11-11,2024-12-11,nifty,month,put,ATMm7
2024-12-11_2025-01-10.json,8246,1,0,0,0,0,0,18,502,8245,2024-12-11,2025-01-10,nifty,month,put,ATMm7
2025-01-10_2025-02-09.json,8246,1,0,0,0,0,0,20,554,8245,2025-01-10,2025-02-07,nifty,month,put,ATMm7
2025-02-09_2025-03-11.json,7875,4,0,0,0,0,0,21,410,7871,2025-02-10,2025-03-11,nifty,month,put,ATMm7
2025-03-11_2025-04-10.json,7468,1,0,0,0,0,0,20,2035,7467,2025-03-11,2025-04-09,nifty,month,put,ATMm7
2025-04-10_2025-05-10.json,6744,1,0,0,0,0,0,20,1173,6743,2025-04-11,2025-05-09,nifty,month,put,ATMm7
2025-05-10_2025-06-09.json,7873,1,0,0,0,0,0,17,918,7872,2025-05-12,2025-06-09,nifty,month,put,ATMm7
2025-06-09_2025-07-09.json,8625,0,0,0,0,0,0,17,815,8625,2025-06-09,2025-07-09,nifty,month,put,ATMm7
2025-07-09_2025-08-08.json,8626,1,0,0,0,0,0,20,640,8625,2025-07-09,2025-08-08,nifty,month,put,ATMm7
2025-08-08_2025-09-07.json,7123,0,0,0,0,0,0,0,435,7123,2025-08-08,2025-09-05,nifty,month,put,ATMm7
2025-09-07_2025-10-07.json,7875,0,0,0,0,0,0,0,366,7875,2025-09-08,2025-10-07,nifty,month,put,ATMm7
2025-10-07_2025-11-06.json,7605,0,0,0,0,0,0,0,504,7605,2025-10-07,2025-11-06,nifty,month,put,ATMm7
2025-11-06_2025-12-06.json,8250,0,0,0,0,0,0,0,520,8250,2025-11-06,2025-12-05,nifty,month,put,ATMm7
2025-12-06_2026-01-05.json,7500,0,0,0,0,0,0,0,186,7500,2025-12-08,2026-01-05,nifty,month,put,ATMm7
2026-01-05_2026-02-04.json,8244,0,0,0,0,0,0,0,492,8244,2026-01-05,2026-02-04,nifty,month,put,ATMm7
2026-02-04_2026-03-06.json,8250,0,0,0,0,0,0,0,682,8250,2026-02-04,2026-03-06,nifty,month,put,ATMm7
2026-03-06_2026-04-05.json,6622,0,0,0,0,0,0,0,667,6622,2026-03-06,2026-04-02,nifty,month,put,ATMm7
2026-04-05_2026-04-30.json,6748,0,0,0,0,0,0,0,902,6748,2026-04-06,2026-04-30,nifty,month,put,ATMm7
2021-05-01_2021-05-31.json,7498,0,0,0,0,0,0,69,1152,7498,2021-05-03,2021-05-31,nifty,month,put,ATMm8
2021-05-31_2021-06-30.json,8624,0,0,0,0,0,0,68,941,8624,2021-05-31,2021-06-30,nifty,month,put,ATMm8
2021-06-30_2021-07-30.json,8250,0,0,0,0,0,0,64,539,8250,2021-06-30,2021-07-30,nifty,month,put,ATMm8
2021-07-30_2021-08-29.json,7501,1,0,0,0,0,0,57,363,7500,2021-07-30,2021-08-27,nifty,month,put,ATMm8
2021-08-29_2021-09-28.json,7878,3,0,0,0,0,0,0,500,7875,2021-08-30,2021-09-28,nifty,month,put,ATMm8
2021-09-28_2021-10-28.json,8254,4,0,0,0,0,0,102,383,8250,2021-09-28,2021-10-28,nifty,month,put,ATMm8
2021-10-28_2021-11-27.json,7177,57,0,0,0,0,0,104,613,7120,2021-10-28,2021-11-26,nifty,month,put,ATMm8
2021-11-27_2021-12-27.json,7885,10,0,0,0,0,0,0,762,7875,2021-11-29,2021-12-27,nifty,month,put,ATMm8
2021-12-27_2022-01-26.json,8255,5,0,0,0,0,0,55,565,8250,2021-12-27,2022-01-25,nifty,month,put,ATMm8
2022-01-26_2022-02-25.json,8254,5,0,0,0,0,0,116,729,8249,2022-01-27,2022-02-25,nifty,month,put,ATMm8
2022-02-25_2022-03-27.json,7125,4,0,0,0,0,0,0,1441,7121,2022-02-25,2022-03-25,nifty,month,put,ATMm8
2022-03-27_2022-04-26.json,7513,13,0,0,0,0,0,46,689,7500,2022-03-28,2022-04-26,nifty,month,put,ATMm8
2022-04-26_2022-05-26.json,8258,10,0,0,0,0,0,116,648,8248,2022-04-26,2022-05-26,nifty,month,put,ATMm8
2022-05-26_2022-06-25.json,8242,1,0,0,0,0,0,61,1729,8241,2022-05-26,2022-06-24,nifty,month,put,ATMm8
2022-06-25_2022-07-25.json,7869,0,0,0,0,0,0,63,684,7869,2022-06-27,2022-07-25,nifty,month,put,ATMm8
2022-07-25_2022-08-24.json,7874,0,0,0,0,0,0,55,502,7874,2022-07-25,2022-08-24,nifty,month,put,ATMm8
2022-08-24_2022-09-23.json,8240,0,0,0,0,0,0,48,1581,8240,2022-08-24,2022-09-23,nifty,month,put,ATMm8
2022-09-23_2022-10-23.json,7500,0,0,0,0,0,0,47,849,7500,2022-09-23,2022-10-21,nifty,month,put,ATMm8
2022-10-23_2022-11-22.json,7184,60,0,0,0,0,0,51,665,7124,2022-10-25,2022-11-22,nifty,month,put,ATMm8
2022-11-22_2022-12-22.json,8623,0,0,0,0,0,0,46,697,8623,2022-11-22,2022-12-22,nifty,month,put,ATMm8
2022-12-22_2023-01-21.json,8249,0,0,0,0,0,0,46,382,8249,2022-12-22,2023-01-20,nifty,month,put,ATMm8
2023-01-21_2023-02-20.json,7498,0,0,0,0,0,0,44,336,7498,2023-01-23,2023-02-20,nifty,month,put,ATMm8
2023-02-20_2023-03-22.json,8250,0,0,0,0,0,0,48,439,8250,2023-02-20,2023-03-22,nifty,month,put,ATMm8
2023-03-22_2023-04-21.json,7124,0,0,0,0,0,0,52,105,7124,2023-03-22,2023-04-21,nifty,month,put,ATMm8
2023-04-21_2023-05-21.json,7504,4,0,0,0,0,0,47,163,7500,2023-04-21,2023-05-19,nifty,month,put,ATMm8
2023-05-21_2023-06-20.json,8255,7,0,0,0,0,0,48,395,8248,2023-05-22,2023-06-20,nifty,month,put,ATMm8
2023-06-20_2023-07-20.json,8256,7,0,0,0,0,0,38,203,8249,2023-06-20,2023-07-20,nifty,month,put,ATMm8
2023-07-20_2023-08-19.json,7881,10,0,0,0,0,0,38,348,7871,2023-07-20,2023-08-18,nifty,month,put,ATMm8
2023-08-19_2023-09-18.json,7886,11,0,0,0,0,0,44,161,7875,2023-08-21,2023-09-18,nifty,month,put,ATMm8
2023-09-18_2023-10-18.json,7885,10,0,0,0,0,0,37,237,7875,2023-09-18,2023-10-18,nifty,month,put,ATMm8
2023-10-18_2023-11-17.json,7940,65,0,0,0,0,0,48,509,7875,2023-10-18,2023-11-17,nifty,month,put,ATMm8
2023-11-17_2023-12-17.json,7507,7,0,0,0,0,0,39,137,7500,2023-11-17,2023-12-15,nifty,month,put,ATMm8
2023-12-17_2024-01-16.json,7886,12,0,0,0,0,0,36,611,7874,2023-12-18,2024-01-16,nifty,month,put,ATMm8
2024-01-16_2024-02-15.json,8257,10,0,0,0,0,0,36,541,8247,2024-01-16,2024-02-15,nifty,month,put,ATMm8
2024-02-15_2024-03-16.json,7990,9,0,0,0,0,0,30,312,7981,2024-02-15,2024-03-15,nifty,month,put,ATMm8
2024-03-16_2024-04-15.json,6754,7,0,0,0,0,0,31,218,6747,2024-03-18,2024-04-15,nifty,month,put,ATMm8
2024-04-15_2024-05-15.json,7875,1,0,0,0,0,0,29,669,7874,2024-04-15,2024-05-15,nifty,month,put,ATMm8
2024-05-15_2024-06-14.json,8627,8,0,0,0,0,0,27,793,8619,2024-05-15,2024-06-14,nifty,month,put,ATMm8
2024-06-14_2024-07-14.json,7498,5,0,0,0,0,0,28,671,7493,2024-06-14,2024-07-12,nifty,month,put,ATMm8
2024-07-14_2024-08-13.json,7869,9,0,0,0,0,0,23,1150,7860,2024-07-15,2024-08-13,nifty,month,put,ATMm8
2024-08-13_2024-09-12.json,8252,8,0,0,0,0,0,25,962,8244,2024-08-13,2024-09-12,nifty,month,put,ATMm8
2024-09-12_2024-10-12.json,7863,8,0,0,0,0,0,24,920,7855,2024-09-12,2024-10-11,nifty,month,put,ATMm8
2024-10-12_2024-11-11.json,7544,46,0,0,0,0,0,23,705,7498,2024-10-14,2024-11-11,nifty,month,put,ATMm8
2024-11-11_2024-12-11.json,7873,1,0,0,0,0,0,24,758,7872,2024-11-11,2024-12-11,nifty,month,put,ATMm8
2024-12-11_2025-01-10.json,8245,1,0,0,0,0,0,22,783,8244,2024-12-11,2025-01-10,nifty,month,put,ATMm8
2025-01-10_2025-02-09.json,8248,0,0,0,0,0,0,27,627,8248,2025-01-10,2025-02-07,nifty,month,put,ATMm8
2025-02-09_2025-03-11.json,7874,2,0,0,0,0,0,29,550,7872,2025-02-10,2025-03-11,nifty,month,put,ATMm8
2025-03-11_2025-04-10.json,7495,1,0,0,0,0,0,27,1904,7494,2025-03-11,2025-04-09,nifty,month,put,ATMm8
2025-04-10_2025-05-10.json,6745,0,0,0,0,0,0,25,839,6745,2025-04-11,2025-05-09,nifty,month,put,ATMm8
2025-05-10_2025-06-09.json,7873,3,0,0,0,0,0,24,675,7870,2025-05-12,2025-06-09,nifty,month,put,ATMm8
2025-06-09_2025-07-09.json,8623,0,0,0,0,0,0,24,1181,8623,2025-06-09,2025-07-09,nifty,month,put,ATMm8
2025-07-09_2025-08-08.json,8624,0,0,0,0,0,0,23,767,8624,2025-07-09,2025-08-08,nifty,month,put,ATMm8
2025-08-08_2025-09-07.json,7125,0,0,0,0,0,0,0,563,7125,2025-08-08,2025-09-05,nifty,month,put,ATMm8
2025-09-07_2025-10-07.json,7874,0,0,0,0,0,0,0,361,7874,2025-09-08,2025-10-07,nifty,month,put,ATMm8
2025-10-07_2025-11-06.json,7605,0,0,0,0,0,0,0,546,7605,2025-10-07,2025-11-06,nifty,month,put,ATMm8
2025-11-06_2025-12-06.json,8249,0,0,0,0,0,0,0,605,8249,2025-11-06,2025-12-05,nifty,month,put,ATMm8
2025-12-06_2026-01-05.json,7500,0,0,0,0,0,0,0,319,7500,2025-12-08,2026-01-05,nifty,month,put,ATMm8
2026-01-05_2026-02-04.json,8244,0,0,0,0,0,0,0,555,8244,2026-01-05,2026-02-04,nifty,month,put,ATMm8
2026-02-04_2026-03-06.json,8246,0,0,0,0,0,0,0,766,8246,2026-02-04,2026-03-06,nifty,month,put,ATMm8
2026-03-06_2026-04-05.json,6609,0,0,0,0,0,0,0,581,6609,2026-03-06,2026-04-02,nifty,month,put,ATMm8
2026-04-05_2026-04-30.json,6746,0,0,0,0,0,0,0,791,6746,2026-04-06,2026-04-30,nifty,month,put,ATMm8
2021-05-01_2021-05-31.json,7499,0,0,0,0,0,0,84,689,7499,2021-05-03,2021-05-31,nifty,month,put,ATMm9
2021-05-31_2021-06-30.json,8624,0,0,0,0,0,0,87,909,8624,2021-05-31,2021-06-30,nifty,month,put,ATMm9
2021-06-30_2021-07-30.json,8247,0,0,0,0,0,0,83,791,8247,2021-06-30,2021-07-30,nifty,month,put,ATMm9
2021-07-30_2021-08-29.json,7502,3,0,0,0,0,0,65,377,7499,2021-07-30,2021-08-27,nifty,month,put,ATMm9
2021-08-29_2021-09-28.json,7882,7,0,0,0,0,0,0,432,7875,2021-08-30,2021-09-28,nifty,month,put,ATMm9
2021-09-28_2021-10-28.json,8254,5,0,0,0,0,0,130,697,8249,2021-09-28,2021-10-28,nifty,month,put,ATMm9
2021-10-28_2021-11-27.json,7177,52,0,0,0,0,0,128,375,7125,2021-10-28,2021-11-26,nifty,month,put,ATMm9
2021-11-27_2021-12-27.json,7879,5,0,0,0,0,0,0,781,7874,2021-11-29,2021-12-27,nifty,month,put,ATMm9
2021-12-27_2022-01-26.json,8261,11,0,0,0,0,0,64,592,8250,2021-12-27,2022-01-25,nifty,month,put,ATMm9
2022-01-26_2022-02-25.json,8255,7,0,0,0,0,0,157,631,8248,2022-01-27,2022-02-25,nifty,month,put,ATMm9
2022-02-25_2022-03-27.json,7126,4,0,0,0,0,0,0,1420,7122,2022-02-25,2022-03-25,nifty,month,put,ATMm9
2022-03-27_2022-04-26.json,7511,12,0,0,0,0,0,61,777,7499,2022-03-28,2022-04-26,nifty,month,put,ATMm9
2022-04-26_2022-05-26.json,8249,6,0,0,0,0,0,147,563,8243,2022-04-26,2022-05-26,nifty,month,put,ATMm9
2022-05-26_2022-06-25.json,8247,0,0,0,0,0,0,82,1554,8247,2022-05-26,2022-06-24,nifty,month,put,ATMm9
2022-06-25_2022-07-25.json,7874,0,0,0,0,0,0,86,869,7874,2022-06-27,2022-07-25,nifty,month,put,ATMm9
2022-07-25_2022-08-24.json,7873,0,0,0,0,0,0,80,749,7873,2022-07-25,2022-08-24,nifty,month,put,ATMm9
2022-08-24_2022-09-23.json,8243,0,0,0,0,0,0,67,1140,8243,2022-08-24,2022-09-23,nifty,month,put,ATMm9
2022-09-23_2022-10-23.json,7484,0,0,0,0,0,0,66,892,7484,2022-09-23,2022-10-21,nifty,month,put,ATMm9
2022-10-23_2022-11-22.json,7184,60,0,0,0,0,0,55,523,7124,2022-10-25,2022-11-22,nifty,month,put,ATMm9
2022-11-22_2022-12-22.json,8625,0,0,0,0,0,0,64,709,8625,2022-11-22,2022-12-22,nifty,month,put,ATMm9
2022-12-22_2023-01-21.json,8249,0,0,0,0,0,0,60,442,8249,2022-12-22,2023-01-20,nifty,month,put,ATMm9
2023-01-21_2023-02-20.json,7495,0,0,0,0,0,0,55,248,7495,2023-01-23,2023-02-20,nifty,month,put,ATMm9
2023-02-20_2023-03-22.json,8245,0,0,0,0,0,0,68,369,8245,2023-02-20,2023-03-22,nifty,month,put,ATMm9
2023-03-22_2023-04-21.json,7125,0,0,0,0,0,0,69,116,7125,2023-03-22,2023-04-21,nifty,month,put,ATMm9
2023-04-21_2023-05-21.json,7502,3,0,0,0,0,0,64,131,7499,2023-04-21,2023-05-19,nifty,month,put,ATMm9
2023-05-21_2023-06-20.json,8260,10,0,0,0,0,0,60,517,8250,2023-05-22,2023-06-20,nifty,month,put,ATMm9
2023-06-20_2023-07-20.json,8259,10,0,0,0,0,0,56,201,8249,2023-06-20,2023-07-20,nifty,month,put,ATMm9
2023-07-20_2023-08-19.json,7878,7,0,0,0,0,0,53,481,7871,2023-07-20,2023-08-18,nifty,month,put,ATMm9
2023-08-19_2023-09-18.json,7880,6,0,0,0,0,0,55,191,7874,2023-08-21,2023-09-18,nifty,month,put,ATMm9
2023-09-18_2023-10-18.json,7880,8,0,0,0,0,0,52,211,7872,2023-09-18,2023-10-18,nifty,month,put,ATMm9
2023-10-18_2023-11-17.json,7941,66,0,0,0,0,0,63,469,7875,2023-10-18,2023-11-17,nifty,month,put,ATMm9
2023-11-17_2023-12-17.json,7506,7,0,0,0,0,0,46,295,7499,2023-11-17,2023-12-15,nifty,month,put,ATMm9
2023-12-17_2024-01-16.json,7879,8,0,0,0,0,0,41,437,7871,2023-12-18,2024-01-16,nifty,month,put,ATMm9
2024-01-16_2024-02-15.json,8255,9,0,0,0,0,0,44,685,8246,2024-01-16,2024-02-15,nifty,month,put,ATMm9
2024-02-15_2024-03-16.json,7987,9,0,0,0,0,0,37,610,7978,2024-02-15,2024-03-15,nifty,month,put,ATMm9
2024-03-16_2024-04-15.json,6754,6,0,0,0,0,0,42,343,6748,2024-03-18,2024-04-15,nifty,month,put,ATMm9
2024-04-15_2024-05-15.json,7866,1,0,0,0,0,0,39,552,7865,2024-04-15,2024-05-15,nifty,month,put,ATMm9
2024-05-15_2024-06-14.json,8627,4,0,0,0,0,0,33,858,8623,2024-05-15,2024-06-14,nifty,month,put,ATMm9
2024-06-14_2024-07-14.json,7495,2,0,0,0,0,0,34,725,7493,2024-06-14,2024-07-12,nifty,month,put,ATMm9
2024-07-14_2024-08-13.json,7873,4,0,0,0,0,0,30,995,7869,2024-07-15,2024-08-13,nifty,month,put,ATMm9
2024-08-13_2024-09-12.json,8243,4,0,0,0,0,0,32,659,8239,2024-08-13,2024-09-12,nifty,month,put,ATMm9
2024-09-12_2024-10-12.json,7875,7,0,0,0,0,0,27,1062,7868,2024-09-12,2024-10-11,nifty,month,put,ATMm9
2024-10-12_2024-11-11.json,7559,66,0,0,0,0,0,32,660,7493,2024-10-14,2024-11-11,nifty,month,put,ATMm9
2024-11-11_2024-12-11.json,7874,0,0,0,0,0,0,33,579,7874,2024-11-11,2024-12-11,nifty,month,put,ATMm9
2024-12-11_2025-01-10.json,8246,2,0,0,0,0,0,30,583,8244,2024-12-11,2025-01-10,nifty,month,put,ATMm9
2025-01-10_2025-02-09.json,8248,1,0,0,0,0,0,33,592,8247,2025-01-10,2025-02-07,nifty,month,put,ATMm9
2025-02-09_2025-03-11.json,7876,3,0,0,0,0,0,35,370,7873,2025-02-10,2025-03-11,nifty,month,put,ATMm9
2025-03-11_2025-04-10.json,7467,1,0,0,0,0,0,36,1962,7466,2025-03-11,2025-04-09,nifty,month,put,ATMm9
2025-04-10_2025-05-10.json,6749,0,0,0,0,0,0,34,1269,6749,2025-04-11,2025-05-09,nifty,month,put,ATMm9
2025-05-10_2025-06-09.json,7871,1,0,0,0,0,0,31,976,7870,2025-05-12,2025-06-09,nifty,month,put,ATMm9
2025-06-09_2025-07-09.json,8625,0,0,0,0,0,0,30,961,8625,2025-06-09,2025-07-09,nifty,month,put,ATMm9
2025-07-09_2025-08-08.json,8626,1,0,0,0,0,0,31,719,8625,2025-07-09,2025-08-08,nifty,month,put,ATMm9
2025-08-08_2025-09-07.json,7125,0,0,0,0,0,0,0,450,7125,2025-08-08,2025-09-05,nifty,month,put,ATMm9
2025-09-07_2025-10-07.json,7875,0,0,0,0,0,0,0,550,7875,2025-09-08,2025-10-07,nifty,month,put,ATMm9
2025-10-07_2025-11-06.json,7605,0,0,0,0,0,0,0,566,7605,2025-10-07,2025-11-06,nifty,month,put,ATMm9
2025-11-06_2025-12-06.json,8248,0,0,0,0,0,0,0,556,8248,2025-11-06,2025-12-05,nifty,month,put,ATMm9
2025-12-06_2026-01-05.json,7499,0,0,0,0,0,0,0,344,7499,2025-12-08,2026-01-05,nifty,month,put,ATMm9
2026-01-05_2026-02-04.json,8240,0,0,0,0,0,0,0,557,8240,2026-01-05,2026-02-04,nifty,month,put,ATMm9
2026-02-04_2026-03-06.json,8248,0,0,0,0,0,0,0,746,8248,2026-02-04,2026-03-06,nifty,month,put,ATMm9
2026-03-06_2026-04-05.json,6693,0,0,0,0,0,0,0,801,6693,2026-03-06,2026-04-02,nifty,month,put,ATMm9
2026-04-05_2026-04-30.json,6749,0,0,0,0,0,0,0,896,6749,2026-04-06,2026-04-30,nifty,month,put,ATMm9
2021-05-01_2021-05-31.json,7500,0,0,0,0,0,4,47,337,7500,2021-05-03,2021-05-31,nifty,month,put,ATMp1
2021-05-31_2021-06-30.json,8625,0,0,0,0,0,0,18,475,8625,2021-05-31,2021-06-30,nifty,month,put,ATMp1
2021-06-30_2021-07-30.json,8250,0,0,0,0,0,0,26,249,8250,2021-06-30,2021-07-30,nifty,month,put,ATMp1
2021-07-30_2021-08-29.json,7505,5,0,0,0,0,0,6,249,7500,2021-07-30,2021-08-27,nifty,month,put,ATMp1
2021-08-29_2021-09-28.json,7883,8,0,0,0,0,0,0,306,7875,2021-08-30,2021-09-28,nifty,month,put,ATMp1
2021-09-28_2021-10-28.json,8262,12,0,0,0,0,0,57,505,8250,2021-09-28,2021-10-28,nifty,month,put,ATMp1
2021-10-28_2021-11-27.json,7193,68,0,0,0,0,1,48,191,7125,2021-10-28,2021-11-26,nifty,month,put,ATMp1
2021-11-27_2021-12-27.json,7882,7,0,0,0,0,0,0,294,7875,2021-11-29,2021-12-27,nifty,month,put,ATMp1
2021-12-27_2022-01-26.json,8257,8,0,0,0,0,1,11,306,8249,2021-12-27,2022-01-25,nifty,month,put,ATMp1
2022-01-26_2022-02-25.json,8256,7,0,0,0,0,3,31,311,8249,2022-01-27,2022-02-25,nifty,month,put,ATMp1
2022-02-25_2022-03-27.json,7129,4,0,0,0,0,0,0,566,7125,2022-02-25,2022-03-25,nifty,month,put,ATMp1
2022-03-27_2022-04-26.json,7509,9,0,0,0,0,0,40,265,7500,2022-03-28,2022-04-26,nifty,month,put,ATMp1
2022-04-26_2022-05-26.json,8259,9,0,0,0,0,6,34,303,8250,2022-04-26,2022-05-26,nifty,month,put,ATMp1
2022-05-26_2022-06-25.json,8247,0,0,0,0,0,6,5,510,8247,2022-05-26,2022-06-24,nifty,month,put,ATMp1
2022-06-25_2022-07-25.json,7874,0,0,0,0,0,0,20,509,7874,2022-06-27,2022-07-25,nifty,month,put,ATMp1
2022-07-25_2022-08-24.json,7873,0,0,0,0,0,0,14,258,7873,2022-07-25,2022-08-24,nifty,month,put,ATMp1
2022-08-24_2022-09-23.json,8247,0,0,0,0,0,0,101,334,8247,2022-08-24,2022-09-23,nifty,month,put,ATMp1
2022-09-23_2022-10-23.json,7500,0,0,0,0,0,1,7,305,7500,2022-09-23,2022-10-21,nifty,month,put,ATMp1
2022-10-23_2022-11-22.json,7184,60,0,0,0,0,5,17,129,7124,2022-10-25,2022-11-22,nifty,month,put,ATMp1
2022-11-22_2022-12-22.json,8625,0,0,0,0,0,5,5,285,8625,2022-11-22,2022-12-22,nifty,month,put,ATMp1
2022-12-22_2023-01-21.json,8250,0,0,0,0,0,2,6,86,8250,2022-12-22,2023-01-20,nifty,month,put,ATMp1
2023-01-21_2023-02-20.json,7500,0,0,0,0,0,2,31,70,7500,2023-01-23,2023-02-20,nifty,month,put,ATMp1
2023-02-20_2023-03-22.json,8250,0,0,0,0,0,1,23,78,8250,2023-02-20,2023-03-22,nifty,month,put,ATMp1
2023-03-22_2023-04-21.json,7125,0,0,0,0,0,5,1,24,7125,2023-03-22,2023-04-21,nifty,month,put,ATMp1
2023-04-21_2023-05-21.json,7507,7,0,0,0,0,1,70,48,7500,2023-04-21,2023-05-19,nifty,month,put,ATMp1
2023-05-21_2023-06-20.json,8260,10,0,0,0,0,1,36,108,8250,2023-05-22,2023-06-20,nifty,month,put,ATMp1
2023-06-20_2023-07-20.json,8263,13,0,0,0,0,2,11,82,8250,2023-06-20,2023-07-20,nifty,month,put,ATMp1
2023-07-20_2023-08-19.json,7885,10,0,0,0,0,5,1,118,7875,2023-07-20,2023-08-18,nifty,month,put,ATMp1
2023-08-19_2023-09-18.json,7889,14,0,0,0,0,1,19,53,7875,2023-08-21,2023-09-18,nifty,month,put,ATMp1
2023-09-18_2023-10-18.json,7887,12,0,0,0,0,4,41,32,7875,2023-09-18,2023-10-18,nifty,month,put,ATMp1
2023-10-18_2023-11-17.json,7945,70,0,0,0,0,0,7,114,7875,2023-10-18,2023-11-17,nifty,month,put,ATMp1
2023-11-17_2023-12-17.json,7512,12,0,0,0,0,0,125,146,7500,2023-11-17,2023-12-15,nifty,month,put,ATMp1
2023-12-17_2024-01-16.json,7886,11,0,0,0,0,0,86,58,7875,2023-12-18,2024-01-16,nifty,month,put,ATMp1
2024-01-16_2024-02-15.json,8261,11,0,0,0,0,6,7,195,8250,2024-01-16,2024-02-15,nifty,month,put,ATMp1
2024-02-15_2024-03-16.json,7987,9,0,0,0,0,9,8,231,7978,2024-02-15,2024-03-15,nifty,month,put,ATMp1
2024-03-16_2024-04-15.json,6760,10,0,0,0,0,1,99,106,6750,2024-03-18,2024-04-15,nifty,month,put,ATMp1
2024-04-15_2024-05-15.json,7876,1,0,0,0,0,0,68,117,7875,2024-04-15,2024-05-15,nifty,month,put,ATMp1
2024-05-15_2024-06-14.json,8634,9,0,0,0,0,3,29,396,8625,2024-05-15,2024-06-14,nifty,month,put,ATMp1
2024-06-14_2024-07-14.json,7504,4,0,0,0,0,0,11,194,7500,2024-06-14,2024-07-12,nifty,month,put,ATMp1
2024-07-14_2024-08-13.json,7880,7,0,0,0,0,1,22,191,7873,2024-07-15,2024-08-13,nifty,month,put,ATMp1
2024-08-13_2024-09-12.json,8255,6,0,0,0,0,0,30,165,8249,2024-08-13,2024-09-12,nifty,month,put,ATMp1
2024-09-12_2024-10-12.json,7878,6,0,0,0,0,0,27,313,7872,2024-09-12,2024-10-11,nifty,month,put,ATMp1
2024-10-12_2024-11-11.json,7563,66,0,0,0,0,2,45,204,7497,2024-10-14,2024-11-11,nifty,month,put,ATMp1
2024-11-11_2024-12-11.json,7878,3,0,0,0,0,5,0,58,7875,2024-11-11,2024-12-11,nifty,month,put,ATMp1
2024-12-11_2025-01-10.json,8254,4,0,0,0,0,0,11,88,8250,2024-12-11,2025-01-10,nifty,month,put,ATMp1
2025-01-10_2025-02-09.json,8249,2,0,0,0,0,5,0,113,8247,2025-01-10,2025-02-07,nifty,month,put,ATMp1
2025-02-09_2025-03-11.json,7878,3,0,0,0,0,0,263,87,7875,2025-02-10,2025-03-11,nifty,month,put,ATMp1
2025-03-11_2025-04-10.json,7494,1,0,0,0,0,1,127,1326,7493,2025-03-11,2025-04-09,nifty,month,put,ATMp1
2025-04-10_2025-05-10.json,6750,1,0,0,0,0,0,135,395,6749,2025-04-11,2025-05-09,nifty,month,put,ATMp1
2025-05-10_2025-06-09.json,7877,2,0,0,0,0,2,1,331,7875,2025-05-12,2025-06-09,nifty,month,put,ATMp1
2025-06-09_2025-07-09.json,8625,0,0,0,0,0,0,20,287,8625,2025-06-09,2025-07-09,nifty,month,put,ATMp1
2025-07-09_2025-08-08.json,8626,1,0,0,0,0,0,23,115,8625,2025-07-09,2025-08-08,nifty,month,put,ATMp1
2025-08-08_2025-09-07.json,7125,0,0,0,0,0,0,4,107,7125,2025-08-08,2025-09-05,nifty,month,put,ATMp1
2025-09-07_2025-10-07.json,7875,0,0,0,0,0,0,18,219,7875,2025-09-08,2025-10-07,nifty,month,put,ATMp1
2025-10-07_2025-11-06.json,7605,0,0,0,0,0,0,13,177,7605,2025-10-07,2025-11-06,nifty,month,put,ATMp1
2025-11-06_2025-12-06.json,8250,0,0,0,0,0,0,14,185,8250,2025-11-06,2025-12-05,nifty,month,put,ATMp1
2025-12-06_2026-01-05.json,7500,0,0,0,0,0,0,52,68,7500,2025-12-08,2026-01-05,nifty,month,put,ATMp1
2026-01-05_2026-02-04.json,8242,0,0,0,0,0,0,24,72,8242,2026-01-05,2026-02-04,nifty,month,put,ATMp1
2026-02-04_2026-03-06.json,8250,0,0,0,0,0,0,4,97,8250,2026-02-04,2026-03-06,nifty,month,put,ATMp1
2026-03-06_2026-04-05.json,6746,0,0,0,0,0,0,2,154,6746,2026-03-06,2026-04-02,nifty,month,put,ATMp1
2026-04-05_2026-04-30.json,6749,0,0,0,0,0,0,16,306,6749,2026-04-06,2026-04-30,nifty,month,put,ATMp1
2021-05-01_2021-05-31.json,7323,0,0,0,0,0,0,419,5801,7323,2021-05-03,2021-05-31,nifty,month,put,ATMp10
2021-05-31_2021-06-30.json,8289,0,0,0,0,0,0,340,6414,8289,2021-05-31,2021-06-30,nifty,month,put,ATMp10
2021-06-30_2021-07-30.json,8120,0,0,0,0,0,0,159,6145,8120,2021-06-30,2021-07-30,nifty,month,put,ATMp10
2021-07-30_2021-08-29.json,7480,0,0,0,0,0,0,155,5813,7480,2021-07-30,2021-08-27,nifty,month,put,ATMp10
2021-08-29_2021-09-28.json,7791,0,0,0,0,0,0,11,5797,7791,2021-08-30,2021-09-28,nifty,month,put,ATMp10
2021-09-28_2021-10-28.json,8199,0,0,0,0,0,0,1003,4938,8199,2021-09-28,2021-10-28,nifty,month,put,ATMp10
2021-10-28_2021-11-27.json,7107,15,0,0,0,0,0,726,3766,7092,2021-10-28,2021-11-26,nifty,month,put,ATMp10
2021-11-27_2021-12-27.json,7857,2,0,0,0,0,0,12,4052,7855,2021-11-29,2021-12-27,nifty,month,put,ATMp10
2021-12-27_2022-01-26.json,8187,0,0,0,0,0,0,267,4808,8187,2021-12-27,2022-01-25,nifty,month,put,ATMp10
2022-01-26_2022-02-25.json,8242,2,0,0,0,0,0,337,4189,8240,2022-01-27,2022-02-25,nifty,month,put,ATMp10
2022-02-25_2022-03-27.json,7116,0,0,0,0,0,0,0,4257,7116,2022-02-25,2022-03-25,nifty,month,put,ATMp10
2022-03-27_2022-04-26.json,7461,1,0,0,0,0,4,1237,3307,7460,2022-03-28,2022-04-26,nifty,month,put,ATMp10
2022-04-26_2022-05-26.json,8224,0,0,0,0,0,0,461,3940,8224,2022-04-26,2022-05-26,nifty,month,put,ATMp10
2022-05-26_2022-06-25.json,8215,0,0,0,0,0,0,141,4690,8215,2022-05-26,2022-06-24,nifty,month,put,ATMp10
2022-06-25_2022-07-25.json,7859,0,0,0,0,0,0,160,4802,7859,2022-06-27,2022-07-25,nifty,month,put,ATMp10
2022-07-25_2022-08-24.json,7860,0,0,0,0,0,0,501,4544,7860,2022-07-25,2022-08-24,nifty,month,put,ATMp10
2022-08-24_2022-09-23.json,8193,0,0,0,0,0,0,469,5169,8193,2022-08-24,2022-09-23,nifty,month,put,ATMp10
2022-09-23_2022-10-23.json,7491,0,0,0,0,0,0,149,3401,7491,2022-09-23,2022-10-21,nifty,month,put,ATMp10
2022-10-23_2022-11-22.json,7100,21,0,0,0,0,0,2045,4502,7079,2022-10-25,2022-11-22,nifty,month,put,ATMp10
2022-11-22_2022-12-22.json,8579,0,0,0,0,0,0,1439,5056,8579,2022-11-22,2022-12-22,nifty,month,put,ATMp10
2022-12-22_2023-01-21.json,8228,0,0,0,0,0,0,1021,3760,8228,2022-12-22,2023-01-20,nifty,month,put,ATMp10
2023-01-21_2023-02-20.json,7486,0,0,0,0,0,0,1049,4039,7486,2023-01-23,2023-02-20,nifty,month,put,ATMp10
2023-02-20_2023-03-22.json,8219,0,0,0,0,0,0,387,3662,8219,2023-02-20,2023-03-22,nifty,month,put,ATMp10
2023-03-22_2023-04-21.json,7082,0,0,0,0,0,0,1403,4039,7082,2023-03-22,2023-04-21,nifty,month,put,ATMp10
2023-04-21_2023-05-21.json,7452,0,0,0,0,0,0,1061,5420,7452,2023-04-21,2023-05-19,nifty,month,put,ATMp10
2023-05-21_2023-06-20.json,8167,1,0,0,0,0,0,1566,5906,8166,2023-05-22,2023-06-20,nifty,month,put,ATMp10
2023-06-20_2023-07-20.json,8154,0,0,0,0,0,0,1127,5606,8154,2023-06-20,2023-07-20,nifty,month,put,ATMp10
2023-07-20_2023-08-19.json,7799,2,0,0,0,0,0,442,4316,7797,2023-07-20,2023-08-18,nifty,month,put,ATMp10
2023-08-19_2023-09-18.json,7692,1,0,0,0,0,0,102,4898,7691,2023-08-21,2023-09-18,nifty,month,put,ATMp10
2023-09-18_2023-10-18.json,7855,1,0,0,0,0,1,777,4121,7854,2023-09-18,2023-10-18,nifty,month,put,ATMp10
2023-10-18_2023-11-17.json,7740,21,0,0,0,0,0,115,4828,7719,2023-10-18,2023-11-17,nifty,month,put,ATMp10
2023-11-17_2023-12-17.json,7380,1,0,0,0,0,0,2501,4496,7379,2023-11-17,2023-12-15,nifty,month,put,ATMp10
2023-12-17_2024-01-16.json,7830,2,0,0,0,0,0,2291,4625,7828,2023-12-18,2024-01-16,nifty,month,put,ATMp10
2024-01-16_2024-02-15.json,8105,3,0,0,0,0,0,745,3638,8102,2024-01-16,2024-02-15,nifty,month,put,ATMp10
2024-02-15_2024-03-16.json,7958,1,0,0,0,0,0,298,3896,7957,2024-02-15,2024-03-15,nifty,month,put,ATMp10
2024-03-16_2024-04-15.json,6733,1,0,0,0,0,0,1928,3231,6732,2024-03-18,2024-04-15,nifty,month,put,ATMp10
2024-04-15_2024-05-15.json,7848,0,0,0,0,0,0,659,2953,7848,2024-04-15,2024-05-15,nifty,month,put,ATMp10
2024-05-15_2024-06-14.json,8603,5,0,0,0,0,0,1326,4088,8598,2024-05-15,2024-06-14,nifty,month,put,ATMp10
2024-06-14_2024-07-14.json,7448,0,0,0,0,0,0,633,4414,7448,2024-06-14,2024-07-12,nifty,month,put,ATMp10
2024-07-14_2024-08-13.json,7835,2,0,0,0,0,0,90,3799,7833,2024-07-15,2024-08-13,nifty,month,put,ATMp10
2024-08-13_2024-09-12.json,8224,1,0,0,0,0,0,832,4172,8223,2024-08-13,2024-09-12,nifty,month,put,ATMp10
2024-09-12_2024-10-12.json,7838,0,0,0,0,0,0,557,3086,7838,2024-09-12,2024-10-11,nifty,month,put,ATMp10
2024-10-12_2024-11-11.json,7501,25,0,0,0,0,0,744,2633,7476,2024-10-14,2024-11-11,nifty,month,put,ATMp10
2024-11-11_2024-12-11.json,7859,1,0,0,0,0,0,508,3195,7858,2024-11-11,2024-12-11,nifty,month,put,ATMp10
2024-12-11_2025-01-10.json,8223,0,0,0,0,0,0,448,2980,8223,2024-12-11,2025-01-10,nifty,month,put,ATMp10
2025-01-10_2025-02-09.json,8239,0,0,0,0,0,0,171,3030,8239,2025-01-10,2025-02-07,nifty,month,put,ATMp10
2025-02-09_2025-03-11.json,7846,2,0,0,0,0,0,1028,3214,7844,2025-02-10,2025-03-11,nifty,month,put,ATMp10
2025-03-11_2025-04-10.json,7445,0,0,0,0,0,0,1018,4241,7445,2025-03-11,2025-04-09,nifty,month,put,ATMp10
2025-04-10_2025-05-10.json,6736,0,0,0,0,0,0,362,3947,6736,2025-04-11,2025-05-09,nifty,month,put,ATMp10
2025-05-10_2025-06-09.json,7847,0,0,0,0,0,0,152,3200,7847,2025-05-12,2025-06-09,nifty,month,put,ATMp10
2025-06-09_2025-07-09.json,8595,0,0,0,0,0,0,959,4465,8595,2025-06-09,2025-07-09,nifty,month,put,ATMp10
2025-07-09_2025-08-08.json,8586,0,0,0,0,0,0,530,4016,8586,2025-07-09,2025-08-08,nifty,month,put,ATMp10
2025-08-08_2025-09-07.json,7108,0,0,0,0,0,0,204,3463,7108,2025-08-08,2025-09-05,nifty,month,put,ATMp10
2025-09-07_2025-10-07.json,7848,0,0,0,0,0,0,1466,3565,7848,2025-09-08,2025-10-07,nifty,month,put,ATMp10
2025-10-07_2025-11-06.json,7600,0,0,0,0,0,0,1271,3573,7600,2025-10-07,2025-11-06,nifty,month,put,ATMp10
2025-11-06_2025-12-06.json,8240,0,0,0,0,0,0,440,3611,8240,2025-11-06,2025-12-05,nifty,month,put,ATMp10
2025-12-06_2026-01-05.json,7455,0,0,0,0,0,0,418,3744,7455,2025-12-08,2026-01-05,nifty,month,put,ATMp10
2026-01-05_2026-02-04.json,8242,0,0,0,0,0,0,406,2712,8242,2026-01-05,2026-02-04,nifty,month,put,ATMp10
2026-02-04_2026-03-06.json,8231,0,0,0,0,0,0,153,3458,8231,2026-02-04,2026-03-06,nifty,month,put,ATMp10
2026-03-06_2026-04-05.json,6740,0,0,0,0,0,0,92,1938,6740,2026-03-06,2026-04-02,nifty,month,put,ATMp10
2026-04-05_2026-04-30.json,6725,0,0,0,0,0,0,130,2837,6725,2026-04-06,2026-04-30,nifty,month,put,ATMp10
2021-05-01_2021-05-31.json,7500,0,0,0,0,0,0,170,1575,7500,2021-05-03,2021-05-31,nifty,month,put,ATMp2
2021-05-31_2021-06-30.json,8622,0,0,0,0,0,0,26,1307,8622,2021-05-31,2021-06-30,nifty,month,put,ATMp2
2021-06-30_2021-07-30.json,8250,0,0,0,0,0,0,33,817,8250,2021-06-30,2021-07-30,nifty,month,put,ATMp2
2021-07-30_2021-08-29.json,7501,1,0,0,0,0,0,12,923,7500,2021-07-30,2021-08-27,nifty,month,put,ATMp2
2021-08-29_2021-09-28.json,7876,2,0,0,0,0,0,0,1013,7874,2021-08-30,2021-09-28,nifty,month,put,ATMp2
2021-09-28_2021-10-28.json,8257,9,0,0,0,0,0,97,603,8248,2021-09-28,2021-10-28,nifty,month,put,ATMp2
2021-10-28_2021-11-27.json,7164,39,0,0,0,0,1,98,810,7125,2021-10-28,2021-11-26,nifty,month,put,ATMp2
2021-11-27_2021-12-27.json,7878,3,0,0,0,0,0,0,738,7875,2021-11-29,2021-12-27,nifty,month,put,ATMp2
2021-12-27_2022-01-26.json,8252,7,0,0,0,0,0,20,996,8245,2021-12-27,2022-01-25,nifty,month,put,ATMp2
2022-01-26_2022-02-25.json,8260,10,0,0,0,0,0,63,948,8250,2022-01-27,2022-02-25,nifty,month,put,ATMp2
2022-02-25_2022-03-27.json,7129,5,0,0,0,0,0,0,1185,7124,2022-02-25,2022-03-25,nifty,month,put,ATMp2
2022-03-27_2022-04-26.json,7511,11,0,0,0,0,0,111,564,7500,2022-03-28,2022-04-26,nifty,month,put,ATMp2
2022-04-26_2022-05-26.json,8254,5,0,0,0,0,5,42,783,8249,2022-04-26,2022-05-26,nifty,month,put,ATMp2
2022-05-26_2022-06-25.json,8244,0,0,0,0,0,5,11,1371,8244,2022-05-26,2022-06-24,nifty,month,put,ATMp2
2022-06-25_2022-07-25.json,7874,0,0,0,0,0,0,20,678,7874,2022-06-27,2022-07-25,nifty,month,put,ATMp2
2022-07-25_2022-08-24.json,7873,0,0,0,0,0,0,18,605,7873,2022-07-25,2022-08-24,nifty,month,put,ATMp2
2022-08-24_2022-09-23.json,8243,0,0,0,0,0,0,259,1510,8243,2022-08-24,2022-09-23,nifty,month,put,ATMp2
2022-09-23_2022-10-23.json,7499,0,0,0,0,0,0,9,604,7499,2022-09-23,2022-10-21,nifty,month,put,ATMp2
2022-10-23_2022-11-22.json,7183,60,0,0,0,0,4,150,629,7123,2022-10-25,2022-11-22,nifty,month,put,ATMp2
2022-11-22_2022-12-22.json,8625,0,0,0,0,0,6,202,477,8625,2022-11-22,2022-12-22,nifty,month,put,ATMp2
2022-12-22_2023-01-21.json,8249,0,0,0,0,0,0,40,203,8249,2022-12-22,2023-01-20,nifty,month,put,ATMp2
2023-01-21_2023-02-20.json,7500,0,0,0,0,0,0,146,439,7500,2023-01-23,2023-02-20,nifty,month,put,ATMp2
2023-02-20_2023-03-22.json,8250,0,0,0,0,0,0,66,243,8250,2023-02-20,2023-03-22,nifty,month,put,ATMp2
2023-03-22_2023-04-21.json,7125,0,0,0,0,0,3,40,184,7125,2023-03-22,2023-04-21,nifty,month,put,ATMp2
2023-04-21_2023-05-21.json,7505,5,0,0,0,0,1,175,293,7500,2023-04-21,2023-05-19,nifty,month,put,ATMp2
2023-05-21_2023-06-20.json,8257,8,0,0,0,0,0,90,314,8249,2023-05-22,2023-06-20,nifty,month,put,ATMp2
2023-06-20_2023-07-20.json,8261,11,0,0,0,0,0,25,291,8250,2023-06-20,2023-07-20,nifty,month,put,ATMp2
2023-07-20_2023-08-19.json,7882,7,0,0,0,0,4,17,179,7875,2023-07-20,2023-08-18,nifty,month,put,ATMp2
2023-08-19_2023-09-18.json,7885,10,0,0,0,0,1,26,318,7875,2023-08-21,2023-09-18,nifty,month,put,ATMp2
2023-09-18_2023-10-18.json,7883,9,0,0,0,0,2,47,260,7874,2023-09-18,2023-10-18,nifty,month,put,ATMp2
2023-10-18_2023-11-17.json,7934,59,0,0,0,0,0,12,552,7875,2023-10-18,2023-11-17,nifty,month,put,ATMp2
2023-11-17_2023-12-17.json,7511,11,0,0,0,0,2,481,177,7500,2023-11-17,2023-12-15,nifty,month,put,ATMp2
2023-12-17_2024-01-16.json,7883,9,0,0,0,0,0,229,289,7874,2023-12-18,2024-01-16,nifty,month,put,ATMp2
2024-01-16_2024-02-15.json,8254,6,0,0,0,0,1,26,301,8248,2024-01-16,2024-02-15,nifty,month,put,ATMp2
2024-02-15_2024-03-16.json,7988,6,0,0,0,0,7,70,227,7982,2024-02-15,2024-03-15,nifty,month,put,ATMp2
2024-03-16_2024-04-15.json,6759,9,0,0,0,0,0,330,190,6750,2024-03-18,2024-04-15,nifty,month,put,ATMp2
2024-04-15_2024-05-15.json,7878,4,0,0,0,0,0,96,210,7874,2024-04-15,2024-05-15,nifty,month,put,ATMp2
2024-05-15_2024-06-14.json,8631,6,0,0,0,0,3,77,664,8625,2024-05-15,2024-06-14,nifty,month,put,ATMp2
2024-06-14_2024-07-14.json,7504,6,0,0,0,0,1,15,574,7498,2024-06-14,2024-07-12,nifty,month,put,ATMp2
2024-07-14_2024-08-13.json,7866,5,0,0,0,0,1,39,894,7861,2024-07-15,2024-08-13,nifty,month,put,ATMp2
2024-08-13_2024-09-12.json,8255,6,0,0,0,0,0,217,593,8249,2024-08-13,2024-09-12,nifty,month,put,ATMp2
2024-09-12_2024-10-12.json,7873,2,0,0,0,0,0,41,485,7871,2024-09-12,2024-10-11,nifty,month,put,ATMp2
2024-10-12_2024-11-11.json,7550,52,0,0,0,0,0,50,226,7498,2024-10-14,2024-11-11,nifty,month,put,ATMp2
2024-11-11_2024-12-11.json,7872,1,0,0,0,0,5,2,235,7871,2024-11-11,2024-12-11,nifty,month,put,ATMp2
2024-12-11_2025-01-10.json,8250,1,0,0,0,0,1,13,276,8249,2024-12-11,2025-01-10,nifty,month,put,ATMp2
2025-01-10_2025-02-09.json,8251,1,0,0,0,0,5,5,251,8250,2025-01-10,2025-02-07,nifty,month,put,ATMp2
2025-02-09_2025-03-11.json,7878,3,0,0,0,0,0,348,231,7875,2025-02-10,2025-03-11,nifty,month,put,ATMp2
2025-03-11_2025-04-10.json,7495,1,0,0,0,0,0,194,1489,7494,2025-03-11,2025-04-09,nifty,month,put,ATMp2
2025-04-10_2025-05-10.json,6750,0,0,0,0,0,0,189,548,6750,2025-04-11,2025-05-09,nifty,month,put,ATMp2
2025-05-10_2025-06-09.json,7876,1,0,0,0,0,2,3,270,7875,2025-05-12,2025-06-09,nifty,month,put,ATMp2
2025-06-09_2025-07-09.json,8624,0,0,0,0,0,0,34,726,8624,2025-06-09,2025-07-09,nifty,month,put,ATMp2
2025-07-09_2025-08-08.json,8626,1,0,0,0,0,0,36,356,8625,2025-07-09,2025-08-08,nifty,month,put,ATMp2
2025-08-08_2025-09-07.json,7125,0,0,0,0,0,0,20,221,7125,2025-08-08,2025-09-05,nifty,month,put,ATMp2
2025-09-07_2025-10-07.json,7875,0,0,0,0,0,0,103,265,7875,2025-09-08,2025-10-07,nifty,month,put,ATMp2
2025-10-07_2025-11-06.json,7605,0,0,0,0,0,0,87,264,7605,2025-10-07,2025-11-06,nifty,month,put,ATMp2
2025-11-06_2025-12-06.json,8250,0,0,0,0,0,0,23,352,8250,2025-11-06,2025-12-05,nifty,month,put,ATMp2
2025-12-06_2026-01-05.json,7499,0,0,0,0,0,0,85,196,7499,2025-12-08,2026-01-05,nifty,month,put,ATMp2
2026-01-05_2026-02-04.json,8241,0,0,0,0,0,0,49,183,8241,2026-01-05,2026-02-04,nifty,month,put,ATMp2
2026-02-04_2026-03-06.json,8250,0,0,0,0,0,0,16,266,8250,2026-02-04,2026-03-06,nifty,month,put,ATMp2
2026-03-06_2026-04-05.json,6745,0,0,0,0,0,0,11,288,6745,2026-03-06,2026-04-02,nifty,month,put,ATMp2
2026-04-05_2026-04-30.json,6749,0,0,0,0,0,0,16,531,6749,2026-04-06,2026-04-30,nifty,month,put,ATMp2
2021-05-01_2021-05-31.json,7496,0,0,0,0,0,0,201,1445,7496,2021-05-03,2021-05-31,nifty,month,put,ATMp3
2021-05-31_2021-06-30.json,8619,0,0,0,0,0,0,37,2197,8619,2021-05-31,2021-06-30,nifty,month,put,ATMp3
2021-06-30_2021-07-30.json,8243,0,0,0,0,0,0,35,1605,8243,2021-06-30,2021-07-30,nifty,month,put,ATMp3
2021-07-30_2021-08-29.json,7497,0,0,0,0,0,0,19,1199,7497,2021-07-30,2021-08-27,nifty,month,put,ATMp3
2021-08-29_2021-09-28.json,7876,2,0,0,0,0,0,0,1478,7874,2021-08-30,2021-09-28,nifty,month,put,ATMp3
2021-09-28_2021-10-28.json,8252,4,0,0,0,0,0,166,1703,8248,2021-09-28,2021-10-28,nifty,month,put,ATMp3
2021-10-28_2021-11-27.json,7174,49,0,0,0,0,0,171,871,7125,2021-10-28,2021-11-26,nifty,month,put,ATMp3
2021-11-27_2021-12-27.json,7878,5,0,0,0,0,0,0,1220,7873,2021-11-29,2021-12-27,nifty,month,put,ATMp3
2021-12-27_2022-01-26.json,8250,3,0,0,0,0,0,32,1550,8247,2021-12-27,2022-01-25,nifty,month,put,ATMp3
2022-01-26_2022-02-25.json,8254,7,0,0,0,0,0,96,1360,8247,2022-01-27,2022-02-25,nifty,month,put,ATMp3
2022-02-25_2022-03-27.json,7127,2,0,0,0,0,0,0,1685,7125,2022-02-25,2022-03-25,nifty,month,put,ATMp3
2022-03-27_2022-04-26.json,7505,6,0,0,0,0,0,271,1049,7499,2022-03-28,2022-04-26,nifty,month,put,ATMp3
2022-04-26_2022-05-26.json,8251,7,0,0,0,0,1,49,838,8244,2022-04-26,2022-05-26,nifty,month,put,ATMp3
2022-05-26_2022-06-25.json,8248,0,0,0,0,0,0,19,1764,8248,2022-05-26,2022-06-24,nifty,month,put,ATMp3
2022-06-25_2022-07-25.json,7870,0,0,0,0,0,0,20,1536,7870,2022-06-27,2022-07-25,nifty,month,put,ATMp3
2022-07-25_2022-08-24.json,7872,0,0,0,0,0,0,27,1436,7872,2022-07-25,2022-08-24,nifty,month,put,ATMp3
2022-08-24_2022-09-23.json,8246,0,0,0,0,0,0,338,1336,8246,2022-08-24,2022-09-23,nifty,month,put,ATMp3
2022-09-23_2022-10-23.json,7495,0,0,0,0,0,0,13,1193,7495,2022-09-23,2022-10-21,nifty,month,put,ATMp3
2022-10-23_2022-11-22.json,7185,60,0,0,0,0,0,272,859,7125,2022-10-25,2022-11-22,nifty,month,put,ATMp3
2022-11-22_2022-12-22.json,8625,0,0,0,0,0,6,467,684,8625,2022-11-22,2022-12-22,nifty,month,put,ATMp3
2022-12-22_2023-01-21.json,8249,0,0,0,0,0,0,74,568,8249,2022-12-22,2023-01-20,nifty,month,put,ATMp3
2023-01-21_2023-02-20.json,7500,0,0,0,0,0,0,534,417,7500,2023-01-23,2023-02-20,nifty,month,put,ATMp3
2023-02-20_2023-03-22.json,8248,0,0,0,0,0,0,131,628,8248,2023-02-20,2023-03-22,nifty,month,put,ATMp3
2023-03-22_2023-04-21.json,7124,0,0,0,0,0,0,330,524,7124,2023-03-22,2023-04-21,nifty,month,put,ATMp3
2023-04-21_2023-05-21.json,7502,3,0,0,0,0,0,242,558,7499,2023-04-21,2023-05-19,nifty,month,put,ATMp3
2023-05-21_2023-06-20.json,8254,6,0,0,0,0,0,196,992,8248,2023-05-22,2023-06-20,nifty,month,put,ATMp3
2023-06-20_2023-07-20.json,8258,8,0,0,0,0,0,39,797,8250,2023-06-20,2023-07-20,nifty,month,put,ATMp3
2023-07-20_2023-08-19.json,7879,5,0,0,0,0,0,55,614,7874,2023-07-20,2023-08-18,nifty,month,put,ATMp3
2023-08-19_2023-09-18.json,7879,9,0,0,0,0,0,30,718,7870,2023-08-21,2023-09-18,nifty,month,put,ATMp3
2023-09-18_2023-10-18.json,7883,8,0,0,0,0,0,54,463,7875,2023-09-18,2023-10-18,nifty,month,put,ATMp3
2023-10-18_2023-11-17.json,7939,64,0,0,0,0,0,16,649,7875,2023-10-18,2023-11-17,nifty,month,put,ATMp3
2023-11-17_2023-12-17.json,7502,4,0,0,0,0,0,811,557,7498,2023-11-17,2023-12-15,nifty,month,put,ATMp3
2023-12-17_2024-01-16.json,7879,4,0,0,0,0,0,431,360,7875,2023-12-18,2024-01-16,nifty,month,put,ATMp3
2024-01-16_2024-02-15.json,8251,4,0,0,0,0,2,59,673,8247,2024-01-16,2024-02-15,nifty,month,put,ATMp3
2024-02-15_2024-03-16.json,7981,8,0,0,0,0,4,129,754,7973,2024-02-15,2024-03-15,nifty,month,put,ATMp3
2024-03-16_2024-04-15.json,6754,5,0,0,0,0,0,609,508,6749,2024-03-18,2024-04-15,nifty,month,put,ATMp3
2024-04-15_2024-05-15.json,7875,3,0,0,0,0,0,214,421,7872,2024-04-15,2024-05-15,nifty,month,put,ATMp3
2024-05-15_2024-06-14.json,8626,2,0,0,0,0,3,95,1027,8624,2024-05-15,2024-06-14,nifty,month,put,ATMp3
2024-06-14_2024-07-14.json,7501,4,0,0,0,0,5,116,905,7497,2024-06-14,2024-07-12,nifty,month,put,ATMp3
2024-07-14_2024-08-13.json,7876,4,0,0,0,0,0,53,1162,7872,2024-07-15,2024-08-13,nifty,month,put,ATMp3
2024-08-13_2024-09-12.json,8253,5,0,0,0,0,0,305,899,8248,2024-08-13,2024-09-12,nifty,month,put,ATMp3
2024-09-12_2024-10-12.json,7875,8,0,0,0,0,0,144,647,7867,2024-09-12,2024-10-11,nifty,month,put,ATMp3
2024-10-12_2024-11-11.json,7549,58,0,0,0,0,1,63,475,7491,2024-10-14,2024-11-11,nifty,month,put,ATMp3
2024-11-11_2024-12-11.json,7874,1,0,0,0,0,3,13,296,7873,2024-11-11,2024-12-11,nifty,month,put,ATMp3
2024-12-11_2025-01-10.json,8253,3,0,0,0,0,0,30,273,8250,2024-12-11,2025-01-10,nifty,month,put,ATMp3
2025-01-10_2025-02-09.json,8246,0,0,0,0,0,2,11,575,8246,2025-01-10,2025-02-07,nifty,month,put,ATMp3
2025-02-09_2025-03-11.json,7878,3,0,0,0,0,2,493,381,7875,2025-02-10,2025-03-11,nifty,month,put,ATMp3
2025-03-11_2025-04-10.json,7491,1,0,0,0,0,0,286,1772,7490,2025-03-11,2025-04-09,nifty,month,put,ATMp3
2025-04-10_2025-05-10.json,6745,1,0,0,0,0,0,199,1143,6744,2025-04-11,2025-05-09,nifty,month,put,ATMp3
2025-05-10_2025-06-09.json,7874,1,0,0,0,0,2,4,856,7873,2025-05-12,2025-06-09,nifty,month,put,ATMp3
2025-06-09_2025-07-09.json,8624,0,0,0,0,0,1,79,990,8624,2025-06-09,2025-07-09,nifty,month,put,ATMp3
2025-07-09_2025-08-08.json,8626,1,0,0,0,0,0,85,800,8625,2025-07-09,2025-08-08,nifty,month,put,ATMp3
2025-08-08_2025-09-07.json,7124,0,0,0,0,0,0,30,341,7124,2025-08-08,2025-09-05,nifty,month,put,ATMp3
2025-09-07_2025-10-07.json,7875,0,0,0,0,0,0,401,770,7875,2025-09-08,2025-10-07,nifty,month,put,ATMp3
2025-10-07_2025-11-06.json,7605,0,0,0,0,0,0,395,365,7605,2025-10-07,2025-11-06,nifty,month,put,ATMp3
2025-11-06_2025-12-06.json,8249,0,0,0,0,0,0,42,366,8249,2025-11-06,2025-12-05,nifty,month,put,ATMp3
2025-12-06_2026-01-05.json,7500,0,0,0,0,0,0,127,232,7500,2025-12-08,2026-01-05,nifty,month,put,ATMp3
2026-01-05_2026-02-04.json,8245,0,0,0,0,0,0,118,457,8245,2026-01-05,2026-02-04,nifty,month,put,ATMp3
2026-02-04_2026-03-06.json,8250,0,0,0,0,0,0,47,382,8250,2026-02-04,2026-03-06,nifty,month,put,ATMp3
2026-03-06_2026-04-05.json,6746,0,0,0,0,0,0,29,538,6746,2026-03-06,2026-04-02,nifty,month,put,ATMp3
2026-04-05_2026-04-30.json,6748,0,0,0,0,0,0,20,1066,6748,2026-04-06,2026-04-30,nifty,month,put,ATMp3
2021-05-01_2021-05-31.json,7495,0,0,0,0,0,0,212,2269,7495,2021-05-03,2021-05-31,nifty,month,put,ATMp4
2021-05-31_2021-06-30.json,8610,0,0,0,0,0,0,54,2407,8610,2021-05-31,2021-06-30,nifty,month,put,ATMp4
2021-06-30_2021-07-30.json,8247,0,0,0,0,0,0,37,1854,8247,2021-06-30,2021-07-30,nifty,month,put,ATMp4
2021-07-30_2021-08-29.json,7501,2,0,0,0,0,0,37,2188,7499,2021-07-30,2021-08-27,nifty,month,put,ATMp4
2021-08-29_2021-09-28.json,7869,3,0,0,0,0,0,0,2356,7866,2021-08-30,2021-09-28,nifty,month,put,ATMp4
2021-09-28_2021-10-28.json,8254,7,0,0,0,0,0,277,1291,8247,2021-09-28,2021-10-28,nifty,month,put,ATMp4
2021-10-28_2021-11-27.json,7154,35,0,0,0,0,0,263,1552,7119,2021-10-28,2021-11-26,nifty,month,put,ATMp4
2021-11-27_2021-12-27.json,7877,3,0,0,0,0,0,0,1561,7874,2021-11-29,2021-12-27,nifty,month,put,ATMp4
2021-12-27_2022-01-26.json,8243,2,0,0,0,0,0,46,1694,8241,2021-12-27,2022-01-25,nifty,month,put,ATMp4
2022-01-26_2022-02-25.json,8257,7,0,0,0,0,0,129,1687,8250,2022-01-27,2022-02-25,nifty,month,put,ATMp4
2022-02-25_2022-03-27.json,7116,1,0,0,0,0,0,0,2208,7115,2022-02-25,2022-03-25,nifty,month,put,ATMp4
2022-03-27_2022-04-26.json,7499,4,0,0,0,0,0,556,1235,7495,2022-03-28,2022-04-26,nifty,month,put,ATMp4
2022-04-26_2022-05-26.json,8255,6,0,0,0,0,0,80,1445,8249,2022-04-26,2022-05-26,nifty,month,put,ATMp4
2022-05-26_2022-06-25.json,8237,0,0,0,0,0,0,25,2377,8237,2022-05-26,2022-06-24,nifty,month,put,ATMp4
2022-06-25_2022-07-25.json,7875,0,0,0,0,0,1,22,1598,7875,2022-06-27,2022-07-25,nifty,month,put,ATMp4
2022-07-25_2022-08-24.json,7872,0,0,0,0,0,0,48,1323,7872,2022-07-25,2022-08-24,nifty,month,put,ATMp4
2022-08-24_2022-09-23.json,8225,0,0,0,0,0,0,357,2418,8225,2022-08-24,2022-09-23,nifty,month,put,ATMp4
2022-09-23_2022-10-23.json,7499,0,0,0,0,0,0,22,1281,7499,2022-09-23,2022-10-21,nifty,month,put,ATMp4
2022-10-23_2022-11-22.json,7184,60,0,0,0,0,1,622,1382,7124,2022-10-25,2022-11-22,nifty,month,put,ATMp4
2022-11-22_2022-12-22.json,8621,0,0,0,0,0,0,777,1251,8621,2022-11-22,2022-12-22,nifty,month,put,ATMp4
2022-12-22_2023-01-21.json,8248,0,0,0,0,0,0,98,730,8248,2022-12-22,2023-01-20,nifty,month,put,ATMp4
2023-01-21_2023-02-20.json,7500,0,0,0,0,0,1,910,1236,7500,2023-01-23,2023-02-20,nifty,month,put,ATMp4
2023-02-20_2023-03-22.json,8249,0,0,0,0,0,0,202,1050,8249,2023-02-20,2023-03-22,nifty,month,put,ATMp4
2023-03-22_2023-04-21.json,7123,0,0,0,0,0,0,586,815,7123,2023-03-22,2023-04-21,nifty,month,put,ATMp4
2023-04-21_2023-05-21.json,7496,0,0,0,0,0,0,328,1069,7496,2023-04-21,2023-05-19,nifty,month,put,ATMp4
2023-05-21_2023-06-20.json,8252,5,0,0,0,0,1,319,1309,8247,2023-05-22,2023-06-20,nifty,month,put,ATMp4
2023-06-20_2023-07-20.json,8250,1,0,0,0,0,0,167,998,8249,2023-06-20,2023-07-20,nifty,month,put,ATMp4
2023-07-20_2023-08-19.json,7876,5,0,0,0,0,0,98,868,7871,2023-07-20,2023-08-18,nifty,month,put,ATMp4
2023-08-19_2023-09-18.json,7879,6,0,0,0,0,0,33,1018,7873,2023-08-21,2023-09-18,nifty,month,put,ATMp4
2023-09-18_2023-10-18.json,7879,5,0,0,0,0,0,91,774,7874,2023-09-18,2023-10-18,nifty,month,put,ATMp4
2023-10-18_2023-11-17.json,7909,35,0,0,0,0,0,21,1461,7874,2023-10-18,2023-11-17,nifty,month,put,ATMp4
2023-11-17_2023-12-17.json,7505,5,0,0,0,0,1,989,625,7500,2023-11-17,2023-12-15,nifty,month,put,ATMp4
2023-12-17_2024-01-16.json,7882,8,0,0,0,0,0,563,985,7874,2023-12-18,2024-01-16,nifty,month,put,ATMp4
2024-01-16_2024-02-15.json,8250,4,0,0,0,0,0,128,824,8246,2024-01-16,2024-02-15,nifty,month,put,ATMp4
2024-02-15_2024-03-16.json,7985,5,0,0,0,0,3,146,814,7980,2024-02-15,2024-03-15,nifty,month,put,ATMp4
2024-03-16_2024-04-15.json,6754,5,0,0,0,0,0,890,647,6749,2024-03-18,2024-04-15,nifty,month,put,ATMp4
2024-04-15_2024-05-15.json,7876,3,0,0,0,0,0,311,710,7873,2024-04-15,2024-05-15,nifty,month,put,ATMp4
2024-05-15_2024-06-14.json,8626,6,0,0,0,0,0,145,1374,8620,2024-05-15,2024-06-14,nifty,month,put,ATMp4
2024-06-14_2024-07-14.json,7498,2,0,0,0,0,0,235,1387,7496,2024-06-14,2024-07-12,nifty,month,put,ATMp4
2024-07-14_2024-08-13.json,7861,6,0,0,0,0,0,59,1741,7855,2024-07-15,2024-08-13,nifty,month,put,ATMp4
2024-08-13_2024-09-12.json,8245,3,0,0,0,0,0,422,1339,8242,2024-08-13,2024-09-12,nifty,month,put,ATMp4
2024-09-12_2024-10-12.json,7875,6,0,0,0,0,0,281,749,7869,2024-09-12,2024-10-11,nifty,month,put,ATMp4
2024-10-12_2024-11-11.json,7531,34,0,0,0,0,0,110,785,7497,2024-10-14,2024-11-11,nifty,month,put,ATMp4
2024-11-11_2024-12-11.json,7873,0,0,0,0,0,0,100,819,7873,2024-11-11,2024-12-11,nifty,month,put,ATMp4
2024-12-11_2025-01-10.json,8247,2,0,0,0,0,0,70,789,8245,2024-12-11,2025-01-10,nifty,month,put,ATMp4
2025-01-10_2025-02-09.json,8248,1,0,0,0,0,2,14,873,8247,2025-01-10,2025-02-07,nifty,month,put,ATMp4
2025-02-09_2025-03-11.json,7871,2,0,0,0,0,2,572,774,7869,2025-02-10,2025-03-11,nifty,month,put,ATMp4
2025-03-11_2025-04-10.json,7491,0,0,0,0,0,1,455,1890,7491,2025-03-11,2025-04-09,nifty,month,put,ATMp4
2025-04-10_2025-05-10.json,6750,1,0,0,0,0,0,205,1281,6749,2025-04-11,2025-05-09,nifty,month,put,ATMp4
2025-05-10_2025-06-09.json,7876,1,0,0,0,0,0,18,869,7875,2025-05-12,2025-06-09,nifty,month,put,ATMp4
2025-06-09_2025-07-09.json,8623,0,0,0,0,0,0,236,1952,8623,2025-06-09,2025-07-09,nifty,month,put,ATMp4
2025-07-09_2025-08-08.json,8622,0,0,0,0,0,0,128,1074,8622,2025-07-09,2025-08-08,nifty,month,put,ATMp4
2025-08-08_2025-09-07.json,7125,0,0,0,0,0,0,61,1089,7125,2025-08-08,2025-09-05,nifty,month,put,ATMp4
2025-09-07_2025-10-07.json,7874,0,0,0,0,0,0,528,974,7874,2025-09-08,2025-10-07,nifty,month,put,ATMp4
2025-10-07_2025-11-06.json,7605,0,0,0,0,0,0,588,660,7605,2025-10-07,2025-11-06,nifty,month,put,ATMp4
2025-11-06_2025-12-06.json,8250,0,0,0,0,0,0,101,661,8250,2025-11-06,2025-12-05,nifty,month,put,ATMp4
2025-12-06_2026-01-05.json,7500,0,0,0,0,0,0,215,625,7500,2025-12-08,2026-01-05,nifty,month,put,ATMp4
2026-01-05_2026-02-04.json,8249,0,0,0,0,0,1,212,768,8249,2026-01-05,2026-02-04,nifty,month,put,ATMp4
2026-02-04_2026-03-06.json,8250,0,0,0,0,0,0,81,1135,8250,2026-02-04,2026-03-06,nifty,month,put,ATMp4
2026-03-06_2026-04-05.json,6745,0,0,0,0,0,0,48,747,6745,2026-03-06,2026-04-02,nifty,month,put,ATMp4
2026-04-05_2026-04-30.json,6748,0,0,0,0,0,0,22,1130,6748,2026-04-06,2026-04-30,nifty,month,put,ATMp4
2021-05-01_2021-05-31.json,7496,0,0,0,0,0,0,233,2870,7496,2021-05-03,2021-05-31,nifty,month,put,ATMp5
2021-05-31_2021-06-30.json,8607,0,0,0,0,0,0,104,3474,8607,2021-05-31,2021-06-30,nifty,month,put,ATMp5
2021-06-30_2021-07-30.json,8243,0,0,0,0,0,0,56,3097,8243,2021-06-30,2021-07-30,nifty,month,put,ATMp5
2021-07-30_2021-08-29.json,7494,0,0,0,0,0,0,50,2165,7494,2021-07-30,2021-08-27,nifty,month,put,ATMp5
2021-08-29_2021-09-28.json,7870,1,0,0,0,0,0,0,2682,7869,2021-08-30,2021-09-28,nifty,month,put,ATMp5
2021-09-28_2021-10-28.json,8250,3,0,0,0,0,0,446,2473,8247,2021-09-28,2021-10-28,nifty,month,put,ATMp5
2021-10-28_2021-11-27.json,7166,43,0,0,0,0,0,320,1294,7123,2021-10-28,2021-11-26,nifty,month,put,ATMp5
2021-11-27_2021-12-27.json,7876,1,0,0,0,0,0,0,2006,7875,2021-11-29,2021-12-27,nifty,month,put,ATMp5
2021-12-27_2022-01-26.json,8244,2,0,0,0,0,0,73,2095,8242,2021-12-27,2022-01-25,nifty,month,put,ATMp5
2022-01-26_2022-02-25.json,8249,2,0,0,0,0,0,163,2026,8247,2022-01-27,2022-02-25,nifty,month,put,ATMp5
2022-02-25_2022-03-27.json,7125,3,0,0,0,0,0,0,2444,7122,2022-02-25,2022-03-25,nifty,month,put,ATMp5
2022-03-27_2022-04-26.json,7495,3,0,0,0,0,0,797,1675,7492,2022-03-28,2022-04-26,nifty,month,put,ATMp5
2022-04-26_2022-05-26.json,8245,7,0,0,0,0,0,111,1371,8238,2022-04-26,2022-05-26,nifty,month,put,ATMp5
2022-05-26_2022-06-25.json,8241,1,0,0,0,0,0,34,2678,8240,2022-05-26,2022-06-24,nifty,month,put,ATMp5
2022-06-25_2022-07-25.json,7872,0,0,0,0,0,0,36,2205,7872,2022-06-27,2022-07-25,nifty,month,put,ATMp5
2022-07-25_2022-08-24.json,7869,0,0,0,0,0,0,105,2036,7869,2022-07-25,2022-08-24,nifty,month,put,ATMp5
2022-08-24_2022-09-23.json,8222,0,0,0,0,0,0,383,2321,8222,2022-08-24,2022-09-23,nifty,month,put,ATMp5
2022-09-23_2022-10-23.json,7493,0,0,0,0,0,0,32,1838,7493,2022-09-23,2022-10-21,nifty,month,put,ATMp5
2022-10-23_2022-11-22.json,7184,60,0,0,0,0,0,704,1423,7124,2022-10-25,2022-11-22,nifty,month,put,ATMp5
2022-11-22_2022-12-22.json,8625,0,0,0,0,0,0,820,1769,8625,2022-11-22,2022-12-22,nifty,month,put,ATMp5
2022-12-22_2023-01-21.json,8246,0,0,0,0,0,0,117,1244,8246,2022-12-22,2023-01-20,nifty,month,put,ATMp5
2023-01-21_2023-02-20.json,7500,0,0,0,0,0,1,981,1042,7500,2023-01-23,2023-02-20,nifty,month,put,ATMp5
2023-02-20_2023-03-22.json,8246,0,0,0,0,0,0,232,1247,8246,2023-02-20,2023-03-22,nifty,month,put,ATMp5
2023-03-22_2023-04-21.json,7119,0,0,0,0,0,0,722,1014,7119,2023-03-22,2023-04-21,nifty,month,put,ATMp5
2023-04-21_2023-05-21.json,7494,1,0,0,0,0,0,494,1457,7493,2023-04-21,2023-05-19,nifty,month,put,ATMp5
2023-05-21_2023-06-20.json,8249,2,0,0,0,0,0,471,1965,8247,2023-05-22,2023-06-20,nifty,month,put,ATMp5
2023-06-20_2023-07-20.json,8246,4,0,0,0,0,0,386,1547,8242,2023-06-20,2023-07-20,nifty,month,put,ATMp5
2023-07-20_2023-08-19.json,7875,2,0,0,0,0,0,128,1297,7873,2023-07-20,2023-08-18,nifty,month,put,ATMp5
2023-08-19_2023-09-18.json,7875,5,0,0,0,0,0,40,1577,7870,2023-08-21,2023-09-18,nifty,month,put,ATMp5
2023-09-18_2023-10-18.json,7877,5,0,0,0,0,0,187,1437,7872,2023-09-18,2023-10-18,nifty,month,put,ATMp5
2023-10-18_2023-11-17.json,7930,56,0,0,0,0,0,32,1437,7874,2023-10-18,2023-11-17,nifty,month,put,ATMp5
2023-11-17_2023-12-17.json,7497,0,0,0,0,0,0,1113,1340,7497,2023-11-17,2023-12-15,nifty,month,put,ATMp5
2023-12-17_2024-01-16.json,7872,0,0,0,0,0,2,830,1030,7872,2023-12-18,2024-01-16,nifty,month,put,ATMp5
2024-01-16_2024-02-15.json,8255,7,0,0,0,0,0,251,1202,8248,2024-01-16,2024-02-15,nifty,month,put,ATMp5
2024-02-15_2024-03-16.json,7956,5,0,0,0,0,0,170,1492,7951,2024-02-15,2024-03-15,nifty,month,put,ATMp5
2024-03-16_2024-04-15.json,6753,3,0,0,0,0,0,1050,973,6750,2024-03-18,2024-04-15,nifty,month,put,ATMp5
2024-04-15_2024-05-15.json,7870,1,0,0,0,0,0,415,805,7869,2024-04-15,2024-05-15,nifty,month,put,ATMp5
2024-05-15_2024-06-14.json,8630,6,0,0,0,0,0,339,1530,8624,2024-05-15,2024-06-14,nifty,month,put,ATMp5
2024-06-14_2024-07-14.json,7493,1,0,0,0,0,1,308,1512,7492,2024-06-14,2024-07-12,nifty,month,put,ATMp5
2024-07-14_2024-08-13.json,7865,5,0,0,0,0,0,64,1806,7860,2024-07-15,2024-08-13,nifty,month,put,ATMp5
2024-08-13_2024-09-12.json,8242,0,0,0,0,0,0,481,1436,8242,2024-08-13,2024-09-12,nifty,month,put,ATMp5
2024-09-12_2024-10-12.json,7867,4,0,0,0,0,0,355,1224,7863,2024-09-12,2024-10-11,nifty,month,put,ATMp5
2024-10-12_2024-11-11.json,7538,44,0,0,0,0,0,280,1000,7494,2024-10-14,2024-11-11,nifty,month,put,ATMp5
2024-11-11_2024-12-11.json,7876,1,0,0,0,0,0,204,833,7875,2024-11-11,2024-12-11,nifty,month,put,ATMp5
2024-12-11_2025-01-10.json,8247,0,0,0,0,0,0,108,774,8247,2024-12-11,2025-01-10,nifty,month,put,ATMp5
2025-01-10_2025-02-09.json,8246,1,0,0,0,0,0,27,1044,8245,2025-01-10,2025-02-07,nifty,month,put,ATMp5
2025-02-09_2025-03-11.json,7874,2,0,0,0,0,0,694,949,7872,2025-02-10,2025-03-11,nifty,month,put,ATMp5
2025-03-11_2025-04-10.json,7479,1,0,0,0,0,1,599,2132,7478,2025-03-11,2025-04-09,nifty,month,put,ATMp5
2025-04-10_2025-05-10.json,6736,1,0,0,0,0,0,211,2006,6735,2025-04-11,2025-05-09,nifty,month,put,ATMp5
2025-05-10_2025-06-09.json,7873,0,0,0,0,0,0,44,1543,7873,2025-05-12,2025-06-09,nifty,month,put,ATMp5
2025-06-09_2025-07-09.json,8618,0,0,0,0,0,0,460,1992,8618,2025-06-09,2025-07-09,nifty,month,put,ATMp5
2025-07-09_2025-08-08.json,8624,0,0,0,0,0,0,168,1514,8624,2025-07-09,2025-08-08,nifty,month,put,ATMp5
2025-08-08_2025-09-07.json,7124,0,0,0,0,0,0,95,1084,7124,2025-08-08,2025-09-05,nifty,month,put,ATMp5
2025-09-07_2025-10-07.json,7872,0,0,0,0,0,1,647,1876,7872,2025-09-08,2025-10-07,nifty,month,put,ATMp5
2025-10-07_2025-11-06.json,7603,0,0,0,0,0,0,715,1134,7603,2025-10-07,2025-11-06,nifty,month,put,ATMp5
2025-11-06_2025-12-06.json,8247,0,0,0,0,0,0,323,1199,8247,2025-11-06,2025-12-05,nifty,month,put,ATMp5
2025-12-06_2026-01-05.json,7498,0,0,0,0,0,0,310,935,7498,2025-12-08,2026-01-05,nifty,month,put,ATMp5
2026-01-05_2026-02-04.json,8245,0,0,0,0,0,0,271,1008,8245,2026-01-05,2026-02-04,nifty,month,put,ATMp5
2026-02-04_2026-03-06.json,8246,0,0,0,0,0,0,96,1079,8246,2026-02-04,2026-03-06,nifty,month,put,ATMp5
2026-03-06_2026-04-05.json,6745,0,0,0,0,0,0,60,1055,6745,2026-03-06,2026-04-02,nifty,month,put,ATMp5
2026-04-05_2026-04-30.json,6746,0,0,0,0,0,0,30,1730,6746,2026-04-06,2026-04-30,nifty,month,put,ATMp5
2021-05-01_2021-05-31.json,7492,0,0,0,0,0,0,246,3121,7492,2021-05-03,2021-05-31,nifty,month,put,ATMp6
2021-05-31_2021-06-30.json,8601,0,0,0,0,0,0,156,3994,8601,2021-05-31,2021-06-30,nifty,month,put,ATMp6
2021-06-30_2021-07-30.json,8244,0,0,0,0,0,0,68,3308,8244,2021-06-30,2021-07-30,nifty,month,put,ATMp6
2021-07-30_2021-08-29.json,7494,0,0,0,0,0,0,46,3716,7494,2021-07-30,2021-08-27,nifty,month,put,ATMp6
2021-08-29_2021-09-28.json,7871,0,0,0,0,0,0,0,3446,7871,2021-08-30,2021-09-28,nifty,month,put,ATMp6
2021-09-28_2021-10-28.json,8237,2,0,0,0,0,0,582,2333,8235,2021-09-28,2021-10-28,nifty,month,put,ATMp6
2021-10-28_2021-11-27.json,7140,29,0,0,0,0,0,388,2127,7111,2021-10-28,2021-11-26,nifty,month,put,ATMp6
2021-11-27_2021-12-27.json,7876,3,0,0,0,0,0,0,2491,7873,2021-11-29,2021-12-27,nifty,month,put,ATMp6
2021-12-27_2022-01-26.json,8228,2,0,0,0,0,0,109,2586,8226,2021-12-27,2022-01-25,nifty,month,put,ATMp6
2022-01-26_2022-02-25.json,8245,3,0,0,0,0,0,197,2498,8242,2022-01-27,2022-02-25,nifty,month,put,ATMp6
2022-02-25_2022-03-27.json,7116,2,0,0,0,0,0,0,2954,7114,2022-02-25,2022-03-25,nifty,month,put,ATMp6
2022-03-27_2022-04-26.json,7500,3,0,0,0,0,0,1015,1744,7497,2022-03-28,2022-04-26,nifty,month,put,ATMp6
2022-04-26_2022-05-26.json,8239,3,0,0,0,0,0,152,2168,8236,2022-04-26,2022-05-26,nifty,month,put,ATMp6
2022-05-26_2022-06-25.json,8232,0,0,0,0,0,0,51,3102,8232,2022-05-26,2022-06-24,nifty,month,put,ATMp6
2022-06-25_2022-07-25.json,7872,0,0,0,0,0,0,57,2452,7872,2022-06-27,2022-07-25,nifty,month,put,ATMp6
2022-07-25_2022-08-24.json,7869,0,0,0,0,0,0,199,1937,7869,2022-07-25,2022-08-24,nifty,month,put,ATMp6
2022-08-24_2022-09-23.json,8216,0,0,0,0,0,0,417,3339,8216,2022-08-24,2022-09-23,nifty,month,put,ATMp6
2022-09-23_2022-10-23.json,7499,0,0,0,0,0,0,57,2038,7499,2022-09-23,2022-10-21,nifty,month,put,ATMp6
2022-10-23_2022-11-22.json,7180,56,0,0,0,0,0,876,1992,7124,2022-10-25,2022-11-22,nifty,month,put,ATMp6
2022-11-22_2022-12-22.json,8610,0,0,0,0,0,0,824,2290,8610,2022-11-22,2022-12-22,nifty,month,put,ATMp6
2022-12-22_2023-01-21.json,8247,0,0,0,0,0,0,166,1552,8247,2022-12-22,2023-01-20,nifty,month,put,ATMp6
2023-01-21_2023-02-20.json,7499,0,0,0,0,0,0,1006,2042,7499,2023-01-23,2023-02-20,nifty,month,put,ATMp6
2023-02-20_2023-03-22.json,8244,0,0,0,0,0,0,264,1749,8244,2023-02-20,2023-03-22,nifty,month,put,ATMp6
2023-03-22_2023-04-21.json,7115,0,0,0,0,0,0,846,1514,7115,2023-03-22,2023-04-21,nifty,month,put,ATMp6
2023-04-21_2023-05-21.json,7488,0,0,0,0,0,0,677,2311,7488,2023-04-21,2023-05-19,nifty,month,put,ATMp6
2023-05-21_2023-06-20.json,8229,4,0,0,0,0,0,623,2321,8225,2023-05-22,2023-06-20,nifty,month,put,ATMp6
2023-06-20_2023-07-20.json,8247,1,0,0,0,0,0,536,2401,8246,2023-06-20,2023-07-20,nifty,month,put,ATMp6
2023-07-20_2023-08-19.json,7871,2,0,0,0,0,0,177,1528,7869,2023-07-20,2023-08-18,nifty,month,put,ATMp6
2023-08-19_2023-09-18.json,7871,4,0,0,0,0,0,46,2203,7867,2023-08-21,2023-09-18,nifty,month,put,ATMp6
2023-09-18_2023-10-18.json,7880,5,0,0,0,0,0,320,1890,7875,2023-09-18,2023-10-18,nifty,month,put,ATMp6
2023-10-18_2023-11-17.json,7893,26,0,0,0,0,0,54,2727,7867,2023-10-18,2023-11-17,nifty,month,put,ATMp6
2023-11-17_2023-12-17.json,7495,4,0,0,0,0,0,1378,1582,7491,2023-11-17,2023-12-15,nifty,month,put,ATMp6
2023-12-17_2024-01-16.json,7867,2,0,0,0,0,3,1027,1915,7865,2023-12-18,2024-01-16,nifty,month,put,ATMp6
2024-01-16_2024-02-15.json,8240,3,0,0,0,0,0,411,1396,8237,2024-01-16,2024-02-15,nifty,month,put,ATMp6
2024-02-15_2024-03-16.json,7979,4,0,0,0,0,0,188,1604,7975,2024-02-15,2024-03-15,nifty,month,put,ATMp6
2024-03-16_2024-04-15.json,6751,2,0,0,0,0,2,1184,1190,6749,2024-03-18,2024-04-15,nifty,month,put,ATMp6
2024-04-15_2024-05-15.json,7871,2,0,0,0,0,1,550,1071,7869,2024-04-15,2024-05-15,nifty,month,put,ATMp6
2024-05-15_2024-06-14.json,8626,3,0,0,0,0,0,620,2071,8623,2024-05-15,2024-06-14,nifty,month,put,ATMp6
2024-06-14_2024-07-14.json,7483,1,0,0,0,0,0,409,2271,7482,2024-06-14,2024-07-12,nifty,month,put,ATMp6
2024-07-14_2024-08-13.json,7859,4,0,0,0,0,0,69,2444,7855,2024-07-15,2024-08-13,nifty,month,put,ATMp6
2024-08-13_2024-09-12.json,8233,2,0,0,0,0,0,557,1997,8231,2024-08-13,2024-09-12,nifty,month,put,ATMp6
2024-09-12_2024-10-12.json,7871,4,0,0,0,0,2,410,1410,7867,2024-09-12,2024-10-11,nifty,month,put,ATMp6
2024-10-12_2024-11-11.json,7520,29,0,0,0,0,0,405,1297,7491,2024-10-14,2024-11-11,nifty,month,put,ATMp6
2024-11-11_2024-12-11.json,7874,0,0,0,0,0,0,262,1476,7874,2024-11-11,2024-12-11,nifty,month,put,ATMp6
2024-12-11_2025-01-10.json,8247,1,0,0,0,0,0,178,1567,8246,2024-12-11,2025-01-10,nifty,month,put,ATMp6
2025-01-10_2025-02-09.json,8243,0,0,0,0,0,0,43,1648,8243,2025-01-10,2025-02-07,nifty,month,put,ATMp6
2025-02-09_2025-03-11.json,7866,1,0,0,0,0,0,825,1566,7865,2025-02-10,2025-03-11,nifty,month,put,ATMp6
2025-03-11_2025-04-10.json,7474,1,0,0,0,0,0,736,2620,7473,2025-03-11,2025-04-09,nifty,month,put,ATMp6
2025-04-10_2025-05-10.json,6737,0,0,0,0,0,0,212,2084,6737,2025-04-11,2025-05-09,nifty,month,put,ATMp6
2025-05-10_2025-06-09.json,7875,1,0,0,0,0,0,73,1495,7874,2025-05-12,2025-06-09,nifty,month,put,ATMp6
2025-06-09_2025-07-09.json,8623,0,0,0,0,0,0,609,2671,8623,2025-06-09,2025-07-09,nifty,month,put,ATMp6
2025-07-09_2025-08-08.json,8617,0,0,0,0,0,0,201,1875,8617,2025-07-09,2025-08-08,nifty,month,put,ATMp6
2025-08-08_2025-09-07.json,7119,0,0,0,0,0,0,119,1936,7119,2025-08-08,2025-09-05,nifty,month,put,ATMp6
2025-09-07_2025-10-07.json,7872,0,0,0,0,0,0,820,1807,7872,2025-09-08,2025-10-07,nifty,month,put,ATMp6
2025-10-07_2025-11-06.json,7604,0,0,0,0,0,0,955,1516,7604,2025-10-07,2025-11-06,nifty,month,put,ATMp6
2025-11-06_2025-12-06.json,8248,0,0,0,0,0,0,407,1642,8248,2025-11-06,2025-12-05,nifty,month,put,ATMp6
2025-12-06_2026-01-05.json,7494,0,0,0,0,0,2,357,1446,7494,2025-12-08,2026-01-05,nifty,month,put,ATMp6
2026-01-05_2026-02-04.json,8248,0,0,0,0,0,0,298,1431,8248,2026-01-05,2026-02-04,nifty,month,put,ATMp6
2026-02-04_2026-03-06.json,8250,0,0,0,0,0,0,110,1927,8250,2026-02-04,2026-03-06,nifty,month,put,ATMp6
2026-03-06_2026-04-05.json,6742,0,0,0,0,0,1,63,1239,6742,2026-03-06,2026-04-02,nifty,month,put,ATMp6
2026-04-05_2026-04-30.json,6722,0,0,0,0,0,1,32,1762,6722,2026-04-06,2026-04-30,nifty,month,put,ATMp6
2021-05-01_2021-05-31.json,7483,0,0,0,0,0,0,340,4351,7483,2021-05-03,2021-05-31,nifty,month,put,ATMp7
2021-05-31_2021-06-30.json,8496,0,0,0,0,0,0,171,4850,8496,2021-05-31,2021-06-30,nifty,month,put,ATMp7
2021-06-30_2021-07-30.json,8222,0,0,0,0,0,0,64,4347,8222,2021-06-30,2021-07-30,nifty,month,put,ATMp7
2021-07-30_2021-08-29.json,7453,0,0,0,0,0,0,76,3736,7453,2021-07-30,2021-08-27,nifty,month,put,ATMp7
2021-08-29_2021-09-28.json,7831,1,0,0,0,0,0,0,3876,7830,2021-08-30,2021-09-28,nifty,month,put,ATMp7
2021-09-28_2021-10-28.json,8249,2,0,0,0,0,0,747,3674,8247,2021-09-28,2021-10-28,nifty,month,put,ATMp7
2021-10-28_2021-11-27.json,7156,37,0,0,0,0,0,432,2277,7119,2021-10-28,2021-11-26,nifty,month,put,ATMp7
2021-11-27_2021-12-27.json,7872,1,0,0,0,0,0,0,2708,7871,2021-11-29,2021-12-27,nifty,month,put,ATMp7
2021-12-27_2022-01-26.json,8246,2,0,0,0,0,0,146,3459,8244,2021-12-27,2022-01-25,nifty,month,put,ATMp7
2022-01-26_2022-02-25.json,8233,1,0,0,0,0,0,228,2924,8232,2022-01-27,2022-02-25,nifty,month,put,ATMp7
2022-02-25_2022-03-27.json,7122,2,0,0,0,0,0,0,2973,7120,2022-02-25,2022-03-25,nifty,month,put,ATMp7
2022-03-27_2022-04-26.json,7497,1,0,0,0,0,0,1075,2727,7496,2022-03-28,2022-04-26,nifty,month,put,ATMp7
2022-04-26_2022-05-26.json,8240,0,0,0,0,0,0,202,2038,8240,2022-04-26,2022-05-26,nifty,month,put,ATMp7
2022-05-26_2022-06-25.json,8246,0,0,0,0,0,0,69,3359,8246,2022-05-26,2022-06-24,nifty,month,put,ATMp7
2022-06-25_2022-07-25.json,7854,0,0,0,0,0,0,79,3259,7854,2022-06-27,2022-07-25,nifty,month,put,ATMp7
2022-07-25_2022-08-24.json,7851,0,0,0,0,0,0,300,2821,7851,2022-07-25,2022-08-24,nifty,month,put,ATMp7
2022-08-24_2022-09-23.json,8231,0,0,0,0,0,0,441,3210,8231,2022-08-24,2022-09-23,nifty,month,put,ATMp7
2022-09-23_2022-10-23.json,7480,0,0,0,0,0,0,68,2803,7480,2022-09-23,2022-10-21,nifty,month,put,ATMp7
2022-10-23_2022-11-22.json,7182,60,0,0,0,0,0,1225,2570,7122,2022-10-25,2022-11-22,nifty,month,put,ATMp7
2022-11-22_2022-12-22.json,8623,0,0,0,0,0,0,840,2671,8623,2022-11-22,2022-12-22,nifty,month,put,ATMp7
2022-12-22_2023-01-21.json,8246,0,0,0,0,0,0,372,2126,8246,2022-12-22,2023-01-20,nifty,month,put,ATMp7
2023-01-21_2023-02-20.json,7496,0,0,0,0,0,0,1005,1914,7496,2023-01-23,2023-02-20,nifty,month,put,ATMp7
2023-02-20_2023-03-22.json,8238,0,0,0,0,0,2,293,1833,8238,2023-02-20,2023-03-22,nifty,month,put,ATMp7
2023-03-22_2023-04-21.json,7115,0,0,0,0,0,0,930,1866,7115,2023-03-22,2023-04-21,nifty,month,put,ATMp7
2023-04-21_2023-05-21.json,7498,1,0,0,0,0,0,781,2740,7497,2023-04-21,2023-05-19,nifty,month,put,ATMp7
2023-05-21_2023-06-20.json,8249,1,0,0,0,0,0,805,3587,8248,2023-05-22,2023-06-20,nifty,month,put,ATMp7
2023-06-20_2023-07-20.json,8236,1,0,0,0,0,0,676,3264,8235,2023-06-20,2023-07-20,nifty,month,put,ATMp7
2023-07-20_2023-08-19.json,7869,0,0,0,0,0,0,189,2621,7869,2023-07-20,2023-08-18,nifty,month,put,ATMp7
2023-08-19_2023-09-18.json,7816,5,0,0,0,0,0,47,2900,7811,2023-08-21,2023-09-18,nifty,month,put,ATMp7
2023-09-18_2023-10-18.json,7859,0,0,0,0,0,0,476,2686,7859,2023-09-18,2023-10-18,nifty,month,put,ATMp7
2023-10-18_2023-11-17.json,7909,38,0,0,0,0,0,79,2418,7871,2023-10-18,2023-11-17,nifty,month,put,ATMp7
2023-11-17_2023-12-17.json,7496,2,0,0,0,0,0,1746,2779,7494,2023-11-17,2023-12-15,nifty,month,put,ATMp7
2023-12-17_2024-01-16.json,7868,1,0,0,0,0,0,1299,1941,7867,2023-12-18,2024-01-16,nifty,month,put,ATMp7
2024-01-16_2024-02-15.json,8237,2,0,0,0,0,0,515,1937,8235,2024-01-16,2024-02-15,nifty,month,put,ATMp7
2024-02-15_2024-03-16.json,7964,2,0,0,0,0,0,215,2114,7962,2024-02-15,2024-03-15,nifty,month,put,ATMp7
2024-03-16_2024-04-15.json,6748,2,0,0,0,0,0,1426,1614,6746,2024-03-18,2024-04-15,nifty,month,put,ATMp7
2024-04-15_2024-05-15.json,7865,2,0,0,0,0,0,597,1627,7863,2024-04-15,2024-05-15,nifty,month,put,ATMp7
2024-05-15_2024-06-14.json,8616,0,0,0,0,0,0,889,2654,8616,2024-05-15,2024-06-14,nifty,month,put,ATMp7
2024-06-14_2024-07-14.json,7487,1,0,0,0,0,0,514,2360,7486,2024-06-14,2024-07-12,nifty,month,put,ATMp7
2024-07-14_2024-08-13.json,7867,2,0,0,0,0,0,68,2471,7865,2024-07-15,2024-08-13,nifty,month,put,ATMp7
2024-08-13_2024-09-12.json,8243,2,0,0,0,0,0,697,2292,8241,2024-08-13,2024-09-12,nifty,month,put,ATMp7
2024-09-12_2024-10-12.json,7854,3,0,0,0,0,0,450,1882,7851,2024-09-12,2024-10-11,nifty,month,put,ATMp7
2024-10-12_2024-11-11.json,7533,36,0,0,0,0,0,518,1428,7497,2024-10-14,2024-11-11,nifty,month,put,ATMp7
2024-11-11_2024-12-11.json,7875,1,0,0,0,0,0,315,1399,7874,2024-11-11,2024-12-11,nifty,month,put,ATMp7
2024-12-11_2025-01-10.json,8248,2,0,0,0,0,0,287,1223,8246,2024-12-11,2025-01-10,nifty,month,put,ATMp7
2025-01-10_2025-02-09.json,8237,0,0,0,0,0,0,72,1977,8237,2025-01-10,2025-02-07,nifty,month,put,ATMp7
2025-02-09_2025-03-11.json,7870,1,0,0,0,0,0,928,1537,7869,2025-02-10,2025-03-11,nifty,month,put,ATMp7
2025-03-11_2025-04-10.json,7473,0,0,0,0,0,0,830,3163,7473,2025-03-11,2025-04-09,nifty,month,put,ATMp7
2025-04-10_2025-05-10.json,6739,0,0,0,0,0,0,219,2549,6739,2025-04-11,2025-05-09,nifty,month,put,ATMp7
2025-05-10_2025-06-09.json,7874,0,0,0,0,0,0,87,2325,7874,2025-05-12,2025-06-09,nifty,month,put,ATMp7
2025-06-09_2025-07-09.json,8621,0,0,0,0,0,0,759,2823,8621,2025-06-09,2025-07-09,nifty,month,put,ATMp7
2025-07-09_2025-08-08.json,8617,0,0,0,0,0,0,265,2080,8617,2025-07-09,2025-08-08,nifty,month,put,ATMp7
2025-08-08_2025-09-07.json,7115,0,0,0,0,0,0,145,1779,7115,2025-08-08,2025-09-05,nifty,month,put,ATMp7
2025-09-07_2025-10-07.json,7854,0,0,0,0,0,0,947,2527,7854,2025-09-08,2025-10-07,nifty,month,put,ATMp7
2025-10-07_2025-11-06.json,7602,0,0,0,0,0,0,1136,1696,7602,2025-10-07,2025-11-06,nifty,month,put,ATMp7
2025-11-06_2025-12-06.json,8247,0,0,0,0,0,0,433,1893,8247,2025-11-06,2025-12-05,nifty,month,put,ATMp7
2025-12-06_2026-01-05.json,7496,0,0,0,0,0,0,389,1708,7496,2025-12-08,2026-01-05,nifty,month,put,ATMp7
2026-01-05_2026-02-04.json,8237,0,0,0,0,0,0,328,1642,8237,2026-01-05,2026-02-04,nifty,month,put,ATMp7
2026-02-04_2026-03-06.json,8243,0,0,0,0,0,0,123,1630,8243,2026-02-04,2026-03-06,nifty,month,put,ATMp7
2026-03-06_2026-04-05.json,6744,0,0,0,0,0,0,73,1454,6744,2026-03-06,2026-04-02,nifty,month,put,ATMp7
2026-04-05_2026-04-30.json,6510,0,0,0,0,0,0,41,1950,6510,2026-04-06,2026-04-30,nifty,month,put,ATMp7
2021-05-01_2021-05-31.json,7478,0,0,0,0,0,0,374,4547,7478,2021-05-03,2021-05-31,nifty,month,put,ATMp8
2021-05-31_2021-06-30.json,8566,0,0,0,0,0,0,221,5311,8566,2021-05-31,2021-06-30,nifty,month,put,ATMp8
2021-06-30_2021-07-30.json,8071,0,0,0,0,0,0,97,4764,8071,2021-06-30,2021-07-30,nifty,month,put,ATMp8
2021-07-30_2021-08-29.json,7486,0,0,0,0,0,0,59,5259,7486,2021-07-30,2021-08-27,nifty,month,put,ATMp8
2021-08-29_2021-09-28.json,7830,0,0,0,0,0,0,0,4460,7830,2021-08-30,2021-09-28,nifty,month,put,ATMp8
2021-09-28_2021-10-28.json,8228,1,0,0,0,0,0,842,4058,8227,2021-09-28,2021-10-28,nifty,month,put,ATMp8
2021-10-28_2021-11-27.json,7134,23,0,0,0,0,0,539,2984,7111,2021-10-28,2021-11-26,nifty,month,put,ATMp8
2021-11-27_2021-12-27.json,7858,1,0,0,0,0,0,0,3226,7857,2021-11-29,2021-12-27,nifty,month,put,ATMp8
2021-12-27_2022-01-26.json,8213,1,0,0,0,0,0,220,3889,8212,2021-12-27,2022-01-25,nifty,month,put,ATMp8
2022-01-26_2022-02-25.json,8247,2,0,0,0,0,0,259,3095,8245,2022-01-27,2022-02-25,nifty,month,put,ATMp8
2022-02-25_2022-03-27.json,7115,3,0,0,0,0,0,0,3581,7112,2022-02-25,2022-03-25,nifty,month,put,ATMp8
2022-03-27_2022-04-26.json,7483,2,0,0,0,0,0,1166,2836,7481,2022-03-28,2022-04-26,nifty,month,put,ATMp8
2022-04-26_2022-05-26.json,8242,1,0,0,0,0,0,290,3023,8241,2022-04-26,2022-05-26,nifty,month,put,ATMp8
2022-05-26_2022-06-25.json,8240,0,0,0,0,0,0,95,3765,8240,2022-05-26,2022-06-24,nifty,month,put,ATMp8
2022-06-25_2022-07-25.json,7870,0,0,0,0,0,0,101,3647,7870,2022-06-27,2022-07-25,nifty,month,put,ATMp8
2022-07-25_2022-08-24.json,7863,0,0,0,0,0,0,344,2941,7863,2022-07-25,2022-08-24,nifty,month,put,ATMp8
2022-08-24_2022-09-23.json,8225,0,0,0,0,0,0,438,4162,8225,2022-08-24,2022-09-23,nifty,month,put,ATMp8
2022-09-23_2022-10-23.json,7488,0,0,0,0,0,0,92,2887,7488,2022-09-23,2022-10-21,nifty,month,put,ATMp8
2022-10-23_2022-11-22.json,7111,28,0,0,0,0,0,1570,2968,7083,2022-10-25,2022-11-22,nifty,month,put,ATMp8
2022-11-22_2022-12-22.json,8584,0,0,0,0,0,4,890,3223,8584,2022-11-22,2022-12-22,nifty,month,put,ATMp8
2022-12-22_2023-01-21.json,8247,0,0,0,0,0,0,667,2567,8247,2022-12-22,2023-01-20,nifty,month,put,ATMp8
2023-01-21_2023-02-20.json,7497,0,0,0,0,0,0,1023,2889,7497,2023-01-23,2023-02-20,nifty,month,put,ATMp8
2023-02-20_2023-03-22.json,8223,0,0,0,0,0,0,320,2595,8223,2023-02-20,2023-03-22,nifty,month,put,ATMp8
2023-03-22_2023-04-21.json,7105,0,0,0,0,0,0,1030,2574,7105,2023-03-22,2023-04-21,nifty,month,put,ATMp8
2023-04-21_2023-05-21.json,7493,1,0,0,0,0,0,879,3791,7492,2023-04-21,2023-05-19,nifty,month,put,ATMp8
2023-05-21_2023-06-20.json,8194,1,0,0,0,0,0,1089,3924,8193,2023-05-22,2023-06-20,nifty,month,put,ATMp8
2023-06-20_2023-07-20.json,8228,0,0,0,0,0,0,820,4364,8228,2023-06-20,2023-07-20,nifty,month,put,ATMp8
2023-07-20_2023-08-19.json,7866,3,0,0,0,0,0,283,2945,7863,2023-07-20,2023-08-18,nifty,month,put,ATMp8
2023-08-19_2023-09-18.json,7852,0,0,0,0,0,0,57,3672,7852,2023-08-21,2023-09-18,nifty,month,put,ATMp8
2023-09-18_2023-10-18.json,7874,1,0,0,0,0,0,581,3147,7873,2023-09-18,2023-10-18,nifty,month,put,ATMp8
2023-10-18_2023-11-17.json,7818,13,0,0,0,0,0,86,3728,7805,2023-10-18,2023-11-17,nifty,month,put,ATMp8
2023-11-17_2023-12-17.json,7481,2,0,0,0,0,0,2028,3038,7479,2023-11-17,2023-12-15,nifty,month,put,ATMp8
2023-12-17_2024-01-16.json,7854,2,0,0,0,0,0,1748,3315,7852,2023-12-18,2024-01-16,nifty,month,put,ATMp8
2024-01-16_2024-02-15.json,8194,4,0,0,0,0,1,562,2550,8190,2024-01-16,2024-02-15,nifty,month,put,ATMp8
2024-02-15_2024-03-16.json,7975,2,0,0,0,0,0,221,2926,7973,2024-02-15,2024-03-15,nifty,month,put,ATMp8
2024-03-16_2024-04-15.json,6744,1,0,0,0,0,0,1654,2455,6743,2024-03-18,2024-04-15,nifty,month,put,ATMp8
2024-04-15_2024-05-15.json,7867,0,0,0,0,0,0,624,2004,7867,2024-04-15,2024-05-15,nifty,month,put,ATMp8
2024-05-15_2024-06-14.json,8609,2,0,0,0,0,0,1149,3205,8607,2024-05-15,2024-06-14,nifty,month,put,ATMp8
2024-06-14_2024-07-14.json,7487,0,0,0,0,0,0,555,3145,7487,2024-06-14,2024-07-12,nifty,month,put,ATMp8
2024-07-14_2024-08-13.json,7850,2,0,0,0,0,0,75,2802,7848,2024-07-15,2024-08-13,nifty,month,put,ATMp8
2024-08-13_2024-09-12.json,8219,1,0,0,0,0,0,764,2964,8218,2024-08-13,2024-09-12,nifty,month,put,ATMp8
2024-09-12_2024-10-12.json,7842,1,0,0,0,0,0,485,2007,7841,2024-09-12,2024-10-11,nifty,month,put,ATMp8
2024-10-12_2024-11-11.json,7525,25,0,0,0,0,0,627,1818,7500,2024-10-14,2024-11-11,nifty,month,put,ATMp8
2024-11-11_2024-12-11.json,7873,0,0,0,0,0,0,387,2375,7873,2024-11-11,2024-12-11,nifty,month,put,ATMp8
2024-12-11_2025-01-10.json,8238,1,0,0,0,0,0,357,2043,8237,2024-12-11,2025-01-10,nifty,month,put,ATMp8
2025-01-10_2025-02-09.json,8239,0,0,0,0,0,0,95,2260,8239,2025-01-10,2025-02-07,nifty,month,put,ATMp8
2025-02-09_2025-03-11.json,7869,0,0,0,0,0,0,962,2248,7869,2025-02-10,2025-03-11,nifty,month,put,ATMp8
2025-03-11_2025-04-10.json,7486,0,0,0,0,0,0,901,3490,7486,2025-03-11,2025-04-09,nifty,month,put,ATMp8
2025-04-10_2025-05-10.json,6738,0,0,0,0,0,0,247,2870,6738,2025-04-11,2025-05-09,nifty,month,put,ATMp8
2025-05-10_2025-06-09.json,7872,1,0,0,0,0,0,98,2145,7871,2025-05-12,2025-06-09,nifty,month,put,ATMp8
2025-06-09_2025-07-09.json,8610,0,0,0,0,0,0,847,3294,8610,2025-06-09,2025-07-09,nifty,month,put,ATMp8
2025-07-09_2025-08-08.json,8616,0,0,0,0,0,0,304,2749,8616,2025-07-09,2025-08-08,nifty,month,put,ATMp8
2025-08-08_2025-09-07.json,7116,0,0,0,0,0,0,169,2506,7116,2025-08-08,2025-09-05,nifty,month,put,ATMp8
2025-09-07_2025-10-07.json,7870,0,0,0,0,0,0,1055,2511,7870,2025-09-08,2025-10-07,nifty,month,put,ATMp8
2025-10-07_2025-11-06.json,7604,0,0,0,0,0,0,1215,2446,7604,2025-10-07,2025-11-06,nifty,month,put,ATMp8
2025-11-06_2025-12-06.json,8248,0,0,0,0,0,0,449,2530,8248,2025-11-06,2025-12-05,nifty,month,put,ATMp8
2025-12-06_2026-01-05.json,7477,0,0,0,0,0,0,388,2560,7477,2025-12-08,2026-01-05,nifty,month,put,ATMp8
2026-01-05_2026-02-04.json,8249,0,0,0,0,0,0,353,2054,8249,2026-01-05,2026-02-04,nifty,month,put,ATMp8
2026-02-04_2026-03-06.json,8247,0,0,0,0,0,0,123,2612,8247,2026-02-04,2026-03-06,nifty,month,put,ATMp8
2026-03-06_2026-04-05.json,6745,0,0,0,0,0,0,81,1566,6745,2026-03-06,2026-04-02,nifty,month,put,ATMp8
2026-04-05_2026-04-30.json,6700,0,0,0,0,0,0,66,2409,6700,2026-04-06,2026-04-30,nifty,month,put,ATMp8
2021-05-01_2021-05-31.json,7388,0,0,0,0,0,0,396,5338,7388,2021-05-03,2021-05-31,nifty,month,put,ATMp9
2021-05-31_2021-06-30.json,8380,0,0,0,0,0,0,194,5771,8380,2021-05-31,2021-06-30,nifty,month,put,ATMp9
2021-06-30_2021-07-30.json,8170,0,0,0,0,0,0,160,5830,8170,2021-06-30,2021-07-30,nifty,month,put,ATMp9
2021-07-30_2021-08-29.json,7447,0,0,0,0,0,0,90,4902,7447,2021-07-30,2021-08-27,nifty,month,put,ATMp9
2021-08-29_2021-09-28.json,7760,1,0,0,0,0,0,0,4981,7759,2021-08-30,2021-09-28,nifty,month,put,ATMp9
2021-09-28_2021-10-28.json,8238,3,0,0,0,0,0,980,4855,8235,2021-09-28,2021-10-28,nifty,month,put,ATMp9
2021-10-28_2021-11-27.json,7123,21,0,0,0,0,0,591,2880,7102,2021-10-28,2021-11-26,nifty,month,put,ATMp9
2021-11-27_2021-12-27.json,7869,0,0,0,0,0,0,0,3583,7869,2021-11-29,2021-12-27,nifty,month,put,ATMp9
2021-12-27_2022-01-26.json,8216,0,0,0,0,0,0,228,4610,8216,2021-12-27,2022-01-25,nifty,month,put,ATMp9
2022-01-26_2022-02-25.json,8240,2,0,0,0,0,0,301,3578,8238,2022-01-27,2022-02-25,nifty,month,put,ATMp9
2022-02-25_2022-03-27.json,7096,0,0,0,0,0,0,0,3733,7096,2022-02-25,2022-03-25,nifty,month,put,ATMp9
2022-03-27_2022-04-26.json,7499,2,0,0,0,0,2,1181,3432,7497,2022-03-28,2022-04-26,nifty,month,put,ATMp9
2022-04-26_2022-05-26.json,8241,1,0,0,0,0,0,326,2732,8240,2022-04-26,2022-05-26,nifty,month,put,ATMp9
2022-05-26_2022-06-25.json,8241,0,0,0,0,0,0,103,4281,8241,2022-05-26,2022-06-24,nifty,month,put,ATMp9
2022-06-25_2022-07-25.json,7846,0,0,0,0,0,0,125,4291,7846,2022-06-27,2022-07-25,nifty,month,put,ATMp9
2022-07-25_2022-08-24.json,7849,0,0,0,0,0,0,454,4225,7849,2022-07-25,2022-08-24,nifty,month,put,ATMp9
2022-08-24_2022-09-23.json,8203,0,0,0,0,0,0,461,4117,8203,2022-08-24,2022-09-23,nifty,month,put,ATMp9
2022-09-23_2022-10-23.json,7470,0,0,0,0,0,0,117,3447,7470,2022-09-23,2022-10-21,nifty,month,put,ATMp9
2022-10-23_2022-11-22.json,7154,56,0,0,0,0,0,1816,3592,7098,2022-10-25,2022-11-22,nifty,month,put,ATMp9
2022-11-22_2022-12-22.json,8616,0,0,0,0,0,0,1167,4416,8616,2022-11-22,2022-12-22,nifty,month,put,ATMp9
2022-12-22_2023-01-21.json,8243,0,0,0,0,0,0,813,3310,8243,2022-12-22,2023-01-20,nifty,month,put,ATMp9
2023-01-21_2023-02-20.json,7477,0,0,0,0,0,0,1020,3094,7477,2023-01-23,2023-02-20,nifty,month,put,ATMp9
2023-02-20_2023-03-22.json,8232,0,0,0,0,0,0,326,2733,8232,2023-02-20,2023-03-22,nifty,month,put,ATMp9
2023-03-22_2023-04-21.json,7081,0,0,0,0,0,0,1234,3170,7081,2023-03-22,2023-04-21,nifty,month,put,ATMp9
2023-04-21_2023-05-21.json,7447,0,0,0,0,0,0,886,4552,7447,2023-04-21,2023-05-19,nifty,month,put,ATMp9
2023-05-21_2023-06-20.json,8174,1,0,0,0,0,1,1323,4900,8173,2023-05-22,2023-06-20,nifty,month,put,ATMp9
2023-06-20_2023-07-20.json,8145,1,0,0,0,0,0,1022,5172,8144,2023-06-20,2023-07-20,nifty,month,put,ATMp9
2023-07-20_2023-08-19.json,7847,2,0,0,0,0,0,392,3675,7845,2023-07-20,2023-08-18,nifty,month,put,ATMp9
2023-08-19_2023-09-18.json,7798,2,0,0,0,0,0,85,4343,7796,2023-08-21,2023-09-18,nifty,month,put,ATMp9
2023-09-18_2023-10-18.json,7818,0,0,0,0,0,0,666,3706,7818,2023-09-18,2023-10-18,nifty,month,put,ATMp9
2023-10-18_2023-11-17.json,7869,47,0,0,0,0,0,99,3555,7822,2023-10-18,2023-11-17,nifty,month,put,ATMp9
2023-11-17_2023-12-17.json,7477,1,0,0,0,0,0,2368,4389,7476,2023-11-17,2023-12-15,nifty,month,put,ATMp9
2023-12-17_2024-01-16.json,7868,1,0,0,0,0,0,2099,3316,7867,2023-12-18,2024-01-16,nifty,month,put,ATMp9
2024-01-16_2024-02-15.json,8156,3,0,0,0,0,0,646,3016,8153,2024-01-16,2024-02-15,nifty,month,put,ATMp9
2024-02-15_2024-03-16.json,7910,3,0,0,0,0,0,242,3326,7907,2024-02-15,2024-03-15,nifty,month,put,ATMp9
2024-03-16_2024-04-15.json,6725,0,0,0,0,0,0,1792,2912,6725,2024-03-18,2024-04-15,nifty,month,put,ATMp9
2024-04-15_2024-05-15.json,7860,0,0,0,0,0,0,609,2550,7860,2024-04-15,2024-05-15,nifty,month,put,ATMp9
2024-05-15_2024-06-14.json,8597,0,0,0,0,0,0,1246,3363,8597,2024-05-15,2024-06-14,nifty,month,put,ATMp9
2024-06-14_2024-07-14.json,7459,0,0,0,0,0,0,615,3253,7459,2024-06-14,2024-07-12,nifty,month,put,ATMp9
2024-07-14_2024-08-13.json,7857,5,0,0,0,0,0,86,3308,7852,2024-07-15,2024-08-13,nifty,month,put,ATMp9
2024-08-13_2024-09-12.json,8237,0,0,0,0,0,0,797,3484,8237,2024-08-13,2024-09-12,nifty,month,put,ATMp9
2024-09-12_2024-10-12.json,7837,2,0,0,0,0,0,503,2814,7835,2024-09-12,2024-10-11,nifty,month,put,ATMp9
2024-10-12_2024-11-11.json,7526,44,0,0,0,0,1,696,2085,7482,2024-10-14,2024-11-11,nifty,month,put,ATMp9
2024-11-11_2024-12-11.json,7871,1,0,0,0,0,0,453,2319,7870,2024-11-11,2024-12-11,nifty,month,put,ATMp9
2024-12-11_2025-01-10.json,8234,0,0,0,0,0,0,404,1931,8234,2024-12-11,2025-01-10,nifty,month,put,ATMp9
2025-01-10_2025-02-09.json,8246,1,0,0,0,0,0,127,2485,8245,2025-01-10,2025-02-07,nifty,month,put,ATMp9
2025-02-09_2025-03-11.json,7871,2,0,0,0,0,0,1005,2343,7869,2025-02-10,2025-03-11,nifty,month,put,ATMp9
2025-03-11_2025-04-10.json,7443,0,0,0,0,0,0,971,4071,7443,2025-03-11,2025-04-09,nifty,month,put,ATMp9
2025-04-10_2025-05-10.json,6740,0,0,0,0,0,0,290,3232,6740,2025-04-11,2025-05-09,nifty,month,put,ATMp9
2025-05-10_2025-06-09.json,7869,0,0,0,0,0,0,121,3304,7869,2025-05-12,2025-06-09,nifty,month,put,ATMp9
2025-06-09_2025-07-09.json,8618,0,0,0,0,0,0,909,3722,8618,2025-06-09,2025-07-09,nifty,month,put,ATMp9
2025-07-09_2025-08-08.json,8595,0,0,0,0,0,0,381,3056,8595,2025-07-09,2025-08-08,nifty,month,put,ATMp9
2025-08-08_2025-09-07.json,7102,0,0,0,0,0,0,189,2866,7102,2025-08-08,2025-09-05,nifty,month,put,ATMp9
2025-09-07_2025-10-07.json,7849,0,0,0,0,0,0,1264,3632,7849,2025-09-08,2025-10-07,nifty,month,put,ATMp9
2025-10-07_2025-11-06.json,7598,0,0,0,0,0,1,1225,2916,7598,2025-10-07,2025-11-06,nifty,month,put,ATMp9
2025-11-06_2025-12-06.json,8246,0,0,0,0,0,0,444,3014,8246,2025-11-06,2025-12-05,nifty,month,put,ATMp9
2025-12-06_2026-01-05.json,7493,0,0,0,0,0,0,415,2875,7493,2025-12-08,2026-01-05,nifty,month,put,ATMp9
2026-01-05_2026-02-04.json,8237,0,0,0,0,0,1,379,2196,8237,2026-01-05,2026-02-04,nifty,month,put,ATMp9
2026-02-04_2026-03-06.json,8237,0,0,0,0,0,0,134,2322,8237,2026-02-04,2026-03-06,nifty,month,put,ATMp9
2026-03-06_2026-04-05.json,6734,0,0,0,0,0,1,82,1747,6734,2026-03-06,2026-04-02,nifty,month,put,ATMp9
2026-04-05_2026-04-30.json,6729,0,0,0,0,0,0,101,2766,6729,2026-04-06,2026-04-30,nifty,month,put,ATMp9
