file,schema,nifty_option_rows,no_trade_rows,active_rows,true_bad_ohlc,duplicates,error
20080101.csv,legacy,122,66,56,0,0,
20080102.csv,legacy,122,57,65,0,0,
20080103.csv,legacy,128,65,63,0,0,
20080104.csv,legacy,128,54,74,0,0,
20080107.csv,legacy,134,63,71,0,0,
20080108.csv,legacy,140,73,67,0,0,
20080109.csv,legacy,140,70,70,0,0,
20080110.csv,legacy,140,64,76,0,0,
20080111.csv,legacy,140,70,70,0,0,
20080114.csv,legacy,140,73,67,0,0,
20080115.csv,legacy,140,62,78,0,0,
20080116.csv,legacy,142,51,91,0,0,
20080117.csv,legacy,144,56,88,0,0,
20080118.csv,legacy,146,57,89,0,0,
20080121.csv,legacy,154,55,99,0,0,
20080122.csv,legacy,204,116,88,0,0,
20080123.csv,legacy,240,132,108,0,0,
20080124.csv,legacy,240,135,105,0,0,
20080125.csv,legacy,240,132,108,0,0,
20080128.csv,legacy,240,128,112,0,0,
20080129.csv,legacy,240,133,107,0,0,
20080130.csv,legacy,240,118,122,0,0,
20080131.csv,legacy,240,110,130,0,0,
20080201.csv,legacy,182,102,80,0,0,
20080204.csv,legacy,188,107,81,0,0,
20080205.csv,legacy,194,122,72,0,0,
20080206.csv,legacy,196,123,73,0,0,
20080207.csv,legacy,196,111,85,0,0,
20080208.csv,legacy,196,114,82,0,0,
20080211.csv,legacy,198,111,87,0,0,
20080212.csv,legacy,212,124,88,0,0,
20080213.csv,legacy,212,125,87,0,0,
20080214.csv,legacy,212,111,101,0,0,
20080215.csv,legacy,212,114,98,0,0,
20080218.csv,legacy,212,115,97,0,0,
20080219.csv,legacy,212,114,98,0,0,
20080220.csv,legacy,212,107,105,0,0,
20080221.csv,legacy,212,115,97,0,0,
20080222.csv,legacy,212,115,97,0,0,
20080225.csv,legacy,212,107,105,0,0,
20080226.csv,legacy,212,106,106,0,0,
20080227.csv,legacy,212,99,113,0,0,
20080228.csv,legacy,212,96,116,0,0,
20080229.csv,legacy,152,81,71,0,0,
20080303.csv,legacy,368,282,86,0,0,
20080304.csv,legacy,428,332,96,0,0,
20080305.csv,legacy,454,359,95,0,0,
20080307.csv,legacy,454,351,103,0,0,
20080310.csv,legacy,488,387,101,0,0,
20080311.csv,legacy,488,381,107,0,0,
20080312.csv,legacy,488,382,106,0,0,
20080313.csv,legacy,488,385,103,0,0,
20080314.csv,legacy,544,430,114,0,0,
20080317.csv,legacy,544,428,116,0,0,
20080318.csv,legacy,578,450,128,0,0,
20080319.csv,legacy,578,447,131,0,0,
20080324.csv,legacy,578,452,126,0,0,
20080325.csv,legacy,578,424,154,0,0,
20080326.csv,legacy,578,433,145,0,0,
20080327.csv,legacy,578,427,151,0,0,
20080328.csv,legacy,516,415,101,0,0,
20080331.csv,legacy,520,420,100,0,0,
20080401.csv,legacy,524,436,88,0,0,
20080402.csv,legacy,524,428,96,0,0,
20080403.csv,legacy,524,444,80,0,0,
20080404.csv,legacy,524,423,101,0,0,
20080407.csv,legacy,528,429,99,0,0,
20080408.csv,legacy,528,427,101,0,0,
20080409.csv,legacy,528,423,105,0,0,
20080410.csv,legacy,528,435,93,0,0,
20080411.csv,legacy,528,426,102,0,0,
20080415.csv,legacy,528,416,112,0,0,
20080416.csv,legacy,528,427,101,0,0,
20080417.csv,legacy,528,423,105,0,0,
20080421.csv,legacy,528,416,112,0,0,
20080422.csv,legacy,532,411,121,0,0,
20080423.csv,legacy,532,418,114,0,0,
20080424.csv,legacy,532,416,116,0,0,
20080425.csv,legacy,492,403,89,0,0,
20080428.csv,legacy,498,415,83,0,0,
20080429.csv,legacy,498,403,95,0,0,
20080430.csv,legacy,506,407,99,0,0,
20080502.csv,legacy,506,403,103,0,0,
20080505.csv,legacy,514,424,90,0,0,
20080506.csv,legacy,514,418,96,0,0,
20080507.csv,legacy,514,423,91,0,0,
20080508.csv,legacy,514,425,89,0,0,
20080509.csv,legacy,514,420,94,0,0,
20080512.csv,legacy,514,410,104,0,0,
20080513.csv,legacy,514,410,104,0,0,
20080514.csv,legacy,516,417,99,0,0,
20080515.csv,legacy,516,420,96,0,0,
20080516.csv,legacy,516,413,103,0,0,
20080520.csv,legacy,516,425,91,0,0,
20080521.csv,legacy,516,410,106,0,0,
20080522.csv,legacy,516,406,110,0,0,
20080523.csv,legacy,516,401,115,0,0,
20080526.csv,legacy,516,405,111,0,0,
20080527.csv,legacy,518,401,117,0,0,
20080528.csv,legacy,520,393,127,0,0,
20080529.csv,legacy,520,402,118,0,0,
20080530.csv,legacy,488,402,86,0,0,
20080602.csv,legacy,488,390,98,0,0,
20080603.csv,legacy,496,397,99,0,0,
20080604.csv,legacy,500,393,107,0,0,
20080605.csv,legacy,510,399,111,0,0,
20080606.csv,legacy,510,418,92,0,0,
20080609.csv,legacy,510,410,100,0,0,
20080610.csv,legacy,522,416,106,0,0,
20080611.csv,legacy,542,441,101,0,0,
20080612.csv,legacy,542,438,104,0,0,
20080613.csv,legacy,542,436,106,0,0,
20080616.csv,legacy,542,436,106,0,0,
20080617.csv,legacy,542,424,118,0,0,
20080618.csv,legacy,542,426,116,0,0,
20080619.csv,legacy,542,429,113,0,0,
20080620.csv,legacy,542,401,141,0,0,
20080623.csv,legacy,572,433,139,0,0,
20080624.csv,legacy,596,438,158,0,0,
20080625.csv,legacy,618,474,144,0,0,
20080626.csv,legacy,618,477,141,0,0,
20080627.csv,legacy,588,472,116,0,0,
20080630.csv,legacy,612,489,123,0,0,
20080701.csv,legacy,640,513,127,0,0,
20080702.csv,legacy,658,519,139,0,0,
20080703.csv,legacy,658,537,121,0,0,
20080704.csv,legacy,658,543,115,0,0,
20080707.csv,legacy,658,534,124,0,0,
20080708.csv,legacy,658,552,106,0,0,
20080709.csv,legacy,658,535,123,0,0,
20080710.csv,legacy,658,544,114,0,0,
20080711.csv,legacy,658,525,133,0,0,
20080714.csv,legacy,658,549,109,0,0,
20080715.csv,legacy,658,532,126,0,0,
20080716.csv,legacy,670,539,131,0,0,
20080717.csv,legacy,692,575,117,0,0,
20080718.csv,legacy,692,551,141,0,0,
20080721.csv,legacy,692,564,128,0,0,
20080722.csv,legacy,692,552,140,0,0,
20080723.csv,legacy,692,524,168,0,0,
20080724.csv,legacy,700,557,143,0,0,
20080725.csv,legacy,700,559,141,0,0,
20080728.csv,legacy,700,556,144,0,0,
20080729.csv,legacy,700,544,156,0,0,
20080730.csv,legacy,700,553,147,0,0,
20080731.csv,legacy,700,546,154,0,0,
20080801.csv,legacy,644,526,118,0,0,
20080804.csv,legacy,646,533,113,0,0,
20080805.csv,legacy,646,518,128,0,0,
20080806.csv,legacy,650,515,135,0,0,
20080807.csv,legacy,650,530,120,0,0,
20080808.csv,legacy,650,528,122,0,0,
20080811.csv,legacy,654,545,109,0,0,
20080812.csv,legacy,658,531,127,0,0,
20080813.csv,legacy,658,542,116,0,0,
20080814.csv,legacy,658,539,119,0,0,
20080818.csv,legacy,658,545,113,0,0,
20080819.csv,legacy,658,527,131,0,0,
20080820.csv,legacy,658,533,125,0,0,
20080821.csv,legacy,658,519,139,0,0,
20080822.csv,legacy,660,505,155,0,0,
20080825.csv,legacy,660,518,142,0,0,
20080826.csv,legacy,660,527,133,0,0,
20080827.csv,legacy,660,514,146,0,0,
20080828.csv,legacy,660,505,155,0,0,
20080829.csv,legacy,624,509,115,0,0,
20080901.csv,legacy,630,518,112,0,0,
20080902.csv,legacy,630,500,130,0,0,
20080904.csv,legacy,636,526,110,0,0,
20080905.csv,legacy,636,523,113,0,0,
20080908.csv,legacy,636,516,120,0,0,
20080909.csv,legacy,636,529,107,0,0,
20080910.csv,legacy,636,509,127,0,0,
20080911.csv,legacy,636,504,132,0,0,
20080912.csv,legacy,636,507,129,0,0,
20080915.csv,legacy,636,484,152,0,0,
20080916.csv,legacy,648,508,140,0,0,
20080917.csv,legacy,648,514,134,0,0,
20080918.csv,legacy,652,505,147,0,0,
20080919.csv,legacy,652,499,153,0,0,
20080922.csv,legacy,652,508,144,0,0,
20080923.csv,legacy,652,498,154,0,0,
20080924.csv,legacy,652,495,157,0,0,
20080925.csv,legacy,652,501,151,0,0,
20080926.csv,legacy,602,486,116,0,0,
20080929.csv,legacy,602,485,117,0,0,
20080930.csv,legacy,616,492,124,0,0,
20081001.csv,legacy,616,494,122,0,0,
20081003.csv,legacy,616,490,126,0,0,
20081006.csv,legacy,622,486,136,0,0,
20081007.csv,legacy,686,543,143,0,0,
20081008.csv,legacy,686,544,142,0,0,
20081010.csv,legacy,720,563,157,0,0,
20081013.csv,legacy,788,629,159,0,0,
20081014.csv,legacy,788,625,163,0,0,
20081015.csv,legacy,788,621,167,0,0,
20081016.csv,legacy,788,612,176,0,0,
20081017.csv,legacy,800,633,167,0,0,
20081020.csv,legacy,868,677,191,0,0,
20081021.csv,legacy,868,680,188,0,0,
20081022.csv,legacy,868,670,198,0,0,
20081023.csv,legacy,868,664,204,0,0,
20081024.csv,legacy,912,693,219,0,0,
20081027.csv,legacy,1026,776,250,0,0,
20081028.csv,legacy,1060,863,197,0,0,
20081029.csv,legacy,1060,815,245,0,0,
20081031.csv,legacy,974,807,167,0,0,
20081103.csv,legacy,982,820,162,0,0,
20081104.csv,legacy,988,813,175,0,0,
20081105.csv,legacy,992,834,158,0,0,
20081106.csv,legacy,992,819,173,0,0,
20081107.csv,legacy,992,837,155,0,0,
20081110.csv,legacy,992,826,166,0,0,
20081111.csv,legacy,992,832,160,0,0,
20081112.csv,legacy,992,827,165,0,0,
20081114.csv,legacy,992,842,150,0,0,
20081117.csv,legacy,992,833,159,0,0,
20081118.csv,legacy,992,826,166,0,0,
20081119.csv,legacy,992,822,170,0,0,
20081120.csv,legacy,994,831,163,0,0,
20081121.csv,legacy,998,816,182,0,0,
20081124.csv,legacy,998,823,175,0,0,
20081125.csv,legacy,998,812,186,0,0,
20081126.csv,legacy,998,798,200,0,0,
20081128.csv,legacy,998,797,201,0,0,
20081201.csv,legacy,916,784,132,0,0,
20081202.csv,legacy,918,796,122,0,0,
20081203.csv,legacy,920,810,110,0,0,
20081204.csv,legacy,920,775,145,0,0,
20081205.csv,legacy,922,777,145,0,0,
20081208.csv,legacy,922,782,140,0,0,
20081210.csv,legacy,922,787,135,0,0,
20081211.csv,legacy,928,811,117,0,0,
20081212.csv,legacy,928,806,122,0,0,
20081215.csv,legacy,928,798,130,0,0,
20081216.csv,legacy,930,762,168,0,0,
20081217.csv,legacy,932,775,157,0,0,
20081218.csv,legacy,932,777,155,0,0,
20081219.csv,legacy,932,777,155,0,0,
20081222.csv,legacy,934,780,154,0,0,
20081223.csv,legacy,934,779,155,0,0,
20081224.csv,legacy,934,770,164,0,0,
20081226.csv,legacy,828,735,93,0,0,
20081229.csv,legacy,830,659,171,0,0,
20081230.csv,legacy,830,711,119,0,0,
20081231.csv,legacy,834,729,105,0,0,
20090101.csv,legacy,834,736,98,0,0,
20090102.csv,legacy,836,742,94,0,0,
20090105.csv,legacy,836,740,96,0,0,
20090106.csv,legacy,838,735,103,0,0,
20090107.csv,legacy,838,742,96,0,0,
20090109.csv,legacy,838,739,99,0,0,
20090112.csv,legacy,838,730,108,0,0,
20090113.csv,legacy,842,737,105,0,0,
20090114.csv,legacy,844,737,107,0,0,
20090115.csv,legacy,844,734,110,0,0,
20090116.csv,legacy,844,736,108,0,0,
20090119.csv,legacy,844,734,110,0,0,
20090120.csv,legacy,844,740,104,0,0,
20090121.csv,legacy,844,730,114,0,0,
20090122.csv,legacy,844,736,108,0,0,
20090123.csv,legacy,844,726,118,0,0,
20090127.csv,legacy,844,727,117,0,0,
20090128.csv,legacy,844,718,126,0,0,
20090129.csv,legacy,844,712,132,0,0,
20090130.csv,legacy,820,721,99,0,0,
20090202.csv,legacy,822,724,98,0,0,
20090203.csv,legacy,824,735,89,0,0,
20090204.csv,legacy,824,736,88,0,0,
20090205.csv,legacy,824,730,94,0,0,
20090206.csv,legacy,824,718,106,0,0,
20090209.csv,legacy,824,714,110,0,0,
20090210.csv,legacy,826,719,107,0,0,
20090211.csv,legacy,828,719,109,0,0,
20090212.csv,legacy,828,727,101,0,0,
20090213.csv,legacy,828,725,103,0,0,
20090216.csv,legacy,828,716,112,0,0,
20090217.csv,legacy,828,710,118,0,0,
20090218.csv,legacy,828,709,119,0,0,
20090219.csv,legacy,828,717,111,0,0,
20090220.csv,legacy,828,713,115,0,0,
20090224.csv,legacy,828,705,123,0,0,
20090225.csv,legacy,828,704,124,0,0,
20090226.csv,legacy,828,701,127,0,0,
20090227.csv,legacy,834,713,121,0,0,
20090302.csv,legacy,834,711,123,0,0,
20090303.csv,legacy,846,729,117,0,0,
20090304.csv,legacy,868,747,121,0,0,
20090305.csv,legacy,868,738,130,0,0,
20090306.csv,legacy,868,733,135,0,0,
20090309.csv,legacy,868,731,137,0,0,
20090312.csv,legacy,868,735,133,0,0,
20090313.csv,legacy,868,733,135,0,0,
20090316.csv,legacy,868,726,142,0,0,
20090317.csv,legacy,868,711,157,0,0,
20090318.csv,legacy,868,726,142,0,0,
20090319.csv,legacy,868,732,136,0,0,
20090320.csv,legacy,868,731,137,0,0,
20090323.csv,legacy,868,694,174,0,0,
20090324.csv,legacy,872,705,167,0,0,
20090325.csv,legacy,872,713,159,0,0,
20090326.csv,legacy,878,695,183,0,0,
20090327.csv,legacy,766,599,167,0,0,
20090330.csv,legacy,766,625,141,0,0,
20090331.csv,legacy,768,641,127,0,0,
20090401.csv,legacy,768,656,112,0,0,
20090402.csv,legacy,768,628,140,0,0,
20090406.csv,legacy,776,641,135,0,0,
20090408.csv,legacy,784,645,139,0,0,
20090409.csv,legacy,784,634,150,0,0,
20090413.csv,legacy,784,654,130,0,0,
20090415.csv,legacy,792,636,156,0,0,
20090416.csv,legacy,800,645,155,0,0,
20090417.csv,legacy,800,655,145,0,0,
20090420.csv,legacy,800,659,141,0,0,
20090421.csv,legacy,800,664,136,0,0,
20090422.csv,legacy,800,661,139,0,0,
20090423.csv,legacy,800,664,136,0,0,
20090424.csv,legacy,800,660,140,0,0,
20090427.csv,legacy,800,660,140,0,0,
20090428.csv,legacy,800,648,152,0,0,
20090429.csv,legacy,800,639,161,0,0,
20090504.csv,legacy,768,650,118,0,0,
20090505.csv,legacy,784,666,118,0,0,
20090506.csv,legacy,784,661,123,0,0,
20090507.csv,legacy,784,673,111,0,0,
20090508.csv,legacy,784,670,114,0,0,
20090511.csv,legacy,784,663,121,0,0,
20090512.csv,legacy,784,659,125,0,0,
20090513.csv,legacy,784,657,127,0,0,
20090514.csv,legacy,784,668,116,0,0,
20090515.csv,legacy,784,668,116,0,0,
20090518.csv,legacy,784,725,59,0,0,
20090519.csv,legacy,840,661,179,0,0,
20090520.csv,legacy,840,671,169,0,0,
20090521.csv,legacy,840,660,180,0,0,
20090522.csv,legacy,840,679,161,0,0,
20090525.csv,legacy,840,658,182,0,0,
20090526.csv,legacy,840,623,217,0,0,
20090527.csv,legacy,840,656,184,0,0,
20090528.csv,legacy,840,654,186,0,0,
20090529.csv,legacy,806,615,191,0,0,
20090601.csv,legacy,816,678,138,0,0,
20090602.csv,legacy,826,642,184,0,0,
20090603.csv,legacy,826,638,188,0,0,
20090604.csv,legacy,826,687,139,0,0,
20090605.csv,legacy,838,650,188,0,0,
20090608.csv,legacy,838,648,190,0,0,
20090609.csv,legacy,838,648,190,0,0,
20090610.csv,legacy,838,652,186,0,0,
20090611.csv,legacy,850,664,186,0,0,
20090612.csv,legacy,850,657,193,0,0,
20090615.csv,legacy,850,659,191,0,0,
20090616.csv,legacy,850,658,192,0,0,
20090617.csv,legacy,850,655,195,0,0,
20090618.csv,legacy,850,650,200,0,0,
20090619.csv,legacy,850,634,216,0,0,
20090622.csv,legacy,850,636,214,0,0,
20090623.csv,legacy,852,645,207,0,0,
20090624.csv,legacy,852,642,210,0,0,
20090625.csv,legacy,852,642,210,0,0,
20090626.csv,legacy,746,644,102,0,0,
20090629.csv,legacy,750,601,149,0,0,
20090630.csv,legacy,750,600,150,0,0,
20090701.csv,legacy,750,603,147,0,0,
20090702.csv,legacy,750,606,144,0,0,
20090703.csv,legacy,750,594,156,0,0,
20090706.csv,legacy,750,593,157,0,0,
20090707.csv,legacy,750,600,150,0,0,
20090708.csv,legacy,750,592,158,0,0,
20090709.csv,legacy,754,602,152,0,0,
20090710.csv,legacy,754,582,172,0,0,
20090713.csv,legacy,758,591,167,0,0,
20090714.csv,legacy,758,596,162,0,0,
20090715.csv,legacy,758,595,163,0,0,
20090716.csv,legacy,758,593,165,0,0,
20090717.csv,legacy,758,578,180,0,0,
20090720.csv,legacy,758,582,176,0,0,
20090721.csv,legacy,760,588,172,0,0,
20090722.csv,legacy,760,635,125,0,0,
20090723.csv,legacy,760,586,174,0,0,
20090724.csv,legacy,760,578,182,0,0,
20090727.csv,legacy,762,590,172,0,0,
20090728.csv,legacy,762,580,182,0,0,
20090729.csv,legacy,762,573,189,0,0,
20090730.csv,legacy,762,566,196,0,0,
20090731.csv,legacy,738,585,153,0,0,
20090803.csv,legacy,738,584,154,0,0,
20090804.csv,legacy,742,584,158,0,0,
20090805.csv,legacy,742,591,151,0,0,
20090806.csv,legacy,742,587,155,0,0,
20090807.csv,legacy,742,584,158,0,0,
20090810.csv,legacy,744,579,165,0,0,
20090811.csv,legacy,746,584,162,0,0,
20090812.csv,legacy,746,580,166,0,0,
20090813.csv,legacy,746,576,170,0,0,
20090814.csv,legacy,746,580,166,0,0,
20090817.csv,legacy,746,620,126,0,0,
20090818.csv,legacy,746,586,160,0,0,
20090819.csv,legacy,746,577,169,0,0,
20090820.csv,legacy,746,571,175,0,0,
20090821.csv,legacy,746,570,176,0,0,
20090824.csv,legacy,746,567,179,0,0,
20090825.csv,legacy,746,553,193,0,0,
20090826.csv,legacy,746,561,185,0,0,
20090827.csv,legacy,746,556,190,0,0,
20090828.csv,legacy,732,574,158,0,0,
20090831.csv,legacy,732,568,164,0,0,
20090901.csv,legacy,732,560,172,0,0,
20090902.csv,legacy,734,570,164,0,0,
20090903.csv,legacy,734,576,158,0,0,
20090904.csv,legacy,734,560,174,0,0,
20090907.csv,legacy,734,568,166,0,0,
20090908.csv,legacy,748,575,173,0,0,
20090909.csv,legacy,748,576,172,0,0,
20090910.csv,legacy,748,579,169,0,0,
20090911.csv,legacy,748,578,170,0,0,
20090914.csv,legacy,748,574,174,0,0,
20090915.csv,legacy,748,557,191,0,0,
20090916.csv,legacy,762,579,183,0,0,
20090917.csv,legacy,776,586,190,0,0,
20090918.csv,legacy,776,584,192,0,0,
20090922.csv,legacy,776,592,184,0,0,
20090923.csv,legacy,776,594,182,0,0,
20090924.csv,legacy,776,624,152,0,0,
20090925.csv,legacy,682,544,138,0,0,
20090929.csv,legacy,682,572,110,0,0,
20090930.csv,legacy,682,540,142,0,0,
20091001.csv,legacy,696,549,147,0,0,
20091005.csv,legacy,696,561,135,0,0,
20091006.csv,legacy,696,550,146,0,0,
20091007.csv,legacy,696,546,150,0,0,
20091008.csv,legacy,696,550,146,0,0,
20091009.csv,legacy,696,548,148,0,0,
20091012.csv,legacy,698,549,149,0,0,
20091014.csv,legacy,698,550,148,0,0,
20091015.csv,legacy,698,549,149,0,0,
20091016.csv,legacy,698,553,145,0,0,
20091020.csv,legacy,698,546,152,0,0,
20091021.csv,legacy,698,544,154,0,0,
20091022.csv,legacy,698,529,169,0,0,
20091023.csv,legacy,698,536,162,0,0,
20091026.csv,legacy,698,535,163,0,0,
20091027.csv,legacy,698,533,165,0,0,
20091028.csv,legacy,700,525,175,0,0,
20091029.csv,legacy,700,515,185,0,0,
20091030.csv,legacy,686,527,159,0,0,
20091103.csv,legacy,690,540,150,0,0,
20091104.csv,legacy,694,551,143,0,0,
20091105.csv,legacy,694,542,152,0,0,
20091106.csv,legacy,694,545,149,0,0,
20091109.csv,legacy,694,545,149,0,0,
20091110.csv,legacy,696,537,159,0,0,
20091111.csv,legacy,696,544,152,0,0,
20091112.csv,legacy,698,545,153,0,0,
20091113.csv,legacy,698,542,156,0,0,
20091116.csv,legacy,698,390,308,0,0,
20091117.csv,legacy,700,484,216,0,0,
20091118.csv,legacy,700,527,173,0,0,
20091119.csv,legacy,700,537,163,0,0,
20091120.csv,legacy,700,541,159,0,0,
20091123.csv,legacy,700,529,171,0,0,
20091124.csv,legacy,700,540,160,0,0,
20091125.csv,legacy,700,537,163,0,0,
20091126.csv,legacy,700,528,172,0,0,
20091127.csv,legacy,690,553,137,0,0,
20091130.csv,legacy,692,553,139,0,0,
20091201.csv,legacy,692,541,151,0,0,
20091202.csv,legacy,694,525,169,0,0,
20091203.csv,legacy,694,533,161,0,0,
20091204.csv,legacy,694,540,154,0,0,
20091207.csv,legacy,694,533,161,0,0,
20091208.csv,legacy,694,525,169,0,0,
20091209.csv,legacy,694,536,158,0,0,
20091210.csv,legacy,694,535,159,0,0,
20091211.csv,legacy,694,535,159,0,0,
20091214.csv,legacy,694,532,162,0,0,
20091215.csv,legacy,694,523,171,0,0,
20091216.csv,legacy,694,529,165,0,0,
20091217.csv,legacy,694,529,165,0,0,
20091218.csv,legacy,694,523,171,0,0,
20091221.csv,legacy,694,535,159,0,0,
20091222.csv,legacy,694,522,172,0,0,
20091223.csv,legacy,694,518,176,0,0,
20091224.csv,legacy,694,519,175,0,0,
20091229.csv,legacy,716,533,183,0,0,
20091230.csv,legacy,716,527,189,0,0,
20091231.csv,legacy,716,509,207,0,0,
20100104.csv,legacy,644,488,156,0,0,
20100105.csv,legacy,644,492,152,0,0,
20100106.csv,legacy,666,511,155,0,0,
20100107.csv,legacy,666,511,155,0,0,
20100108.csv,legacy,666,506,160,0,0,
20100111.csv,legacy,666,546,120,0,0,
20100112.csv,legacy,666,534,132,0,0,
20100113.csv,legacy,666,539,127,0,0,
20100114.csv,legacy,666,545,121,0,0,
20100115.csv,legacy,666,544,122,0,0,
20100118.csv,legacy,666,545,121,0,0,
20100119.csv,legacy,666,533,133,0,0,
20100120.csv,legacy,666,533,133,0,0,
20100121.csv,legacy,666,524,142,0,0,
20100122.csv,legacy,668,523,145,0,0,
20100125.csv,legacy,670,534,136,0,0,
20100127.csv,legacy,670,521,149,0,0,
20100128.csv,legacy,672,525,147,0,0,
20100129.csv,legacy,658,513,145,0,0,
20100201.csv,legacy,658,542,116,0,0,
20100202.csv,legacy,658,542,116,0,0,
20100203.csv,legacy,664,539,125,0,0,
20100204.csv,legacy,664,537,127,0,0,
20100205.csv,legacy,664,531,133,0,0,
20100208.csv,legacy,670,537,133,0,0,
20100209.csv,legacy,670,544,126,0,0,
20100210.csv,legacy,670,536,134,0,0,
20100211.csv,legacy,670,539,131,0,0,
20100215.csv,legacy,670,549,121,0,0,
20100216.csv,legacy,670,540,130,0,0,
20100217.csv,legacy,670,547,123,0,0,
20100218.csv,legacy,670,552,118,0,0,
20100219.csv,legacy,670,547,123,0,0,
20100222.csv,legacy,670,534,136,0,0,
20100223.csv,legacy,670,547,123,0,0,
20100224.csv,legacy,670,539,131,0,0,
20100225.csv,legacy,670,531,139,0,0,
20100226.csv,legacy,658,514,144,0,0,
20100302.csv,legacy,658,538,120,0,0,
20100303.csv,legacy,662,524,138,0,0,
20100304.csv,legacy,666,534,132,0,0,
20100305.csv,legacy,666,539,127,0,0,
20100308.csv,legacy,666,540,126,0,0,
20100309.csv,legacy,666,548,118,0,0,
20100310.csv,legacy,666,534,132,0,0,
20100311.csv,legacy,666,532,134,0,0,
20100312.csv,legacy,666,538,128,0,0,
20100315.csv,legacy,666,538,128,0,0,
20100316.csv,legacy,666,527,139,0,0,
20100317.csv,legacy,670,535,135,0,0,
20100318.csv,legacy,670,530,140,0,0,
20100319.csv,legacy,670,530,140,0,0,
20100322.csv,legacy,674,536,138,0,0,
20100323.csv,legacy,674,522,152,0,0,
20100325.csv,legacy,674,517,157,0,0,
20100326.csv,legacy,628,497,131,0,0,
20100329.csv,legacy,628,512,116,0,0,
20100330.csv,legacy,628,513,115,0,0,
20100331.csv,legacy,628,502,126,0,0,
20100401.csv,legacy,630,518,112,0,0,
20100405.csv,legacy,630,515,115,0,0,
20100406.csv,legacy,652,537,115,0,0,
20100407.csv,legacy,652,535,117,0,0,
20100408.csv,legacy,652,521,131,0,0,
20100409.csv,legacy,652,535,117,0,0,
20100412.csv,legacy,652,538,114,0,0,
20100413.csv,legacy,652,532,120,0,0,
20100415.csv,legacy,652,526,126,0,0,
20100416.csv,legacy,652,518,134,0,0,
20100419.csv,legacy,652,514,138,0,0,
20100420.csv,legacy,652,531,121,0,0,
20100421.csv,legacy,652,533,119,0,0,
20100422.csv,legacy,652,512,140,0,0,
20100423.csv,legacy,652,520,132,0,0,
20100426.csv,legacy,652,525,127,0,0,
20100427.csv,legacy,652,522,130,0,0,
20100428.csv,legacy,652,516,136,0,0,
20100429.csv,legacy,652,507,145,0,0,
20100430.csv,legacy,638,514,124,0,0,
20100503.csv,legacy,638,511,127,0,0,
20100504.csv,legacy,640,520,120,0,0,
20100505.csv,legacy,644,516,128,0,0,
20100506.csv,legacy,644,511,133,0,0,
20100507.csv,legacy,644,524,120,0,0,
20100510.csv,legacy,648,521,127,0,0,
20100511.csv,legacy,648,528,120,0,0,
20100512.csv,legacy,648,521,127,0,0,
20100513.csv,legacy,648,521,127,0,0,
20100514.csv,legacy,648,515,133,0,0,
20100517.csv,legacy,648,517,131,0,0,
20100518.csv,legacy,648,520,128,0,0,
20100519.csv,legacy,648,503,145,0,0,
20100520.csv,legacy,652,530,122,0,0,
20100521.csv,legacy,652,506,146,0,0,
20100524.csv,legacy,652,524,128,0,0,
20100525.csv,legacy,652,503,149,0,0,
20100526.csv,legacy,658,513,145,0,0,
20100527.csv,legacy,658,515,143,0,0,
20100528.csv,legacy,724,599,125,0,0,
20100531.csv,legacy,732,581,151,0,0,
20100601.csv,legacy,732,589,143,0,0,
20100602.csv,legacy,732,606,126,0,0,
20100603.csv,legacy,732,581,151,0,0,
20100604.csv,legacy,732,590,142,0,0,
20100607.csv,legacy,732,589,143,0,0,
20100608.csv,legacy,732,592,140,0,0,
20100609.csv,legacy,732,591,141,0,0,
20100610.csv,legacy,732,578,154,0,0,
20100611.csv,legacy,732,577,155,0,0,
20100614.csv,legacy,732,561,171,0,0,
20100615.csv,legacy,740,576,164,0,0,
20100616.csv,legacy,740,571,169,0,0,
20100617.csv,legacy,740,572,168,0,0,
20100618.csv,legacy,748,593,155,0,0,
20100621.csv,legacy,748,578,170,0,0,
20100622.csv,legacy,758,594,164,0,0,
20100623.csv,legacy,758,592,166,0,0,
20100624.csv,legacy,758,582,176,0,0,
20100625.csv,legacy,702,587,115,0,0,
20100628.csv,legacy,702,576,126,0,0,
20100629.csv,legacy,702,577,125,0,0,
20100630.csv,legacy,702,551,151,0,0,
20100701.csv,legacy,702,571,131,0,0,
20100702.csv,legacy,702,574,128,0,0,
20100705.csv,legacy,704,577,127,0,0,
20100706.csv,legacy,704,572,132,0,0,
20100707.csv,legacy,704,567,137,0,0,
20100708.csv,legacy,704,554,150,0,0,
20100709.csv,legacy,704,559,145,0,0,
20100712.csv,legacy,706,560,146,0,0,
20100713.csv,legacy,706,562,144,0,0,
20100714.csv,legacy,706,560,146,0,0,
20100715.csv,legacy,706,568,138,0,0,
20100716.csv,legacy,706,570,136,0,0,
20100719.csv,legacy,706,574,132,0,0,
20100720.csv,legacy,706,564,142,0,0,
20100721.csv,legacy,706,569,137,0,0,
20100722.csv,legacy,706,554,152,0,0,
20100723.csv,legacy,706,560,146,0,0,
20100726.csv,legacy,706,559,147,0,0,
20100727.csv,legacy,706,549,157,0,0,
20100728.csv,legacy,706,558,148,0,0,
20100729.csv,legacy,706,557,149,0,0,
20100730.csv,legacy,694,550,144,0,0,
20100802.csv,legacy,694,565,129,0,0,
20100803.csv,legacy,694,561,133,0,0,
20100804.csv,legacy,694,554,140,0,0,
20100805.csv,legacy,722,575,147,0,0,
20100806.csv,legacy,722,578,144,0,0,
20100809.csv,legacy,722,577,145,0,0,
20100810.csv,legacy,722,588,134,0,0,
20100811.csv,legacy,722,571,151,0,0,
20100812.csv,legacy,722,584,138,0,0,
20100813.csv,legacy,722,580,142,0,0,
20100816.csv,legacy,722,579,143,0,0,
20100817.csv,legacy,722,581,141,0,0,
20100818.csv,legacy,722,575,147,0,0,
20100819.csv,legacy,722,569,153,0,0,
20100820.csv,legacy,722,577,145,0,0,
20100823.csv,legacy,722,574,148,0,0,
20100824.csv,legacy,722,575,147,0,0,
20100825.csv,legacy,722,575,147,0,0,
20100826.csv,legacy,722,567,155,0,0,
20100827.csv,legacy,712,578,134,0,0,
20100830.csv,legacy,714,553,161,0,0,
20100831.csv,legacy,714,525,189,0,0,
20100901.csv,legacy,714,570,144,0,0,
20100902.csv,legacy,714,569,145,0,0,
20100903.csv,legacy,714,575,139,0,0,
20100906.csv,legacy,714,568,146,0,0,
20100907.csv,legacy,742,592,150,0,0,
20100908.csv,legacy,742,597,145,0,0,
20100909.csv,legacy,742,573,169,0,0,
20100913.csv,legacy,742,578,164,0,0,
20100914.csv,legacy,798,628,170,0,0,
20100915.csv,legacy,798,627,171,0,0,
20100916.csv,legacy,826,645,181,0,0,
20100917.csv,legacy,826,648,178,0,0,
20100920.csv,legacy,826,649,177,0,0,
20100921.csv,legacy,854,677,177,0,0,
20100922.csv,legacy,882,690,192,0,0,
20100923.csv,legacy,882,690,192,0,0,
20100924.csv,legacy,882,697,185,0,0,
20100927.csv,legacy,882,688,194,0,0,
20100928.csv,legacy,882,681,201,0,0,
20100929.csv,legacy,882,686,196,0,0,
20100930.csv,legacy,882,661,221,0,0,
20101001.csv,legacy,856,692,164,0,0,
20101004.csv,legacy,884,720,164,0,0,
20101005.csv,legacy,912,754,158,0,0,
20101006.csv,legacy,912,737,175,0,0,
20101007.csv,legacy,912,744,168,0,0,
20101008.csv,legacy,912,745,167,0,0,
20101011.csv,legacy,912,752,160,0,0,
20101012.csv,legacy,912,751,161,0,0,
20101013.csv,legacy,912,749,163,0,0,
20101014.csv,legacy,912,742,170,0,0,
20101015.csv,legacy,912,751,161,0,0,
20101018.csv,legacy,912,753,159,0,0,
20101019.csv,legacy,912,759,153,0,0,
20101020.csv,legacy,912,755,157,0,0,
20101021.csv,legacy,912,747,165,0,0,
20101022.csv,legacy,912,749,163,0,0,
20101025.csv,legacy,912,756,156,0,0,
20101026.csv,legacy,912,744,168,0,0,
20101027.csv,legacy,912,742,170,0,0,
20101028.csv,legacy,912,728,184,0,0,
20101029.csv,legacy,894,747,147,0,0,
20101101.csv,legacy,898,739,159,0,0,
20101102.csv,legacy,900,750,150,0,0,
20101103.csv,legacy,900,748,152,0,0,
20101104.csv,legacy,902,754,148,0,0,
20101105.csv,legacy,930,812,118,0,0,
20101108.csv,legacy,930,777,153,0,0,
20101109.csv,legacy,930,773,157,0,0,
20101110.csv,legacy,930,778,152,0,0,
20101111.csv,legacy,930,779,151,0,0,
20101112.csv,legacy,930,770,160,0,0,
20101115.csv,legacy,930,765,165,0,0,
20101116.csv,legacy,930,755,175,0,0,
20101118.csv,legacy,930,752,178,0,0,
20101119.csv,legacy,930,745,185,0,0,
20101122.csv,legacy,930,755,175,0,0,
20101123.csv,legacy,930,745,185,0,0,
20101124.csv,legacy,930,754,176,0,0,
20101125.csv,legacy,930,754,176,0,0,
20101126.csv,legacy,914,761,153,0,0,
20101129.csv,legacy,914,775,139,0,0,
20101130.csv,legacy,914,753,161,0,0,
20101201.csv,legacy,916,758,158,0,0,
20101202.csv,legacy,918,762,156,0,0,
20101203.csv,legacy,920,772,148,0,0,
20101206.csv,legacy,920,762,158,0,0,
20101207.csv,legacy,920,774,146,0,0,
20101208.csv,legacy,920,760,160,0,0,
20101209.csv,legacy,920,763,157,0,0,
20101210.csv,legacy,920,762,158,0,0,
20101213.csv,legacy,920,757,163,0,0,
20101214.csv,legacy,920,773,147,0,0,
20101215.csv,legacy,920,759,161,0,0,
20101216.csv,legacy,920,770,150,0,0,
20101220.csv,legacy,920,770,150,0,0,
20101221.csv,legacy,920,753,167,0,0,
20101222.csv,legacy,920,749,171,0,0,
20101223.csv,legacy,920,761,159,0,0,
20101224.csv,legacy,920,752,168,0,0,
20101227.csv,legacy,920,744,176,0,0,
20101228.csv,legacy,920,743,177,0,0,
20101229.csv,legacy,920,732,188,0,0,
20101230.csv,legacy,922,729,193,0,0,
20101231.csv,legacy,1390,1229,161,0,0,
20110103.csv,legacy,1390,1246,144,0,0,
20110104.csv,legacy,1418,1275,143,0,0,
20110105.csv,legacy,1418,1272,146,0,0,
20110106.csv,legacy,1418,1274,144,0,0,
20110107.csv,legacy,1436,1288,148,0,0,
20110110.csv,legacy,1436,1267,169,0,0,
20110111.csv,legacy,1436,1276,160,0,0,
20110112.csv,legacy,1436,1278,158,0,0,
20110113.csv,legacy,1436,1280,156,0,0,
20110114.csv,legacy,1436,1260,176,0,0,
20110117.csv,legacy,1436,1253,183,0,0,
20110118.csv,legacy,1436,1263,173,0,0,
20110119.csv,legacy,1436,1275,161,0,0,
20110120.csv,legacy,1436,1260,176,0,0,
20110121.csv,legacy,1436,1279,157,0,0,
20110124.csv,legacy,1436,1264,172,0,0,
20110125.csv,legacy,1436,1245,191,0,0,
20110127.csv,legacy,1436,1239,197,0,0,
20110128.csv,legacy,1416,1246,170,0,0,
20110131.csv,legacy,1420,1231,189,0,0,
20110201.csv,legacy,1420,1246,174,0,0,
20110202.csv,legacy,1424,1245,179,0,0,
20110203.csv,legacy,1424,1243,181,0,0,
20110204.csv,legacy,1424,1228,196,0,0,
20110207.csv,legacy,1424,1248,176,0,0,
20110208.csv,legacy,1424,1245,179,0,0,
20110209.csv,legacy,1444,1257,187,0,0,
20110210.csv,legacy,1444,1262,182,0,0,
20110211.csv,legacy,1464,1269,195,0,0,
20110214.csv,legacy,1464,1269,195,0,0,
20110215.csv,legacy,1464,1278,186,0,0,
20110216.csv,legacy,1464,1267,197,0,0,
20110217.csv,legacy,1464,1267,197,0,0,
20110218.csv,legacy,1464,1259,205,0,0,
20110221.csv,legacy,1464,1272,192,0,0,
20110222.csv,legacy,1464,1264,200,0,0,
20110223.csv,legacy,1464,1261,203,0,0,
20110224.csv,legacy,1464,1244,220,0,0,
20110225.csv,legacy,1436,1272,164,0,0,
20110228.csv,legacy,1436,1248,188,0,0,
20110301.csv,legacy,1436,1249,187,0,0,
20110303.csv,legacy,1440,1270,170,0,0,
20110304.csv,legacy,1440,1241,199,0,0,
20110307.csv,legacy,1440,1248,192,0,0,
20110308.csv,legacy,1440,1252,188,0,0,
20110309.csv,legacy,1440,1257,183,0,0,
20110310.csv,legacy,1440,1264,176,0,0,
20110311.csv,legacy,1440,1261,179,0,0,
20110314.csv,legacy,1440,1253,187,0,0,
20110315.csv,legacy,1440,1260,180,0,0,
20110316.csv,legacy,1440,1269,171,0,0,
20110317.csv,legacy,1440,1224,216,0,0,
20110318.csv,legacy,1440,1255,185,0,0,
20110321.csv,legacy,1440,1245,195,0,0,
20110322.csv,legacy,1440,1239,201,0,0,
20110323.csv,legacy,1440,1242,198,0,0,
20110324.csv,legacy,1440,1255,185,0,0,
20110325.csv,legacy,1440,1236,204,0,0,
20110328.csv,legacy,1446,1242,204,0,0,
20110329.csv,legacy,1446,1240,206,0,0,
20110330.csv,legacy,1446,1234,212,0,0,
20110331.csv,legacy,1450,1213,237,0,0,
20110401.csv,legacy,1446,1295,151,0,0,
20110404.csv,legacy,1446,1281,165,0,0,
20110405.csv,legacy,1452,1295,157,0,0,
20110406.csv,legacy,1452,1288,164,0,0,
20110407.csv,legacy,1452,1292,160,0,0,
20110408.csv,legacy,1452,1294,158,0,0,
20110411.csv,legacy,1452,1300,152,0,0,
20110413.csv,legacy,1452,1294,158,0,0,
20110415.csv,legacy,1452,1297,155,0,0,
20110418.csv,legacy,1452,1284,168,0,0,
20110419.csv,legacy,1454,1286,168,0,0,
20110420.csv,legacy,1454,1279,175,0,0,
20110421.csv,legacy,1454,1285,169,0,0,
20110425.csv,legacy,1454,1275,179,0,0,
20110426.csv,legacy,1454,1277,177,0,0,
20110427.csv,legacy,1454,1277,177,0,0,
20110428.csv,legacy,1454,1259,195,0,0,
20110429.csv,legacy,1440,1245,195,0,0,
20110502.csv,legacy,1442,1288,154,0,0,
20110503.csv,legacy,1442,1275,167,0,0,
20110504.csv,legacy,1446,1278,168,0,0,
20110505.csv,legacy,1450,1273,177,0,0,
20110506.csv,legacy,1450,1291,159,0,0,
20110509.csv,legacy,1450,1304,146,0,0,
20110510.csv,legacy,1450,1297,153,0,0,
20110511.csv,legacy,1450,1311,139,0,0,
20110512.csv,legacy,1450,1290,160,0,0,
20110513.csv,legacy,1450,1280,170,0,0,
20110516.csv,legacy,1450,1267,183,0,0,
20110517.csv,legacy,1450,1264,186,0,0,
20110518.csv,legacy,1454,1285,169,0,0,
20110519.csv,legacy,1454,1289,165,0,0,
20110520.csv,legacy,1454,1273,181,0,0,
20110523.csv,legacy,1454,1268,186,0,0,
20110524.csv,legacy,1454,1266,188,0,0,
20110525.csv,legacy,1454,1270,184,0,0,
20110526.csv,legacy,1458,1265,193,0,0,
20110527.csv,legacy,1446,1295,151,0,0,
20110530.csv,legacy,1448,1299,149,0,0,
20110531.csv,legacy,1448,1268,180,0,0,
20110601.csv,legacy,1450,1290,160,0,0,
20110602.csv,legacy,1450,1296,154,0,0,
20110603.csv,legacy,1450,1286,164,0,0,
20110606.csv,legacy,1450,1289,161,0,0,
20110607.csv,legacy,1450,1290,160,0,0,
20110608.csv,legacy,1450,1298,152,0,0,
20110609.csv,legacy,1450,1291,159,0,0,
20110610.csv,legacy,1450,1289,161,0,0,
20110613.csv,legacy,1450,1290,160,0,0,
20110614.csv,legacy,1450,1290,160,0,0,
20110615.csv,legacy,1450,1284,166,0,0,
20110616.csv,legacy,1450,1262,188,0,0,
20110617.csv,legacy,1450,1274,176,0,0,
20110620.csv,legacy,1450,1274,176,0,0,
20110621.csv,legacy,1452,1263,189,0,0,
20110622.csv,legacy,1452,1268,184,0,0,
20110623.csv,legacy,1452,1259,193,0,0,
20110624.csv,legacy,1452,1245,207,0,0,
20110627.csv,legacy,1452,1231,221,0,0,
20110628.csv,legacy,1452,1236,216,0,0,
20110629.csv,legacy,1452,1220,232,0,0,
20110630.csv,legacy,1452,1200,252,0,0,
20110701.csv,legacy,1392,1230,162,0,0,
20110704.csv,legacy,1392,1237,155,0,0,
20110705.csv,legacy,1396,1245,151,0,0,
20110706.csv,legacy,1396,1243,153,0,0,
20110707.csv,legacy,1396,1230,166,0,0,
20110708.csv,legacy,1396,1242,154,0,0,
20110711.csv,legacy,1396,1234,162,0,0,
20110712.csv,legacy,1396,1232,164,0,0,
20110713.csv,legacy,1398,1241,157,0,0,
20110714.csv,legacy,1398,1236,162,0,0,
20110715.csv,legacy,1398,1235,163,0,0,
20110718.csv,legacy,1398,1248,150,0,0,
20110719.csv,legacy,1398,1229,169,0,0,
20110720.csv,legacy,1398,1219,179,0,0,
20110721.csv,legacy,1398,1231,167,0,0,
20110722.csv,legacy,1398,1227,171,0,0,
20110725.csv,legacy,1398,1223,175,0,0,
20110726.csv,legacy,1398,1209,189,0,0,
20110727.csv,legacy,1398,1203,195,0,0,
20110728.csv,legacy,1398,1200,198,0,0,
20110729.csv,legacy,1388,1215,173,0,0,
20110801.csv,legacy,1388,1224,164,0,0,
20110802.csv,legacy,1388,1225,163,0,0,
20110803.csv,legacy,1388,1222,166,0,0,
20110804.csv,legacy,1392,1226,166,0,0,
20110805.csv,legacy,1396,1217,179,0,0,
20110808.csv,legacy,1404,1219,185,0,0,
20110809.csv,legacy,1426,1226,200,0,0,
20110810.csv,legacy,1426,1237,189,0,0,
20110811.csv,legacy,1426,1236,190,0,0,
20110812.csv,legacy,1426,1235,191,0,0,
20110816.csv,legacy,1426,1231,195,0,0,
20110817.csv,legacy,1448,1253,195,0,0,
20110818.csv,legacy,1448,1245,203,0,0,
20110819.csv,legacy,1470,1243,227,0,0,
20110822.csv,legacy,1492,1262,230,0,0,
20110823.csv,legacy,1492,1274,218,0,0,
20110824.csv,legacy,1492,1253,239,0,0,
20110825.csv,legacy,1492,1261,231,0,0,
20110826.csv,legacy,1474,1277,197,0,0,
20110829.csv,legacy,1496,1290,206,0,0,
20110830.csv,legacy,1498,1262,236,0,0,
20110902.csv,legacy,1500,1303,197,0,0,
20110905.csv,legacy,1500,1309,191,0,0,
20110906.csv,legacy,1500,1290,210,0,0,
20110907.csv,legacy,1502,1297,205,0,0,
20110908.csv,legacy,1502,1301,201,0,0,
20110909.csv,legacy,1504,1275,229,0,0,
20110912.csv,legacy,1504,1289,215,0,0,
20110913.csv,legacy,1504,1288,216,0,0,
20110914.csv,legacy,1504,1307,197,0,0,
20110915.csv,legacy,1504,1294,210,0,0,
20110916.csv,legacy,1504,1289,215,0,0,
20110919.csv,legacy,1504,1303,201,0,0,
20110920.csv,legacy,1504,1286,218,0,0,
20110921.csv,legacy,1504,1288,216,0,0,
20110922.csv,legacy,1504,1284,220,0,0,
20110923.csv,legacy,1504,1288,216,0,0,
20110926.csv,legacy,1504,1271,233,0,0,
20110927.csv,legacy,1504,1264,240,0,0,
20110928.csv,legacy,1504,1272,232,0,0,
20110929.csv,legacy,1504,1259,245,0,0,
20110930.csv,legacy,1472,1291,181,0,0,
20111003.csv,legacy,1474,1306,168,0,0,
20111004.csv,legacy,1476,1306,170,0,0,
20111005.csv,legacy,1476,1299,177,0,0,
20111007.csv,legacy,1476,1301,175,0,0,
20111010.csv,legacy,1476,1297,179,0,0,
20111011.csv,legacy,1476,1288,188,0,0,
20111012.csv,legacy,1476,1294,182,0,0,
20111013.csv,legacy,1478,1288,190,0,0,
20111014.csv,legacy,1478,1291,187,0,0,
20111017.csv,legacy,1478,1300,178,0,0,
20111018.csv,legacy,1478,1290,188,0,0,
20111019.csv,legacy,1478,1279,199,0,0,
20111020.csv,legacy,1478,1278,200,0,0,
20111021.csv,legacy,1478,1283,195,0,0,
20111024.csv,legacy,1478,1278,200,0,0,
20111025.csv,legacy,1478,1274,204,0,0,
20111026.csv,legacy,1464,1327,137,0,0,
20111028.csv,legacy,1464,1285,179,0,0,
20111031.csv,legacy,1476,1290,186,0,0,
20111101.csv,legacy,1476,1309,167,0,0,
20111102.csv,legacy,1476,1312,164,0,0,
20111103.csv,legacy,1476,1307,169,0,0,
20111104.csv,legacy,1476,1311,165,0,0,
20111108.csv,legacy,1476,1306,170,0,0,
20111109.csv,legacy,1476,1311,165,0,0,
20111111.csv,legacy,1476,1302,174,0,0,
20111114.csv,legacy,1476,1306,170,0,0,
20111115.csv,legacy,1478,1291,187,0,0,
20111116.csv,legacy,1478,1292,186,0,0,
20111117.csv,legacy,1480,1288,192,0,0,
20111118.csv,legacy,1482,1281,201,0,0,
20111121.csv,legacy,1482,1278,204,0,0,
20111122.csv,legacy,1484,1278,206,0,0,
20111123.csv,legacy,1484,1265,219,0,0,
20111124.csv,legacy,1488,1261,227,0,0,
20111125.csv,legacy,1474,1291,183,0,0,
20111128.csv,legacy,1476,1289,187,0,0,
20111129.csv,legacy,1478,1287,191,0,0,
20111130.csv,legacy,1478,1274,204,0,0,
20111201.csv,legacy,1478,1276,202,0,0,
20111202.csv,legacy,1478,1267,211,0,0,
20111205.csv,legacy,1482,1298,184,0,0,
20111207.csv,legacy,1482,1287,195,0,0,
20111208.csv,legacy,1482,1274,208,0,0,
20111209.csv,legacy,1482,1278,204,0,0,
20111212.csv,legacy,1482,1284,198,0,0,
20111213.csv,legacy,1482,1272,210,0,0,
20111214.csv,legacy,1482,1290,192,0,0,
20111215.csv,legacy,1482,1274,208,0,0,
20111216.csv,legacy,1482,1268,214,0,0,
20111219.csv,legacy,1482,1269,213,0,0,
20111220.csv,legacy,1506,1297,209,0,0,
20111221.csv,legacy,1530,1309,221,0,0,
20111222.csv,legacy,1530,1301,229,0,0,
20111223.csv,legacy,1530,1303,227,0,0,
20111226.csv,legacy,1530,1303,227,0,0,
20111227.csv,legacy,1530,1300,230,0,0,
20111228.csv,legacy,1530,1285,245,0,0,
20111229.csv,legacy,1530,1271,259,0,0,
20111230.csv,legacy,1470,1273,197,0,0,
20120102.csv,legacy,1470,1295,175,0,0,
20120103.csv,legacy,1470,1273,197,0,0,
20120104.csv,legacy,1474,1300,174,0,0,
20120105.csv,legacy,1474,1298,176,0,0,
20120106.csv,legacy,1474,1287,187,0,0,
20120109.csv,legacy,1474,1297,177,0,0,
20120110.csv,legacy,1474,1286,188,0,0,
20120111.csv,legacy,1474,1286,188,0,0,
20120112.csv,legacy,1476,1302,174,0,0,
20120113.csv,legacy,1476,1295,181,0,0,
20120116.csv,legacy,1476,1298,178,0,0,
20120117.csv,legacy,1476,1286,190,0,0,
20120118.csv,legacy,1478,1284,194,0,0,
20120119.csv,legacy,1478,1287,191,0,0,
20120120.csv,legacy,1478,1282,196,0,0,
20120123.csv,legacy,1478,1280,198,0,0,
20120124.csv,legacy,1478,1250,228,0,0,
20120125.csv,legacy,1480,1253,227,0,0,
20120127.csv,legacy,1466,1303,163,0,0,
20120130.csv,legacy,1466,1291,175,0,0,
20120131.csv,legacy,1468,1281,187,0,0,
20120201.csv,legacy,1468,1291,177,0,0,
20120202.csv,legacy,1468,1291,177,0,0,
20120203.csv,legacy,1474,1289,185,0,0,
20120206.csv,legacy,1474,1283,191,0,0,
20120207.csv,legacy,1480,1298,182,0,0,
20120208.csv,legacy,1480,1298,182,0,0,
20120209.csv,legacy,1480,1292,188,0,0,
20120210.csv,legacy,1480,1309,171,0,0,
20120213.csv,legacy,1480,1306,174,0,0,
20120214.csv,legacy,1480,1297,183,0,0,
20120215.csv,legacy,1480,1282,198,0,0,
20120216.csv,legacy,1488,1294,194,0,0,
20120217.csv,legacy,1488,1283,205,0,0,
20120221.csv,legacy,1496,1286,210,0,0,
20120222.csv,legacy,1496,1276,220,0,0,
20120223.csv,legacy,1496,1273,223,0,0,
20120224.csv,legacy,1474,1293,181,0,0,
20120227.csv,legacy,1476,1282,194,0,0,
20120228.csv,legacy,1478,1289,189,0,0,
20120229.csv,legacy,1478,1273,205,0,0,
20120301.csv,legacy,1478,1282,196,0,0,
20120302.csv,legacy,1478,1290,188,0,0,
20120305.csv,legacy,1478,1284,194,0,0,
20120306.csv,legacy,1478,1270,208,0,0,
20120307.csv,legacy,1480,1272,208,0,0,
20120309.csv,legacy,1480,1278,202,0,0,
20120312.csv,legacy,1480,1289,191,0,0,
20120313.csv,legacy,1480,1271,209,0,0,
20120314.csv,legacy,1480,1259,221,0,0,
20120315.csv,legacy,1480,1273,207,0,0,
20120316.csv,legacy,1480,1275,205,0,0,
20120319.csv,legacy,1480,1266,214,0,0,
20120320.csv,legacy,1480,1260,220,0,0,
20120321.csv,legacy,1480,1260,220,0,0,
20120322.csv,legacy,1480,1262,218,0,0,
20120323.csv,legacy,1480,1248,232,0,0,
20120326.csv,legacy,1480,1255,225,0,0,
20120327.csv,legacy,1480,1264,216,0,0,
20120328.csv,legacy,1480,1247,233,0,0,
20120329.csv,legacy,1480,1240,240,0,0,
20120330.csv,legacy,1452,1277,175,0,0,
20120402.csv,legacy,1454,1290,164,0,0,
20120403.csv,legacy,1454,1284,170,0,0,
20120404.csv,legacy,1456,1285,171,0,0,
20120409.csv,legacy,1456,1278,178,0,0,
20120410.csv,legacy,1456,1277,179,0,0,
20120411.csv,legacy,1456,1273,183,0,0,
20120412.csv,legacy,1456,1283,173,0,0,
20120413.csv,legacy,1456,1271,185,0,0,
20120416.csv,legacy,1456,1286,170,0,0,
20120417.csv,legacy,1456,1276,180,0,0,
20120418.csv,legacy,1456,1275,181,0,0,
20120419.csv,legacy,1456,1272,184,0,0,
20120420.csv,legacy,1456,1266,190,0,0,
20120423.csv,legacy,1456,1273,183,0,0,
20120424.csv,legacy,1456,1267,189,0,0,
20120425.csv,legacy,1456,1270,186,0,0,
20120426.csv,legacy,1456,1264,192,0,0,
20120427.csv,legacy,1446,1296,150,0,0,
20120430.csv,legacy,1446,1291,155,0,0,
20120502.csv,legacy,1446,1279,167,0,0,
20120503.csv,legacy,1446,1285,161,0,0,
20120504.csv,legacy,1446,1282,164,0,0,
20120507.csv,legacy,1452,1283,169,0,0,
20120508.csv,legacy,1452,1281,171,0,0,
20120509.csv,legacy,1458,1292,166,0,0,
20120510.csv,legacy,1458,1305,153,0,0,
20120511.csv,legacy,1458,1303,155,0,0,
20120515.csv,legacy,1464,1309,155,0,0,
20120516.csv,legacy,1464,1300,164,0,0,
20120517.csv,legacy,1464,1307,157,0,0,
20120518.csv,legacy,1464,1291,173,0,0,
20120521.csv,legacy,1464,1295,169,0,0,
20120522.csv,legacy,1464,1291,173,0,0,
20120523.csv,legacy,1464,1272,192,0,0,
20120524.csv,legacy,1470,1285,185,0,0,
20120525.csv,legacy,1470,1292,178,0,0,
20120528.csv,legacy,1470,1281,189,0,0,
20120529.csv,legacy,1470,1282,188,0,0,
20120530.csv,legacy,1470,1268,202,0,0,
20120531.csv,legacy,1470,1246,224,0,0,
20120601.csv,legacy,1456,1286,170,0,0,
20120604.csv,legacy,1458,1270,188,0,0,
20120605.csv,legacy,1458,1280,178,0,0,
20120606.csv,legacy,1458,1268,190,0,0,
20120607.csv,legacy,1460,1268,192,0,0,
20120608.csv,legacy,1460,1273,187,0,0,
20120611.csv,legacy,1462,1262,200,0,0,
20120612.csv,legacy,1462,1266,196,0,0,
20120613.csv,legacy,1462,1286,176,0,0,
20120614.csv,legacy,1462,1269,193,0,0,
20120615.csv,legacy,1462,1271,191,0,0,
20120618.csv,legacy,1462,1259,203,0,0,
20120619.csv,legacy,1462,1271,191,0,0,
20120620.csv,legacy,1462,1271,191,0,0,
20120621.csv,legacy,1462,1255,207,0,0,
20120622.csv,legacy,1464,1271,193,0,0,
20120625.csv,legacy,1464,1255,209,0,0,
20120626.csv,legacy,1464,1252,212,0,0,
20120627.csv,legacy,1464,1251,213,0,0,
20120628.csv,legacy,1464,1246,218,0,0,
20120629.csv,legacy,1404,1233,171,0,0,
20120702.csv,legacy,1412,1257,155,0,0,
20120703.csv,legacy,1412,1248,164,0,0,
20120704.csv,legacy,1412,1242,170,0,0,
20120705.csv,legacy,1412,1239,173,0,0,
20120706.csv,legacy,1412,1249,163,0,0,
20120709.csv,legacy,1412,1251,161,0,0,
20120710.csv,legacy,1412,1241,171,0,0,
20120711.csv,legacy,1412,1246,166,0,0,
20120712.csv,legacy,1412,1242,170,0,0,
20120713.csv,legacy,1412,1249,163,0,0,
20120716.csv,legacy,1412,1236,176,0,0,
20120717.csv,legacy,1412,1241,171,0,0,
20120718.csv,legacy,1412,1238,174,0,0,
20120719.csv,legacy,1412,1230,182,0,0,
20120720.csv,legacy,1412,1229,183,0,0,
20120723.csv,legacy,1412,1215,197,0,0,
20120724.csv,legacy,1412,1224,188,0,0,
20120725.csv,legacy,1412,1219,193,0,0,
20120726.csv,legacy,1412,1209,203,0,0,
20120727.csv,legacy,1404,1241,163,0,0,
20120730.csv,legacy,1406,1246,160,0,0,
20120731.csv,legacy,1408,1233,175,0,0,
20120801.csv,legacy,1408,1244,164,0,0,
20120802.csv,legacy,1408,1261,147,0,0,
20120803.csv,legacy,1408,1253,155,0,0,
20120806.csv,legacy,1408,1246,162,0,0,
20120807.csv,legacy,1410,1245,165,0,0,
20120808.csv,legacy,1410,1240,170,0,0,
20120809.csv,legacy,1410,1241,169,0,0,
20120810.csv,legacy,1410,1260,150,0,0,
20120813.csv,legacy,1410,1248,162,0,0,
20120814.csv,legacy,1410,1225,185,0,0,
20120816.csv,legacy,1416,1242,174,0,0,
20120817.csv,legacy,1416,1238,178,0,0,
20120821.csv,legacy,1416,1221,195,0,0,
20120822.csv,legacy,1416,1227,189,0,0,
20120823.csv,legacy,1416,1221,195,0,0,
20120824.csv,legacy,1416,1218,198,0,0,
20120827.csv,legacy,1416,1220,196,0,0,
20120828.csv,legacy,1416,1219,197,0,0,
20120829.csv,legacy,1416,1220,196,0,0,
20120830.csv,legacy,1416,1204,212,0,0,
20120831.csv,legacy,1404,1207,197,0,0,
20120903.csv,legacy,1404,1227,177,0,0,
20120904.csv,legacy,1404,1215,189,0,0,
20120905.csv,legacy,1404,1219,185,0,0,
20120906.csv,legacy,1406,1217,189,0,0,
20120907.csv,legacy,1406,1214,192,0,0,
20120910.csv,legacy,1408,1231,177,0,0,
20120911.csv,legacy,1408,1219,189,0,0,
20120912.csv,legacy,1408,1211,197,0,0,
20120913.csv,legacy,1408,1225,183,0,0,
20120914.csv,legacy,1408,1203,205,0,0,
20120917.csv,legacy,1424,1211,213,0,0,
20120918.csv,legacy,1424,1231,193,0,0,
20120920.csv,legacy,1424,1232,192,0,0,
20120921.csv,legacy,1424,1206,218,0,0,
20120924.csv,legacy,1434,1228,206,0,0,
20120925.csv,legacy,1434,1221,213,0,0,
20120926.csv,legacy,1434,1211,223,0,0,
20120927.csv,legacy,1434,1207,227,0,0,
20120928.csv,legacy,1412,1209,203,0,0,
20121001.csv,legacy,1414,1238,176,0,0,
20121003.csv,legacy,1414,1239,175,0,0,
20121004.csv,legacy,1414,1226,188,0,0,
20121005.csv,legacy,1428,1251,177,0,0,
20121008.csv,legacy,1428,1251,177,0,0,
20121009.csv,legacy,1428,1251,177,0,0,
20121010.csv,legacy,1428,1246,182,0,0,
20121011.csv,legacy,1428,1244,184,0,0,
20121012.csv,legacy,1428,1237,191,0,0,
20121015.csv,legacy,1428,1261,167,0,0,
20121016.csv,legacy,1428,1247,181,0,0,
20121017.csv,legacy,1428,1243,185,0,0,
20121018.csv,legacy,1428,1237,191,0,0,
20121019.csv,legacy,1428,1237,191,0,0,
20121022.csv,legacy,1428,1230,198,0,0,
20121023.csv,legacy,1428,1229,199,0,0,
20121025.csv,legacy,1428,1236,192,0,0,
20121026.csv,legacy,1412,1250,162,0,0,
20121029.csv,legacy,1412,1258,154,0,0,
20121030.csv,legacy,1412,1242,170,0,0,
20121031.csv,legacy,1414,1242,172,0,0,
20121101.csv,legacy,1414,1264,150,0,0,
20121102.csv,legacy,1414,1250,164,0,0,
20121105.csv,legacy,1414,1258,156,0,0,
20121106.csv,legacy,1414,1247,167,0,0,
20121107.csv,legacy,1414,1236,178,0,0,
20121108.csv,legacy,1416,1259,157,0,0,
20121109.csv,legacy,1416,1250,166,0,0,
20121112.csv,legacy,1416,1251,165,0,0,
20121113.csv,legacy,1416,1277,139,0,0,
20121115.csv,legacy,1416,1247,169,0,0,
20121116.csv,legacy,1416,1243,173,0,0,
20121119.csv,legacy,1416,1250,166,0,0,
20121120.csv,legacy,1416,1239,177,0,0,
20121121.csv,legacy,1416,1248,168,0,0,
20121122.csv,legacy,1416,1238,178,0,0,
20121123.csv,legacy,1416,1240,176,0,0,
20121126.csv,legacy,1416,1240,176,0,0,
20121127.csv,legacy,1416,1217,199,0,0,
20121129.csv,legacy,1416,1207,209,0,0,
20121130.csv,legacy,1404,1216,188,0,0,
20121203.csv,legacy,1418,1255,163,0,0,
20121204.csv,legacy,1418,1255,163,0,0,
20121205.csv,legacy,1418,1243,175,0,0,
20121206.csv,legacy,1418,1241,177,0,0,
20121207.csv,legacy,1418,1239,179,0,0,
20121210.csv,legacy,1418,1240,178,0,0,
20121211.csv,legacy,1418,1230,188,0,0,
20121212.csv,legacy,1418,1239,179,0,0,
20121213.csv,legacy,1418,1240,178,0,0,
20121214.csv,legacy,1418,1248,170,0,0,
20121217.csv,legacy,1418,1241,177,0,0,
20121218.csv,legacy,1418,1225,193,0,0,
20121219.csv,legacy,1418,1229,189,0,0,
20121220.csv,legacy,1418,1232,186,0,0,
20121221.csv,legacy,1418,1226,192,0,0,
20121224.csv,legacy,1418,1237,181,0,0,
20121226.csv,legacy,1418,1203,215,0,0,
20121227.csv,legacy,1418,1191,227,0,0,
20121228.csv,legacy,1372,1214,158,0,0,
20121231.csv,legacy,1372,1206,166,0,0,
20130101.csv,legacy,1372,1223,149,0,0,
20130102.csv,legacy,1386,1232,154,0,0,
20130103.csv,legacy,1386,1229,157,0,0,
20130104.csv,legacy,1480,1328,152,0,0,
20130107.csv,legacy,1480,1333,147,0,0,
20130108.csv,legacy,1480,1320,160,0,0,
20130109.csv,legacy,1480,1321,159,0,0,
20130110.csv,legacy,1480,1314,166,0,0,
20130111.csv,legacy,1480,1312,168,0,0,
20130114.csv,legacy,1480,1311,169,0,0,
20130115.csv,legacy,1480,1312,168,0,0,
20130116.csv,legacy,1494,1315,179,0,0,
20130117.csv,legacy,1494,1325,169,0,0,
20130118.csv,legacy,1494,1317,177,0,0,
20130121.csv,legacy,1494,1321,173,0,0,
20130122.csv,legacy,1494,1325,169,0,0,
20130123.csv,legacy,1494,1326,168,0,0,
20130124.csv,legacy,1494,1318,176,0,0,
20130125.csv,legacy,1494,1327,167,0,0,
20130128.csv,legacy,1494,1319,175,0,0,
20130129.csv,legacy,1494,1310,184,0,0,
20130130.csv,legacy,1494,1311,183,0,0,
20130131.csv,legacy,1494,1280,214,0,0,
20130201.csv,legacy,1492,1334,158,0,0,
20130204.csv,legacy,1492,1335,157,0,0,
20130205.csv,legacy,1492,1329,163,0,0,
20130206.csv,legacy,1492,1333,159,0,0,
20130207.csv,legacy,1492,1333,159,0,0,
20130208.csv,legacy,1492,1322,170,0,0,
20130211.csv,legacy,1492,1323,169,0,0,
20130212.csv,legacy,1492,1325,167,0,0,
20130213.csv,legacy,1492,1332,160,0,0,
20130214.csv,legacy,1492,1340,152,0,0,
20130215.csv,legacy,1492,1326,166,0,0,
20130218.csv,legacy,1492,1337,155,0,0,
20130219.csv,legacy,1492,1321,171,0,0,
20130220.csv,legacy,1492,1318,174,0,0,
20130221.csv,legacy,1492,1321,171,0,0,
20130222.csv,legacy,1492,1317,175,0,0,
20130225.csv,legacy,1492,1324,168,0,0,
20130226.csv,legacy,1492,1304,188,0,0,
20130227.csv,legacy,1492,1302,190,0,0,
20130228.csv,legacy,1492,1276,216,0,0,
20130301.csv,legacy,1474,1312,162,0,0,
20130304.csv,legacy,1474,1309,165,0,0,
20130305.csv,legacy,1474,1310,164,0,0,
20130306.csv,legacy,1476,1323,153,0,0,
20130307.csv,legacy,1476,1311,165,0,0,
20130308.csv,legacy,1478,1299,179,0,0,
20130311.csv,legacy,1478,1310,168,0,0,
20130312.csv,legacy,1478,1310,168,0,0,
20130313.csv,legacy,1478,1320,158,0,0,
20130314.csv,legacy,1478,1306,172,0,0,
20130315.csv,legacy,1478,1307,171,0,0,
20130318.csv,legacy,1478,1311,167,0,0,
20130319.csv,legacy,1478,1297,181,0,0,
20130320.csv,legacy,1478,1295,183,0,0,
20130321.csv,legacy,1478,1293,185,0,0,
20130322.csv,legacy,1478,1286,192,0,0,
20130325.csv,legacy,1478,1290,188,0,0,
20130326.csv,legacy,1480,1292,188,0,0,
20130328.csv,legacy,1480,1264,216,0,0,
20130401.csv,legacy,1458,1322,136,0,0,
20130402.csv,legacy,1458,1316,142,0,0,
20130403.csv,legacy,1458,1309,149,0,0,
20130404.csv,legacy,1458,1302,156,0,0,
20130405.csv,legacy,1460,1310,150,0,0,
20130408.csv,legacy,1460,1308,152,0,0,
20130409.csv,legacy,1466,1309,157,0,0,
20130410.csv,legacy,1466,1302,164,0,0,
20130411.csv,legacy,1466,1316,150,0,0,
20130412.csv,legacy,1466,1320,146,0,0,
20130415.csv,legacy,1466,1312,154,0,0,
20130416.csv,legacy,1466,1316,150,0,0,
20130417.csv,legacy,1466,1313,153,0,0,
20130418.csv,legacy,1466,1301,165,0,0,
20130422.csv,legacy,1468,1308,160,0,0,
20130423.csv,legacy,1468,1303,165,0,0,
20130425.csv,legacy,1468,1292,176,0,0,
20130426.csv,legacy,1452,1318,134,0,0,
20130429.csv,legacy,1452,1305,147,0,0,
20130430.csv,legacy,1452,1285,167,0,0,
20130502.csv,legacy,1452,1296,156,0,0,
20130503.csv,legacy,1458,1307,151,0,0,
20130506.csv,legacy,1458,1317,141,0,0,
20130507.csv,legacy,1458,1292,166,0,0,
20130508.csv,legacy,1494,1328,166,0,0,
20130509.csv,legacy,1500,1351,149,0,0,
20130510.csv,legacy,1500,1341,159,0,0,
20130513.csv,legacy,1500,1336,164,0,0,
20130514.csv,legacy,1500,1344,156,0,0,
20130515.csv,legacy,1500,1318,182,0,0,
20130516.csv,legacy,1500,1325,175,0,0,
20130517.csv,legacy,1516,1356,160,0,0,
20130520.csv,legacy,1516,1353,163,0,0,
20130521.csv,legacy,1516,1341,175,0,0,
20130522.csv,legacy,1516,1338,178,0,0,
20130523.csv,legacy,1516,1331,185,0,0,
20130524.csv,legacy,1516,1347,169,0,0,
20130527.csv,legacy,1516,1336,180,0,0,
20130528.csv,legacy,1516,1337,179,0,0,
20130529.csv,legacy,1516,1336,180,0,0,
20130530.csv,legacy,1516,1329,187,0,0,
20130531.csv,legacy,1510,1335,175,0,0,
20130603.csv,legacy,1510,1346,164,0,0,
20130604.csv,legacy,1510,1352,158,0,0,
20130605.csv,legacy,1510,1348,162,0,0,
20130606.csv,legacy,1510,1347,163,0,0,
20130607.csv,legacy,1510,1333,177,0,0,
20130610.csv,legacy,1510,1355,155,0,0,
20130611.csv,legacy,1510,1332,178,0,0,
20130612.csv,legacy,1510,1339,171,0,0,
20130613.csv,legacy,1510,1331,179,0,0,
20130614.csv,legacy,1510,1337,173,0,0,
20130617.csv,legacy,1510,1347,163,0,0,
20130618.csv,legacy,1510,1341,169,0,0,
20130619.csv,legacy,1510,1343,167,0,0,
20130620.csv,legacy,1510,1322,188,0,0,
20130621.csv,legacy,1510,1327,183,0,0,
20130624.csv,legacy,1510,1315,195,0,0,
20130625.csv,legacy,1512,1313,199,0,0,
20130626.csv,legacy,1512,1320,192,0,0,
20130627.csv,legacy,1512,1305,207,0,0,
20130628.csv,legacy,1466,1300,166,0,0,
20130701.csv,legacy,1468,1326,142,0,0,
20130702.csv,legacy,1470,1324,146,0,0,
20130703.csv,legacy,1470,1312,158,0,0,
20130704.csv,legacy,1470,1303,167,0,0,
20130705.csv,legacy,1470,1319,151,0,0,
20130708.csv,legacy,1470,1316,154,0,0,
20130709.csv,legacy,1470,1329,141,0,0,
20130710.csv,legacy,1470,1317,153,0,0,
20130711.csv,legacy,1470,1312,158,0,0,
20130712.csv,legacy,1470,1318,152,0,0,
20130715.csv,legacy,1490,1326,164,0,0,
20130716.csv,legacy,1490,1326,164,0,0,
20130717.csv,legacy,1490,1332,158,0,0,
20130718.csv,legacy,1490,1314,176,0,0,
20130719.csv,legacy,1490,1318,172,0,0,
20130722.csv,legacy,1490,1312,178,0,0,
20130723.csv,legacy,1490,1312,178,0,0,
20130724.csv,legacy,1492,1311,181,0,0,
20130725.csv,legacy,1492,1299,193,0,0,
20130726.csv,legacy,1472,1316,156,0,0,
20130729.csv,legacy,1472,1317,155,0,0,
20130730.csv,legacy,1474,1307,167,0,0,
20130731.csv,legacy,1474,1301,173,0,0,
20130801.csv,legacy,1476,1295,181,0,0,
20130802.csv,legacy,1476,1299,177,0,0,
20130805.csv,legacy,1476,1308,168,0,0,
20130806.csv,legacy,1476,1284,192,0,0,
20130807.csv,legacy,1482,1306,176,0,0,
20130808.csv,legacy,1482,1317,165,0,0,
20130812.csv,legacy,1482,1310,172,0,0,
20130813.csv,legacy,1482,1312,170,0,0,
20130814.csv,legacy,1482,1319,163,0,0,
20130816.csv,legacy,1482,1305,177,0,0,
20130819.csv,legacy,1482,1294,188,0,0,
20130820.csv,legacy,1486,1294,192,0,0,
20130821.csv,legacy,1486,1290,196,0,0,
20130822.csv,legacy,1496,1313,183,0,0,
20130823.csv,legacy,1496,1308,188,0,0,
20130826.csv,legacy,1496,1305,191,0,0,
20130827.csv,legacy,1496,1295,201,0,0,
20130828.csv,legacy,1496,1279,217,0,0,
20130829.csv,legacy,1496,1293,203,0,0,
20130830.csv,legacy,1668,1452,216,0,0,
20130902.csv,legacy,1674,1481,193,0,0,
20130903.csv,legacy,1682,1478,204,0,0,
20130904.csv,legacy,1688,1484,204,0,0,
20130905.csv,legacy,1688,1481,207,0,0,
20130906.csv,legacy,1690,1474,216,0,0,
20130910.csv,legacy,1700,1472,228,0,0,
20130911.csv,legacy,1720,1483,237,0,0,
20130912.csv,legacy,1720,1490,230,0,0,
20130913.csv,legacy,1720,1497,223,0,0,
20130916.csv,legacy,1720,1479,241,0,0,
20130917.csv,legacy,1720,1497,223,0,0,
20130918.csv,legacy,1720,1469,251,0,0,
20130919.csv,legacy,1720,1449,271,0,0,
20130920.csv,legacy,1740,1475,265,0,0,
20130923.csv,legacy,1740,1476,264,0,0,
20130924.csv,legacy,1740,1491,249,0,0,
20130925.csv,legacy,1740,1472,268,0,0,
20130926.csv,legacy,1740,1479,261,0,0,
20130927.csv,legacy,1696,1500,196,0,0,
20130930.csv,legacy,1700,1483,217,0,0,
20131001.csv,legacy,1704,1525,179,0,0,
20131003.csv,legacy,1704,1506,198,0,0,
20131004.csv,legacy,1704,1516,188,0,0,
20131007.csv,legacy,1704,1516,188,0,0,
20131008.csv,legacy,1704,1505,199,0,0,
20131010.csv,legacy,1726,1533,193,0,0,
20131011.csv,legacy,1726,1518,208,0,0,
20131014.csv,legacy,1730,1537,193,0,0,
20131015.csv,legacy,1730,1538,192,0,0,
20131017.csv,legacy,1730,1531,199,0,0,
20131018.csv,legacy,1730,1510,220,0,0,
20131021.csv,legacy,1744,1533,211,0,0,
20131022.csv,legacy,1744,1528,216,0,0,
20131023.csv,legacy,1744,1522,222,0,0,
20131024.csv,legacy,1744,1514,230,0,0,
20131025.csv,legacy,1744,1522,222,0,0,
20131028.csv,legacy,1744,1523,221,0,0,
20131029.csv,legacy,1744,1496,248,0,0,
20131030.csv,legacy,1744,1500,244,0,0,
20131031.csv,legacy,1772,1503,269,0,0,
20131101.csv,legacy,1738,1555,183,0,0,
20131105.csv,legacy,1738,1543,195,0,0,
20131106.csv,legacy,1740,1547,193,0,0,
20131107.csv,legacy,1742,1537,205,0,0,
20131108.csv,legacy,1742,1523,219,0,0,
20131111.csv,legacy,1744,1533,211,0,0,
20131112.csv,legacy,1746,1528,218,0,0,
20131113.csv,legacy,1750,1535,215,0,0,
20131114.csv,legacy,1750,1544,206,0,0,
20131118.csv,legacy,1750,1533,217,0,0,
20131119.csv,legacy,1750,1527,223,0,0,
20131120.csv,legacy,1750,1523,227,0,0,
20131121.csv,legacy,1750,1516,234,0,0,
20131122.csv,legacy,1750,1504,246,0,0,
20131125.csv,legacy,1750,1492,258,0,0,
20131126.csv,legacy,1750,1512,238,0,0,
20131127.csv,legacy,1750,1509,241,0,0,
20131128.csv,legacy,1750,1505,245,0,0,
20131129.csv,legacy,1712,1485,227,0,0,
20131202.csv,legacy,1716,1509,207,0,0,
20131203.csv,legacy,1716,1500,216,0,0,
20131204.csv,legacy,1716,1492,224,0,0,
20131205.csv,legacy,1716,1485,231,0,0,
20131206.csv,legacy,1718,1508,210,0,0,
20131209.csv,legacy,1718,1469,249,0,0,
20131210.csv,legacy,1748,1506,242,0,0,
20131211.csv,legacy,1748,1520,228,0,0,
20131212.csv,legacy,1748,1525,223,0,0,
20131213.csv,legacy,1748,1504,244,0,0,
20131216.csv,legacy,1748,1515,233,0,0,
20131217.csv,legacy,1748,1522,226,0,0,
20131218.csv,legacy,1748,1493,255,0,0,
20131219.csv,legacy,1748,1500,248,0,0,
20131220.csv,legacy,1748,1480,268,0,0,
20131223.csv,legacy,1748,1487,261,0,0,
20131224.csv,legacy,1748,1484,264,0,0,
20131226.csv,legacy,1748,1470,278,0,0,
20131227.csv,legacy,1712,1523,189,0,0,
20131230.csv,legacy,1712,1506,206,0,0,
20131231.csv,legacy,1712,1491,221,0,0,
20140101.csv,legacy,1712,1527,185,0,0,
20140102.csv,legacy,1712,1491,221,0,0,
20140103.csv,legacy,1716,1510,206,0,0,
20140106.csv,legacy,1716,1512,204,0,0,
20140107.csv,legacy,1716,1501,215,0,0,
20140108.csv,legacy,1718,1505,213,0,0,
20140109.csv,legacy,1718,1512,206,0,0,
20140110.csv,legacy,1718,1498,220,0,0,
20140113.csv,legacy,1718,1496,222,0,0,
20140114.csv,legacy,1718,1505,213,0,0,
20140115.csv,legacy,1718,1511,207,0,0,
20140116.csv,legacy,1718,1512,206,0,0,
20140117.csv,legacy,1718,1508,210,0,0,
20140120.csv,legacy,1718,1508,210,0,0,
20140121.csv,legacy,1718,1512,206,0,0,
20140122.csv,legacy,1718,1505,213,0,0,
20140123.csv,legacy,1720,1495,225,0,0,
20140124.csv,legacy,1720,1497,223,0,0,
20140127.csv,legacy,1720,1480,240,0,0,
20140128.csv,legacy,1722,1480,242,0,0,
20140129.csv,legacy,1722,1475,247,0,0,
20140130.csv,legacy,1722,1456,266,0,0,
20140131.csv,legacy,1712,1486,226,0,0,
20140203.csv,legacy,1714,1495,219,0,0,
20140204.csv,legacy,1720,1497,223,0,0,
20140205.csv,legacy,1720,1502,218,0,0,
20140206.csv,legacy,1720,1490,230,0,0,
20140207.csv,legacy,1720,1492,228,0,0,
20140210.csv,legacy,1720,1506,214,0,0,
20140211.csv,legacy,1720,1508,212,0,0,
20140212.csv,legacy,1720,1508,212,0,0,
20140213.csv,legacy,1720,1503,217,0,0,
20140214.csv,legacy,1720,1511,209,0,0,
20140217.csv,legacy,1720,1491,229,0,0,
20140218.csv,legacy,1720,1485,235,0,0,
20140219.csv,legacy,1722,1495,227,0,0,
20140220.csv,legacy,1722,1494,228,0,0,
20140221.csv,legacy,1722,1496,226,0,0,
20140224.csv,legacy,1722,1486,236,0,0,
20140225.csv,legacy,1724,1468,256,0,0,
20140226.csv,legacy,1724,1450,274,0,0,
20140228.csv,legacy,1712,1446,266,0,0,
20140303.csv,legacy,1716,1493,223,0,0,
20140304.csv,legacy,1718,1476,242,0,0,
20140305.csv,legacy,1718,1475,243,0,0,
20140306.csv,legacy,1722,1448,274,0,0,
20140307.csv,legacy,1728,1460,268,0,0,
20140310.csv,legacy,1766,1492,274,0,0,
20140311.csv,legacy,1766,1496,270,0,0,
20140312.csv,legacy,1766,1508,258,0,0,
20140313.csv,legacy,1766,1518,248,0,0,
20140314.csv,legacy,1766,1510,256,0,0,
20140318.csv,legacy,1766,1503,263,0,0,
20140319.csv,legacy,1766,1509,257,0,0,
20140320.csv,legacy,1766,1517,249,0,0,
20140321.csv,legacy,1766,1519,247,0,0,
20140324.csv,legacy,1766,1498,268,0,0,
20140325.csv,legacy,1792,1517,275,0,0,
20140326.csv,legacy,1792,1516,276,0,0,
20140327.csv,legacy,1792,1494,298,0,0,
20140328.csv,legacy,1776,1580,196,0,0,
20140331.csv,legacy,1802,1561,241,0,0,
20140401.csv,legacy,1802,1567,235,0,0,
20140402.csv,legacy,1802,1577,225,0,0,
20140403.csv,legacy,1830,1618,212,0,0,
20140404.csv,legacy,1830,1623,207,0,0,
20140407.csv,legacy,1830,1617,213,0,0,
20140409.csv,legacy,1830,1607,223,0,0,
20140410.csv,legacy,1834,1609,225,0,0,
20140411.csv,legacy,1834,1602,232,0,0,
20140415.csv,legacy,1834,1605,229,0,0,
20140416.csv,legacy,1834,1590,244,0,0,
20140417.csv,legacy,1834,1596,238,0,0,
20140421.csv,legacy,1834,1568,266,0,0,
20140422.csv,legacy,1834,1571,263,0,0,
20140423.csv,legacy,1834,1551,283,0,0,
20140425.csv,legacy,1806,1594,212,0,0,
20140428.csv,legacy,1808,1624,184,0,0,
20140429.csv,legacy,1810,1605,205,0,0,
20140430.csv,legacy,1812,1592,220,0,0,
20140502.csv,legacy,1812,1624,188,0,0,
20140505.csv,legacy,1812,1619,193,0,0,
20140506.csv,legacy,1812,1617,195,0,0,
20140507.csv,legacy,1812,1615,197,0,0,
20140508.csv,legacy,1814,1618,196,0,0,
20140509.csv,legacy,1814,1596,218,0,0,
20140512.csv,legacy,1836,1616,220,0,0,
20140513.csv,legacy,1872,1622,250,0,0,
20140514.csv,legacy,1904,1692,212,0,0,
20140515.csv,legacy,1904,1683,221,0,0,
20140516.csv,legacy,1904,1651,253,0,0,
20140519.csv,legacy,1936,1686,250,0,0,
20140520.csv,legacy,1964,1685,279,0,0,
20140521.csv,legacy,1968,1701,267,0,0,
20140522.csv,legacy,1968,1713,255,0,0,
20140523.csv,legacy,1968,1710,258,0,0,
20140526.csv,legacy,1996,1723,273,0,0,
20140527.csv,legacy,1996,1714,282,0,0,
20140528.csv,legacy,1996,1726,270,0,0,
20140529.csv,legacy,1996,1701,295,0,0,
20140530.csv,legacy,1950,1738,212,0,0,
20140602.csv,legacy,1950,1754,196,0,0,
20140603.csv,legacy,1954,1757,197,0,0,
20140604.csv,legacy,1958,1768,190,0,0,
20140605.csv,legacy,1958,1755,203,0,0,
20140606.csv,legacy,1986,1775,211,0,0,
20140609.csv,legacy,2024,1802,222,0,0,
20140610.csv,legacy,2052,1832,220,0,0,
20140611.csv,legacy,2052,1808,244,0,0,
20140612.csv,legacy,2052,1836,216,0,0,
20140613.csv,legacy,2052,1813,239,0,0,
20140616.csv,legacy,2052,1823,229,0,0,
20140617.csv,legacy,2052,1811,241,0,0,
20140618.csv,legacy,2052,1821,231,0,0,
20140619.csv,legacy,2052,1820,232,0,0,
20140620.csv,legacy,2052,1790,262,0,0,
20140623.csv,legacy,2052,1790,262,0,0,
20140624.csv,legacy,2052,1764,288,0,0,
20140625.csv,legacy,2052,1773,279,0,0,
20140626.csv,legacy,2052,1750,302,0,0,
20140627.csv,legacy,1998,1810,188,0,0,
20140630.csv,legacy,1998,1790,208,0,0,
20140701.csv,legacy,2002,1813,189,0,0,
20140702.csv,legacy,2004,1796,208,0,0,
20140703.csv,legacy,2016,1814,202,0,0,
20140704.csv,legacy,2016,1786,230,0,0,
20140707.csv,legacy,2038,1837,201,0,0,
20140708.csv,legacy,2042,1809,233,0,0,
20140709.csv,legacy,2042,1813,229,0,0,
20140710.csv,legacy,2042,1805,237,0,0,
20140711.csv,legacy,2042,1827,215,0,0,
20140714.csv,legacy,2044,1798,246,0,0,
20140715.csv,legacy,2044,1826,218,0,0,
20140716.csv,legacy,2044,1790,254,0,0,
20140717.csv,legacy,2044,1813,231,0,0,
20140718.csv,legacy,2044,1831,213,0,0,
20140721.csv,legacy,2044,1819,225,0,0,
20140722.csv,legacy,2044,1815,229,0,0,
20140723.csv,legacy,2044,1791,253,0,0,
20140724.csv,legacy,2044,1801,243,0,0,
20140725.csv,legacy,2050,1803,247,0,0,
20140728.csv,legacy,2050,1793,257,0,0,
20140730.csv,legacy,2050,1804,246,0,0,
20140731.csv,legacy,2050,1762,288,0,0,
20140801.csv,legacy,2002,1801,201,0,0,
20140804.csv,legacy,2006,1817,189,0,0,
20140805.csv,legacy,2006,1808,198,0,0,
20140806.csv,legacy,2008,1818,190,0,0,
20140807.csv,legacy,2008,1817,191,0,0,
20140808.csv,legacy,2008,1809,199,0,0,
20140811.csv,legacy,2010,1817,193,0,0,
20140812.csv,legacy,2010,1804,206,0,0,
20140813.csv,legacy,2010,1806,204,0,0,
20140814.csv,legacy,2010,1793,217,0,0,
20140818.csv,legacy,2012,1783,229,0,0,
20140819.csv,legacy,2036,1822,214,0,0,
20140820.csv,legacy,2040,1821,219,0,0,
20140821.csv,legacy,2040,1826,214,0,0,
20140822.csv,legacy,2040,1814,226,0,0,
20140825.csv,legacy,2040,1794,246,0,0,
20140826.csv,legacy,2040,1805,235,0,0,
20140827.csv,legacy,2040,1800,240,0,0,
20140828.csv,legacy,2046,1778,268,0,0,
20140901.csv,legacy,2040,1828,212,0,0,
20140902.csv,legacy,2050,1841,209,0,0,
20140903.csv,legacy,2076,1865,211,0,0,
20140904.csv,legacy,2076,1880,196,0,0,
20140905.csv,legacy,2076,1877,199,0,0,
20140908.csv,legacy,2076,1859,217,0,0,
20140909.csv,legacy,2104,1904,200,0,0,
20140910.csv,legacy,2104,1892,212,0,0,
20140911.csv,legacy,2104,1889,215,0,0,
20140912.csv,legacy,2104,1884,220,0,0,
20140915.csv,legacy,2104,1889,215,0,0,
20140916.csv,legacy,2104,1882,222,0,0,
20140917.csv,legacy,2104,1883,221,0,0,
20140918.csv,legacy,2104,1870,234,0,0,
20140919.csv,legacy,2104,1877,227,0,0,
20140922.csv,legacy,2104,1858,246,0,0,
20140923.csv,legacy,2104,1848,256,0,0,
20140924.csv,legacy,2104,1856,248,0,0,
20140925.csv,legacy,2104,1844,260,0,0,
20140926.csv,legacy,2056,1877,179,0,0,
20140929.csv,legacy,2060,1876,184,0,0,
20140930.csv,legacy,2060,1858,202,0,0,
20141001.csv,legacy,2060,1884,176,0,0,
20141007.csv,legacy,2060,1878,182,0,0,
20141008.csv,legacy,2064,1876,188,0,0,
20141009.csv,legacy,2066,1873,193,0,0,
20141010.csv,legacy,2066,1872,194,0,0,
20141014.csv,legacy,2066,1874,192,0,0,
20141016.csv,legacy,2066,1859,207,0,0,
20141017.csv,legacy,2074,1857,217,0,0,
20141020.csv,legacy,2074,1868,206,0,0,
20141021.csv,legacy,2074,1859,215,0,0,
20141022.csv,legacy,2074,1856,218,0,0,
20141023.csv,legacy,2074,1919,155,0,0,
20141027.csv,legacy,2074,1858,216,0,0,
20141028.csv,legacy,2074,1849,225,0,0,
20141029.csv,legacy,2076,1829,247,0,0,
20141030.csv,legacy,2078,1843,235,0,0,
20141031.csv,legacy,2058,1850,208,0,0,
20141103.csv,legacy,2094,1908,186,0,0,
20141105.csv,legacy,2094,1885,209,0,0,
20141107.csv,legacy,2100,1900,200,0,0,
20141110.csv,legacy,2100,1913,187,0,0,
20141111.csv,legacy,2100,1911,189,0,0,
20141112.csv,legacy,2122,1920,202,0,0,
20141113.csv,legacy,2126,1921,205,0,0,
20141114.csv,legacy,2126,1934,192,0,0,
20141117.csv,legacy,2126,1922,204,0,0,
20141118.csv,legacy,2132,1922,210,0,0,
20141119.csv,legacy,2132,1929,203,0,0,
20141120.csv,legacy,2132,1929,203,0,0,
20141121.csv,legacy,2132,1901,231,0,0,
20141124.csv,legacy,2158,1933,225,0,0,
20141125.csv,legacy,2164,1927,237,0,0,
20141126.csv,legacy,2164,1936,228,0,0,
20141127.csv,legacy,2164,1924,240,0,0,
20141128.csv,legacy,2132,1916,216,0,0,
20141201.csv,legacy,2160,1972,188,0,0,
20141202.csv,legacy,2160,1970,190,0,0,
20141203.csv,legacy,2160,1969,191,0,0,
20141204.csv,legacy,2160,1960,200,0,0,
20141205.csv,legacy,2160,1963,197,0,0,
20141208.csv,legacy,2160,1948,212,0,0,
20141209.csv,legacy,2162,1945,217,0,0,
20141210.csv,legacy,2166,1954,212,0,0,
20141211.csv,legacy,2166,1942,224,0,0,
20141212.csv,legacy,2168,1936,232,0,0,
20141215.csv,legacy,2172,1955,217,0,0,
20141216.csv,legacy,2172,1940,232,0,0,
20141217.csv,legacy,2182,1938,244,0,0,
20141218.csv,legacy,2182,1931,251,0,0,
20141219.csv,legacy,2182,1936,246,0,0,
20141222.csv,legacy,2182,1919,263,0,0,
20141223.csv,legacy,2182,1916,266,0,0,
20141224.csv,legacy,2182,1896,286,0,0,
20141226.csv,legacy,2104,1927,177,0,0,
20141229.csv,legacy,2104,1927,177,0,0,
20141230.csv,legacy,2106,1930,176,0,0,
20141231.csv,legacy,2106,1913,193,0,0,
20150101.csv,legacy,2108,1945,163,0,0,
20150102.csv,legacy,2108,1925,183,0,0,
20150105.csv,legacy,2112,1931,181,0,0,
20150106.csv,legacy,2112,1920,192,0,0,
20150107.csv,legacy,2114,1914,200,0,0,
20150108.csv,legacy,2114,1925,189,0,0,
20150109.csv,legacy,2114,1918,196,0,0,
20150112.csv,legacy,2114,1919,195,0,0,
20150113.csv,legacy,2114,1920,194,0,0,
20150114.csv,legacy,2114,1907,207,0,0,
20150115.csv,legacy,2114,1905,209,0,0,
20150116.csv,legacy,2118,1911,207,0,0,
20150119.csv,legacy,2118,1902,216,0,0,
20150120.csv,legacy,2122,1898,224,0,0,
20150121.csv,legacy,2154,1922,232,0,0,
20150122.csv,legacy,2160,1929,231,0,0,
20150123.csv,legacy,2182,1945,237,0,0,
20150127.csv,legacy,2192,1939,253,0,0,
20150128.csv,legacy,2218,1941,277,0,0,
20150129.csv,legacy,2218,1943,275,0,0,
20150130.csv,legacy,2210,2001,209,0,0,
20150202.csv,legacy,2216,2022,194,0,0,
20150203.csv,legacy,2216,2028,188,0,0,
20150204.csv,legacy,2218,2034,184,0,0,
20150205.csv,legacy,2220,2025,195,0,0,
20150206.csv,legacy,2220,2027,193,0,0,
20150209.csv,legacy,2222,2020,202,0,0,
20150210.csv,legacy,2226,2018,208,0,0,
20150211.csv,legacy,2226,2029,197,0,0,
20150212.csv,legacy,2226,2027,199,0,0,
20150213.csv,legacy,2226,2022,204,0,0,
20150216.csv,legacy,2226,2021,205,0,0,
20150218.csv,legacy,2226,2006,220,0,0,
20150219.csv,legacy,2226,2002,224,0,0,
20150220.csv,legacy,2226,2001,225,0,0,
20150223.csv,legacy,2226,1986,240,0,0,
20150224.csv,legacy,2226,1987,239,0,0,
20150225.csv,legacy,2226,1978,248,0,0,
20150226.csv,legacy,2226,1959,267,0,0,
20150227.csv,legacy,2190,1971,219,0,0,
20150302.csv,legacy,2198,1989,209,0,0,
20150303.csv,legacy,2200,1995,205,0,0,
20150304.csv,legacy,2204,1989,215,0,0,
20150305.csv,legacy,2204,1987,217,0,0,
20150309.csv,legacy,2204,1983,221,0,0,
20150310.csv,legacy,2204,1978,226,0,0,
20150311.csv,legacy,2204,1990,214,0,0,
20150312.csv,legacy,2204,1980,224,0,0,
20150313.csv,legacy,2204,1971,233,0,0,
20150316.csv,legacy,2206,1989,217,0,0,
20150317.csv,legacy,2206,1982,224,0,0,
20150318.csv,legacy,2206,1988,218,0,0,
20150319.csv,legacy,2206,1971,235,0,0,
20150320.csv,legacy,2206,1975,231,0,0,
20150323.csv,legacy,2210,1975,235,0,0,
20150324.csv,legacy,2210,1967,243,0,0,
20150325.csv,legacy,2210,1946,264,0,0,
20150326.csv,legacy,2210,1936,274,0,0,
20150327.csv,legacy,2170,1984,186,0,0,
20150330.csv,legacy,2170,1986,184,0,0,
20150331.csv,legacy,2176,1962,214,0,0,
20150401.csv,legacy,2176,1983,193,0,0,
20150406.csv,legacy,2180,1999,181,0,0,
20150407.csv,legacy,2184,1991,193,0,0,
20150408.csv,legacy,2184,1993,191,0,0,
20150409.csv,legacy,2184,1992,192,0,0,
20150410.csv,legacy,2188,2006,182,0,0,
20150413.csv,legacy,2188,1999,189,0,0,
20150415.csv,legacy,2190,1991,199,0,0,
20150416.csv,legacy,2190,1985,205,0,0,
20150417.csv,legacy,2190,1978,212,0,0,
20150420.csv,legacy,2190,1971,219,0,0,
20150422.csv,legacy,2190,1964,226,0,0,
20150423.csv,legacy,2190,1971,219,0,0,
20150424.csv,legacy,2190,1963,227,0,0,
20150427.csv,legacy,2194,1953,241,0,0,
20150428.csv,legacy,2206,1962,244,0,0,
20150429.csv,legacy,2206,1974,232,0,0,
20150430.csv,legacy,2206,1944,262,0,0,
20150504.csv,legacy,2174,1989,185,0,0,
20150505.csv,legacy,2180,1989,191,0,0,
20150506.csv,legacy,2180,1967,213,0,0,
20150507.csv,legacy,2192,1977,215,0,0,
20150508.csv,legacy,2198,1984,214,0,0,
20150511.csv,legacy,2198,1998,200,0,0,
20150512.csv,legacy,2198,2001,197,0,0,
20150513.csv,legacy,2198,1992,206,0,0,
20150514.csv,legacy,2198,1993,205,0,0,
20150515.csv,legacy,2198,1997,201,0,0,
20150518.csv,legacy,2198,1988,210,0,0,
20150519.csv,legacy,2198,1986,212,0,0,
20150520.csv,legacy,2198,1986,212,0,0,
20150521.csv,legacy,2200,1986,214,0,0,
20150522.csv,legacy,2200,1978,222,0,0,
20150525.csv,legacy,2202,1972,230,0,0,
20150526.csv,legacy,2202,1977,225,0,0,
20150527.csv,legacy,2202,1971,231,0,0,
20150528.csv,legacy,2202,1940,262,0,0,
20150529.csv,legacy,2164,1972,192,0,0,
20150601.csv,legacy,2170,1997,173,0,0,
20150602.csv,legacy,2170,1972,198,0,0,
20150603.csv,legacy,2172,1980,192,0,0,
20150604.csv,legacy,2176,1990,186,0,0,
20150605.csv,legacy,2176,1983,193,0,0,
20150608.csv,legacy,2178,1982,196,0,0,
20150609.csv,legacy,2184,1993,191,0,0,
20150610.csv,legacy,2188,1991,197,0,0,
20150611.csv,legacy,2188,1976,212,0,0,
20150612.csv,legacy,2194,1989,205,0,0,
20150615.csv,legacy,2194,1979,215,0,0,
20150616.csv,legacy,2194,1975,219,0,0,
20150617.csv,legacy,2194,1978,216,0,0,
20150618.csv,legacy,2194,1976,218,0,0,
20150619.csv,legacy,2194,1970,224,0,0,
20150622.csv,legacy,2194,1958,236,0,0,
20150623.csv,legacy,2194,1951,243,0,0,
20150624.csv,legacy,2194,1930,264,0,0,
20150625.csv,legacy,2194,1890,304,0,0,
20150626.csv,legacy,2096,1909,187,0,0,
20150629.csv,legacy,2096,1895,201,0,0,
20150630.csv,legacy,2100,1897,203,0,0,
20150701.csv,legacy,2100,1908,192,0,0,
20150702.csv,legacy,2104,1924,180,0,0,
20150703.csv,legacy,2104,1910,194,0,0,
20150706.csv,legacy,2108,1916,192,0,0,
20150707.csv,legacy,2108,1920,188,0,0,
20150708.csv,legacy,2108,1903,205,0,0,
20150709.csv,legacy,2108,1919,189,0,0,
20150710.csv,legacy,2108,1923,185,0,0,
20150713.csv,legacy,2108,1912,196,0,0,
20150714.csv,legacy,2108,1930,178,0,0,
20150715.csv,legacy,2108,1922,186,0,0,
20150716.csv,legacy,2108,1903,205,0,0,
20150717.csv,legacy,2120,1917,203,0,0,
20150720.csv,legacy,2120,1928,192,0,0,
20150721.csv,legacy,2120,1911,209,0,0,
20150722.csv,legacy,2120,1901,219,0,0,
20150723.csv,legacy,2126,1914,212,0,0,
20150724.csv,legacy,2126,1912,214,0,0,
20150727.csv,legacy,2126,1894,232,0,0,
20150728.csv,legacy,2126,1887,239,0,0,
20150729.csv,legacy,2126,1888,238,0,0,
20150730.csv,legacy,2126,1852,274,0,0,
20150731.csv,legacy,2098,1907,191,0,0,
20150803.csv,legacy,2104,1925,179,0,0,
20150804.csv,legacy,2104,1918,186,0,0,
20150805.csv,legacy,2104,1920,184,0,0,
20150806.csv,legacy,2104,1922,182,0,0,
20150807.csv,legacy,2106,1927,179,0,0,
20150810.csv,legacy,2106,1928,178,0,0,
20150811.csv,legacy,2106,1924,182,0,0,
20150812.csv,legacy,2106,1909,197,0,0,
20150813.csv,legacy,2108,1915,193,0,0,
20150814.csv,legacy,2108,1913,195,0,0,
20150817.csv,legacy,2108,1917,191,0,0,
20150818.csv,legacy,2108,1910,198,0,0,
20150819.csv,legacy,2108,1903,205,0,0,
20150820.csv,legacy,2108,1891,217,0,0,
20150821.csv,legacy,2108,1871,237,0,0,
20150824.csv,legacy,2110,1858,252,0,0,
20150825.csv,legacy,2164,1870,294,0,0,
20150826.csv,legacy,2164,1877,287,0,0,
20150827.csv,legacy,2164,1864,300,0,0,
20150828.csv,legacy,2130,1920,210,0,0,
20150831.csv,legacy,2132,1901,231,0,0,
20150901.csv,legacy,2132,1888,244,0,0,
20150902.csv,legacy,2138,1909,229,0,0,
20150903.csv,legacy,2154,1929,225,0,0,
20150904.csv,legacy,2154,1905,249,0,0,
20150907.csv,legacy,2160,1907,253,0,0,
20150908.csv,legacy,2176,1921,255,0,0,
20150909.csv,legacy,2176,1930,246,0,0,
20150910.csv,legacy,2176,1937,239,0,0,
20150911.csv,legacy,2176,1945,231,0,0,
20150914.csv,legacy,2176,1938,238,0,0,
20150915.csv,legacy,2176,1938,238,0,0,
20150916.csv,legacy,2176,1946,230,0,0,
20150918.csv,legacy,2176,1923,253,0,0,
20150921.csv,legacy,2176,1912,264,0,0,
20150922.csv,legacy,2176,1875,301,0,0,
20150923.csv,legacy,2176,1878,298,0,0,
20150924.csv,legacy,2176,1815,361,0,0,
20150928.csv,legacy,2128,1931,197,0,0,
20150929.csv,legacy,2130,1930,200,0,0,
20150930.csv,legacy,2130,1907,223,0,0,
20151001.csv,legacy,2132,1934,198,0,0,
20151005.csv,legacy,2134,1928,206,0,0,
20151006.csv,legacy,2142,1935,207,0,0,
20151007.csv,legacy,2148,1936,212,0,0,
20151008.csv,legacy,2150,1945,205,0,0,
20151009.csv,legacy,2150,1935,215,0,0,
20151012.csv,legacy,2150,1949,201,0,0,
20151013.csv,legacy,2150,1949,201,0,0,
20151014.csv,legacy,2150,1956,194,0,0,
20151015.csv,legacy,2150,1946,204,0,0,
20151016.csv,legacy,2150,1944,206,0,0,
20151019.csv,legacy,2154,1951,203,0,0,
20151020.csv,legacy,2158,1941,217,0,0,
20151021.csv,legacy,2158,1943,215,0,0,
20151023.csv,legacy,2158,1946,212,0,0,
20151026.csv,legacy,2158,1933,225,0,0,
20151027.csv,legacy,2158,1925,233,0,0,
20151028.csv,legacy,2158,1918,240,0,0,
20151029.csv,legacy,2158,1902,256,0,0,
20151030.csv,legacy,2116,1929,187,0,0,
20151102.csv,legacy,2118,1941,177,0,0,
20151103.csv,legacy,2118,1932,186,0,0,
20151104.csv,legacy,2118,1937,181,0,0,
20151105.csv,legacy,2118,1934,184,0,0,
20151106.csv,legacy,2122,1934,188,0,0,
20151109.csv,legacy,2122,1921,201,0,0,
20151110.csv,legacy,2124,1934,190,0,0,
20151111.csv,legacy,2128,1979,149,0,0,
20151113.csv,legacy,2128,1943,185,0,0,
20151116.csv,legacy,2132,1926,206,0,0,
20151117.csv,legacy,2132,1927,205,0,0,
20151118.csv,legacy,2132,1916,216,0,0,
20151119.csv,legacy,2134,1922,212,0,0,
20151120.csv,legacy,2134,1915,219,0,0,
20151123.csv,legacy,2134,1904,230,0,0,
20151124.csv,legacy,2134,1884,250,0,0,
20151126.csv,legacy,2134,1855,279,0,0,
20151127.csv,legacy,2104,1926,178,0,0,
20151130.csv,legacy,2106,1919,187,0,0,
20151201.csv,legacy,2106,1920,186,0,0,
20151202.csv,legacy,2106,1915,191,0,0,
20151203.csv,legacy,2106,1897,209,0,0,
20151204.csv,legacy,2108,1904,204,0,0,
20151207.csv,legacy,2110,1905,205,0,0,
20151208.csv,legacy,2112,1909,203,0,0,
20151209.csv,legacy,2116,1916,200,0,0,
20151210.csv,legacy,2128,1923,205,0,0,
20151211.csv,legacy,2128,1924,204,0,0,
20151214.csv,legacy,2128,1920,208,0,0,
20151215.csv,legacy,2128,1916,212,0,0,
20151216.csv,legacy,2128,1912,216,0,0,
20151217.csv,legacy,2128,1899,229,0,0,
20151218.csv,legacy,2128,1908,220,0,0,
20151221.csv,legacy,2128,1911,217,0,0,
20151222.csv,legacy,2128,1892,236,0,0,
20151223.csv,legacy,2128,1896,232,0,0,
20151224.csv,legacy,2128,1894,234,0,0,
20151228.csv,legacy,2128,1868,260,0,0,
20151229.csv,legacy,2128,1867,261,0,0,
20151230.csv,legacy,2128,1848,280,0,0,
20151231.csv,legacy,2128,1842,286,0,0,
20160101.csv,legacy,2038,1854,184,0,0,
20160104.csv,legacy,2040,1839,201,0,0,
20160105.csv,legacy,2044,1859,185,0,0,
20160106.csv,legacy,2044,1846,198,0,0,
20160107.csv,legacy,2048,1834,214,0,0,
20160108.csv,legacy,2058,1856,202,0,0,
20160111.csv,legacy,2058,1850,208,0,0,
20160112.csv,legacy,2058,1851,207,0,0,
20160113.csv,legacy,2070,1852,218,0,0,
20160114.csv,legacy,2070,1859,211,0,0,
20160115.csv,legacy,2070,1858,212,0,0,
20160118.csv,legacy,2086,1865,221,0,0,
20160119.csv,legacy,2096,1876,220,0,0,
20160120.csv,legacy,2096,1860,236,0,0,
20160121.csv,legacy,2110,1875,235,0,0,
20160122.csv,legacy,2110,1876,234,0,0,
20160125.csv,legacy,2110,1862,248,0,0,
20160127.csv,legacy,2110,1846,264,0,0,
20160128.csv,legacy,2110,1822,288,0,0,
20160129.csv,legacy,2078,1861,217,0,0,
20160201.csv,legacy,2084,1881,203,0,0,
20160202.csv,legacy,2084,1873,211,0,0,
20160203.csv,legacy,2084,1865,219,0,0,
20160204.csv,legacy,2086,1859,227,0,0,
20160205.csv,legacy,2086,1873,213,0,0,
20160208.csv,legacy,2086,1869,217,0,0,
20160209.csv,legacy,2086,1855,231,0,0,
20160210.csv,legacy,2088,1850,238,0,0,
20160211.csv,legacy,2108,1858,250,0,0,
20160212.csv,legacy,2148,1884,264,0,0,
20160215.csv,legacy,2148,1898,250,0,0,
20160216.csv,legacy,2148,1907,241,0,0,
20160217.csv,legacy,2148,1895,253,0,0,
20160218.csv,legacy,2148,1887,261,0,0,
20160219.csv,legacy,2148,1887,261,0,0,
20160222.csv,legacy,2148,1893,255,0,0,
20160223.csv,legacy,2148,1875,273,0,0,
20160224.csv,legacy,2148,1863,285,0,0,
20160225.csv,legacy,2148,1835,313,0,0,
20160226.csv,legacy,2114,1909,205,0,0,
20160229.csv,legacy,2118,1895,223,0,0,
20160301.csv,legacy,2118,1898,220,0,0,
20160302.csv,legacy,2124,1903,221,0,0,
20160303.csv,legacy,2130,1879,251,0,0,
20160304.csv,legacy,2136,1912,224,0,0,
20160308.csv,legacy,2136,1909,227,0,0,
20160309.csv,legacy,2136,1915,221,0,0,
20160310.csv,legacy,2138,1911,227,0,0,
20160311.csv,legacy,2138,1894,244,0,0,
20160314.csv,legacy,2138,1903,235,0,0,
20160315.csv,legacy,2138,1915,223,0,0,
20160316.csv,legacy,2138,1887,251,0,0,
20160317.csv,legacy,2138,1901,237,0,0,
20160318.csv,legacy,2138,1895,243,0,0,
20160321.csv,legacy,2142,1891,251,0,0,
20160322.csv,legacy,2150,1887,263,0,0,
20160323.csv,legacy,2150,1902,248,0,0,
20160328.csv,legacy,2150,1883,267,0,0,
20160329.csv,legacy,2150,1875,275,0,0,
20160330.csv,legacy,2150,1861,289,0,0,
20160331.csv,legacy,2154,1855,299,0,0,
20160401.csv,legacy,2110,1932,178,0,0,
20160404.csv,legacy,2110,1921,189,0,0,
20160405.csv,legacy,2112,1904,208,0,0,
20160406.csv,legacy,2116,1913,203,0,0,
20160407.csv,legacy,2116,1911,205,0,0,
20160408.csv,legacy,2120,1924,196,0,0,
20160411.csv,legacy,2120,1899,221,0,0,
20160412.csv,legacy,2120,1919,201,0,0,
20160413.csv,legacy,2120,1909,211,0,0,
20160418.csv,legacy,2132,1924,208,0,0,
20160420.csv,legacy,2136,1919,217,0,0,
20160421.csv,legacy,2136,1922,214,0,0,
20160422.csv,legacy,2136,1914,222,0,0,
20160425.csv,legacy,2136,1898,238,0,0,
20160426.csv,legacy,2136,1891,245,0,0,
20160427.csv,legacy,2144,1909,235,0,0,
20160428.csv,legacy,2148,1887,261,0,0,
20160429.csv,legacy,2106,1900,206,0,0,
20160502.csv,legacy,2106,1907,199,0,0,
20160503.csv,legacy,2108,1891,217,0,0,
20160504.csv,legacy,2110,1919,191,0,0,
20160505.csv,legacy,2112,1922,190,0,0,
20160506.csv,legacy,2112,1914,198,0,0,
20160509.csv,legacy,2112,1912,200,0,0,
20160510.csv,legacy,2112,1923,189,0,0,
20160511.csv,legacy,2114,1922,192,0,0,
20160512.csv,legacy,2114,1913,201,0,0,
20160513.csv,legacy,2114,1901,213,0,0,
20160516.csv,legacy,2114,1912,202,0,0,
20160517.csv,legacy,2114,1894,220,0,0,
20160518.csv,legacy,2114,1877,237,0,0,
20160519.csv,legacy,2114,1902,212,0,0,
20160520.csv,legacy,2114,1895,219,0,0,
20160523.csv,legacy,2114,1882,232,0,0,
20160524.csv,legacy,2114,1877,237,0,0,
20160525.csv,legacy,2114,1863,251,0,0,
20160526.csv,legacy,2116,1843,273,0,0,
20160527.csv,legacy,2084,1890,194,0,0,
20160530.csv,legacy,2098,1917,181,0,0,
20160531.csv,legacy,2102,1900,202,0,0,
20160601.csv,legacy,2102,1917,185,0,0,
20160602.csv,legacy,2102,1906,196,0,0,
20160603.csv,legacy,2102,1912,190,0,0,
20160606.csv,legacy,2102,1907,195,0,0,
20160607.csv,legacy,2102,1900,202,0,0,
20160608.csv,legacy,2112,1919,193,0,0,
20160609.csv,legacy,2112,1909,203,0,0,
20160610.csv,legacy,2112,1896,216,0,0,
20160613.csv,legacy,2112,1909,203,0,0,
20160614.csv,legacy,2112,1917,195,0,0,
20160615.csv,legacy,2112,1896,216,0,0,
20160616.csv,legacy,2112,1887,225,0,0,
20160617.csv,legacy,2112,1905,207,0,0,
20160620.csv,legacy,2112,1901,211,0,0,
20160621.csv,legacy,2112,1909,203,0,0,
20160622.csv,legacy,2112,1873,239,0,0,
20160623.csv,legacy,2112,1853,259,0,0,
20160624.csv,legacy,2112,1872,240,0,0,
20160627.csv,legacy,2112,1862,250,0,0,
20160628.csv,legacy,2112,1854,258,0,0,
20160629.csv,legacy,2112,1849,263,0,0,
20160630.csv,legacy,2112,1827,285,0,0,
20160701.csv,legacy,2022,1839,183,0,0,
20160704.csv,legacy,2028,1837,191,0,0,
20160705.csv,legacy,2034,1854,180,0,0,
20160707.csv,legacy,2034,1855,179,0,0,
20160708.csv,legacy,2034,1849,185,0,0,
20160711.csv,legacy,2034,1842,192,0,0,
20160712.csv,legacy,2050,1859,191,0,0,
20160713.csv,legacy,2054,1867,187,0,0,
20160714.csv,legacy,2054,1849,205,0,0,
20160715.csv,legacy,2066,1853,213,0,0,
20160718.csv,legacy,2066,1850,216,0,0,
20160719.csv,legacy,2066,1858,208,0,0,
20160720.csv,legacy,2066,1847,219,0,0,
20160721.csv,legacy,2066,1849,217,0,0,
20160722.csv,legacy,2066,1838,228,0,0,
20160725.csv,legacy,2066,1811,255,0,0,
20160726.csv,legacy,2076,1820,256,0,0,
20160727.csv,legacy,2076,1836,240,0,0,
20160728.csv,legacy,2076,1805,271,0,0,
20160729.csv,legacy,2046,1859,187,0,0,
20160801.csv,legacy,2046,1850,196,0,0,
20160802.csv,legacy,2046,1852,194,0,0,
20160803.csv,legacy,2048,1858,190,0,0,
20160804.csv,legacy,2050,1853,197,0,0,
20160805.csv,legacy,2050,1850,200,0,0,
20160808.csv,legacy,2054,1850,204,0,0,
20160809.csv,legacy,2054,1855,199,0,0,
20160810.csv,legacy,2054,1828,226,0,0,
20160811.csv,legacy,2054,1858,196,0,0,
20160812.csv,legacy,2054,1851,203,0,0,
20160816.csv,legacy,2054,1841,213,0,0,
20160817.csv,legacy,2054,1845,209,0,0,
20160818.csv,legacy,2054,1845,209,0,0,
20160819.csv,legacy,2054,1843,211,0,0,
20160822.csv,legacy,2054,1828,226,0,0,
20160823.csv,legacy,2054,1815,239,0,0,
20160824.csv,legacy,2054,1804,250,0,0,
20160825.csv,legacy,2054,1783,271,0,0,
20160826.csv,legacy,2028,1832,196,0,0,
20160829.csv,legacy,2030,1835,195,0,0,
20160830.csv,legacy,2030,1830,200,0,0,
20160831.csv,legacy,2040,1829,211,0,0,
20160901.csv,legacy,2052,1858,194,0,0,
20160902.csv,legacy,2052,1860,192,0,0,
20160906.csv,legacy,2052,1829,223,0,0,
20160907.csv,legacy,2076,1866,210,0,0,
20160908.csv,legacy,2076,1868,208,0,0,
20160909.csv,legacy,2084,1860,224,0,0,
20160912.csv,legacy,2084,1868,216,0,0,
20160914.csv,legacy,2084,1875,209,0,0,
20160915.csv,legacy,2084,1880,204,0,0,
20160916.csv,legacy,2084,1853,231,0,0,
20160919.csv,legacy,2084,1878,206,0,0,
20160920.csv,legacy,2084,1868,216,0,0,
20160921.csv,legacy,2084,1862,222,0,0,
20160922.csv,legacy,2084,1852,232,0,0,
20160923.csv,legacy,2084,1845,239,0,0,
20160926.csv,legacy,2084,1830,254,0,0,
20160927.csv,legacy,2084,1823,261,0,0,
20160928.csv,legacy,2084,1820,264,0,0,
20160929.csv,legacy,2084,1790,294,0,0,
20160930.csv,legacy,2044,1855,189,0,0,
20161003.csv,legacy,2044,1859,185,0,0,
20161004.csv,legacy,2050,1868,182,0,0,
20161005.csv,legacy,2052,1869,183,0,0,
20161006.csv,legacy,2052,1874,178,0,0,
20161007.csv,legacy,2052,1868,184,0,0,
20161010.csv,legacy,2052,1877,175,0,0,
20161013.csv,legacy,2052,1847,205,0,0,
20161014.csv,legacy,2054,1859,195,0,0,
20161017.csv,legacy,2054,1848,206,0,0,
20161018.csv,legacy,2060,1841,219,0,0,
20161019.csv,legacy,2060,1852,208,0,0,
20161020.csv,legacy,2060,1854,206,0,0,
20161021.csv,legacy,2060,1850,210,0,0,
20161024.csv,legacy,2060,1840,220,0,0,
20161025.csv,legacy,2060,1832,228,0,0,
20161026.csv,legacy,2060,1825,235,0,0,
20161027.csv,legacy,2060,1807,253,0,0,
20161028.csv,legacy,2042,1846,196,0,0,
20161101.csv,legacy,2044,1868,176,0,0,
20161102.csv,legacy,2044,1854,190,0,0,
20161103.csv,legacy,2048,1859,189,0,0,
20161104.csv,legacy,2048,1844,204,0,0,
20161107.csv,legacy,2056,1861,195,0,0,
20161108.csv,legacy,2056,1858,198,0,0,
20161109.csv,legacy,2056,1855,201,0,0,
20161110.csv,legacy,2056,1861,195,0,0,
20161111.csv,legacy,2056,1856,200,0,0,
20161115.csv,legacy,2072,1846,226,0,0,
20161116.csv,legacy,2100,1888,212,0,0,
20161117.csv,legacy,2100,1884,216,0,0,
20161118.csv,legacy,2100,1874,226,0,0,
20161121.csv,legacy,2106,1857,249,0,0,
20161122.csv,legacy,2124,1864,260,0,0,
20161123.csv,legacy,2124,1856,268,0,0,
20161124.csv,legacy,2124,1840,284,0,0,
20161125.csv,legacy,2084,1859,225,0,0,
20161128.csv,legacy,2090,1884,206,0,0,
20161129.csv,legacy,2092,1886,206,0,0,
20161130.csv,legacy,2092,1871,221,0,0,
20161201.csv,legacy,2094,1896,198,0,0,
20161202.csv,legacy,2094,1882,212,0,0,
20161205.csv,legacy,2094,1887,207,0,0,
20161206.csv,legacy,2094,1883,211,0,0,
20161207.csv,legacy,2094,1881,213,0,0,
20161208.csv,legacy,2094,1874,220,0,0,
20161209.csv,legacy,2096,1880,216,0,0,
20161212.csv,legacy,2096,1889,207,0,0,
20161213.csv,legacy,2096,1881,215,0,0,
20161214.csv,legacy,2096,1886,210,0,0,
20161215.csv,legacy,2096,1859,237,0,0,
20161216.csv,legacy,2096,1885,211,0,0,
20161219.csv,legacy,2096,1865,231,0,0,
20161220.csv,legacy,2096,1858,238,0,0,
20161221.csv,legacy,2096,1872,224,0,0,
20161222.csv,legacy,2096,1848,248,0,0,
20161223.csv,legacy,2096,1840,256,0,0,
20161226.csv,legacy,2096,1822,274,0,0,
20161227.csv,legacy,2100,1819,281,0,0,
20161228.csv,legacy,2100,1811,289,0,0,
20161229.csv,legacy,2100,1795,305,0,0,
20161230.csv,legacy,2006,1816,190,0,0,
20170102.csv,legacy,2010,1817,193,0,0,
20170103.csv,legacy,2010,1813,197,0,0,
20170104.csv,legacy,2010,1825,185,0,0,
20170105.csv,legacy,2010,1808,202,0,0,
20170106.csv,legacy,2014,1820,194,0,0,
20170109.csv,legacy,2014,1832,182,0,0,
20170110.csv,legacy,2014,1825,189,0,0,
20170111.csv,legacy,2016,1810,206,0,0,
20170112.csv,legacy,2024,1816,208,0,0,
20170113.csv,legacy,2024,1831,193,0,0,
20170116.csv,legacy,2024,1829,195,0,0,
20170117.csv,legacy,2024,1824,200,0,0,
20170118.csv,legacy,2024,1818,206,0,0,
20170119.csv,legacy,2024,1815,209,0,0,
20170120.csv,legacy,2028,1791,237,0,0,
20170123.csv,legacy,2028,1791,237,0,0,
20170124.csv,legacy,2028,1783,245,0,0,
20170125.csv,legacy,2032,1757,275,0,0,
20170127.csv,legacy,2010,1808,202,0,0,
20170130.csv,legacy,2016,1822,194,0,0,
20170131.csv,legacy,2016,1810,206,0,0,
20170201.csv,legacy,2018,1813,205,0,0,
20170202.csv,legacy,2024,1813,211,0,0,
20170203.csv,legacy,2030,1825,205,0,0,
20170206.csv,legacy,2030,1817,213,0,0,
20170207.csv,legacy,2036,1839,197,0,0,
20170208.csv,legacy,2036,1830,206,0,0,
20170209.csv,legacy,2036,1827,209,0,0,
20170210.csv,legacy,2036,1831,205,0,0,
20170213.csv,legacy,2036,1823,213,0,0,
20170214.csv,legacy,2036,1828,208,0,0,
20170215.csv,legacy,2036,1817,219,0,0,
20170216.csv,legacy,2036,1818,218,0,0,
20170217.csv,legacy,2036,1802,234,0,0,
20170220.csv,legacy,2036,1794,242,0,0,
20170221.csv,legacy,2050,1798,252,0,0,
20170222.csv,legacy,2050,1791,259,0,0,
20170223.csv,legacy,2056,1784,272,0,0,
20170227.csv,legacy,2014,1825,189,0,0,
20170228.csv,legacy,2016,1819,197,0,0,
20170301.csv,legacy,2016,1812,204,0,0,
20170302.csv,legacy,2016,1806,210,0,0,
20170303.csv,legacy,2016,1811,205,0,0,
20170306.csv,legacy,2016,1804,212,0,0,
20170307.csv,legacy,2020,1827,193,0,0,
20170308.csv,legacy,2020,1810,210,0,0,
20170309.csv,legacy,2020,1814,206,0,0,
20170310.csv,legacy,2020,1818,202,0,0,
20170314.csv,legacy,2020,1803,217,0,0,
20170315.csv,legacy,2056,1835,221,0,0,
20170316.csv,legacy,2056,1819,237,0,0,
20170317.csv,legacy,2084,1859,225,0,0,
20170320.csv,legacy,2084,1848,236,0,0,
20170321.csv,legacy,2084,1846,238,0,0,
20170322.csv,legacy,2084,1828,256,0,0,
20170323.csv,legacy,2084,1827,257,0,0,
20170324.csv,legacy,2084,1826,258,0,0,
20170327.csv,legacy,2084,1801,283,0,0,
20170328.csv,legacy,2084,1797,287,0,0,
20170329.csv,legacy,2084,1794,290,0,0,
20170330.csv,legacy,2084,1781,303,0,0,
20170331.csv,legacy,2034,1828,206,0,0,
20170403.csv,legacy,2034,1826,208,0,0,
20170405.csv,legacy,2044,1835,209,0,0,
20170406.csv,legacy,2066,1865,201,0,0,
20170407.csv,legacy,2066,1859,207,0,0,
20170410.csv,legacy,2066,1859,207,0,0,
20170411.csv,legacy,2066,1868,198,0,0,
20170412.csv,legacy,2066,1863,203,0,0,
20170413.csv,legacy,2066,1871,195,0,0,
20170417.csv,legacy,2066,1865,201,0,0,
20170418.csv,legacy,2068,1865,203,0,0,
20170419.csv,legacy,2068,1860,208,0,0,
20170420.csv,legacy,2068,1863,205,0,0,
20170421.csv,legacy,2068,1844,224,0,0,
20170424.csv,legacy,2068,1816,252,0,0,
20170425.csv,legacy,2068,1820,248,0,0,
20170426.csv,legacy,2072,1833,239,0,0,
20170427.csv,legacy,2100,1835,265,0,0,
20170428.csv,legacy,2068,1891,177,0,0,
20170502.csv,legacy,2070,1907,163,0,0,
20170503.csv,legacy,2070,1897,173,0,0,
20170504.csv,legacy,2070,1900,170,0,0,
20170505.csv,legacy,2070,1873,197,0,0,
20170508.csv,legacy,2070,1888,182,0,0,
20170509.csv,legacy,2070,1897,173,0,0,
20170510.csv,legacy,2070,1875,195,0,0,
20170511.csv,legacy,2074,1883,191,0,0,
20170512.csv,legacy,2074,1883,191,0,0,
20170515.csv,legacy,2074,1876,198,0,0,
20170516.csv,legacy,2080,1863,217,0,0,
20170517.csv,legacy,2106,1901,205,0,0,
20170518.csv,legacy,2112,1887,225,0,0,
20170519.csv,legacy,2112,1891,221,0,0,
20170522.csv,legacy,2112,1878,234,0,0,
20170523.csv,legacy,2112,1873,239,0,0,
20170524.csv,legacy,2112,1871,241,0,0,
20170525.csv,legacy,2112,1831,281,0,0,
20170526.csv,legacy,2086,1885,201,0,0,
20170529.csv,legacy,2114,1891,223,0,0,
20170530.csv,legacy,2114,1911,203,0,0,
20170531.csv,legacy,2114,1905,209,0,0,
20170601.csv,legacy,2114,1923,191,0,0,
20170602.csv,legacy,2114,1903,211,0,0,
20170605.csv,legacy,2142,1945,197,0,0,
20170606.csv,legacy,2146,1934,212,0,0,
20170607.csv,legacy,2146,1937,209,0,0,
20170608.csv,legacy,2146,1948,198,0,0,
20170609.csv,legacy,2146,1939,207,0,0,
20170612.csv,legacy,2146,1941,205,0,0,
20170613.csv,legacy,2146,1942,204,0,0,
20170614.csv,legacy,2146,1949,197,0,0,
20170615.csv,legacy,2146,1934,212,0,0,
20170616.csv,legacy,2146,1937,209,0,0,
20170619.csv,legacy,2146,1914,232,0,0,
20170620.csv,legacy,2146,1928,218,0,0,
20170621.csv,legacy,2146,1916,230,0,0,
20170622.csv,legacy,2146,1898,248,0,0,
20170623.csv,legacy,2146,1901,245,0,0,
20170627.csv,legacy,2146,1871,275,0,0,
20170628.csv,legacy,2146,1874,272,0,0,
20170629.csv,legacy,2146,1853,293,0,0,
20170630.csv,legacy,2062,1880,182,0,0,
20170703.csv,legacy,2062,1879,183,0,0,
20170704.csv,legacy,2066,1878,188,0,0,
20170705.csv,legacy,2066,1885,181,0,0,
20170706.csv,legacy,2068,1884,184,0,0,
20170707.csv,legacy,2070,1887,183,0,0,
20170710.csv,legacy,2070,1891,179,0,0,
20170711.csv,legacy,2098,1902,196,0,0,
20170712.csv,legacy,2102,1895,207,0,0,
20170713.csv,legacy,2102,1889,213,0,0,
20170714.csv,legacy,2134,1904,230,0,0,
20170717.csv,legacy,2134,1918,216,0,0,
20170718.csv,legacy,2134,1898,236,0,0,
20170719.csv,legacy,2134,1911,223,0,0,
20170720.csv,legacy,2134,1916,218,0,0,
20170721.csv,legacy,2134,1908,226,0,0,
20170724.csv,legacy,2134,1875,259,0,0,
20170725.csv,legacy,2162,1906,256,0,0,
20170726.csv,legacy,2162,1887,275,0,0,
20170727.csv,legacy,2166,1858,308,0,0,
20170728.csv,legacy,2138,1936,202,0,0,
20170731.csv,legacy,2138,1925,213,0,0,
20170801.csv,legacy,2170,1962,208,0,0,
20170802.csv,legacy,2170,1966,204,0,0,
20170803.csv,legacy,2170,1955,215,0,0,
20170804.csv,legacy,2170,1967,203,0,0,
20170807.csv,legacy,2170,1954,216,0,0,
20170808.csv,legacy,2170,1953,217,0,0,
20170809.csv,legacy,2170,1951,219,0,0,
20170810.csv,legacy,2174,1956,218,0,0,
20170811.csv,legacy,2178,1945,233,0,0,
20170814.csv,legacy,2182,1952,230,0,0,
20170816.csv,legacy,2182,1962,220,0,0,
20170817.csv,legacy,2182,1949,233,0,0,
20170818.csv,legacy,2182,1953,229,0,0,
20170821.csv,legacy,2182,1954,228,0,0,
20170822.csv,legacy,2182,1946,236,0,0,
20170823.csv,legacy,2182,1934,248,0,0,
20170824.csv,legacy,2182,1945,237,0,0,
20170828.csv,legacy,2182,1929,253,0,0,
20170829.csv,legacy,2182,1922,260,0,0,
20170830.csv,legacy,2182,1913,269,0,0,
20170831.csv,legacy,2182,1887,295,0,0,
20170901.csv,legacy,2158,1952,206,0,0,
20170904.csv,legacy,2160,1951,209,0,0,
20170905.csv,legacy,2160,1957,203,0,0,
20170906.csv,legacy,2160,1959,201,0,0,
20170907.csv,legacy,2160,1962,198,0,0,
20170908.csv,legacy,2160,1959,201,0,0,
20170911.csv,legacy,2160,1956,204,0,0,
20170912.csv,legacy,2162,1936,226,0,0,
20170913.csv,legacy,2166,1934,232,0,0,
20170914.csv,legacy,2166,1944,222,0,0,
20170915.csv,legacy,2166,1948,218,0,0,
20170918.csv,legacy,2166,1916,250,0,0,
20170919.csv,legacy,2194,1944,250,0,0,
20170920.csv,legacy,2194,1961,233,0,0,
20170921.csv,legacy,2194,1946,248,0,0,
20170922.csv,legacy,2194,1935,259,0,0,
20170925.csv,legacy,2194,1916,278,0,0,
20170926.csv,legacy,2196,1911,285,0,0,
20170927.csv,legacy,2196,1895,301,0,0,
20170928.csv,legacy,2200,1878,322,0,0,
20170929.csv,legacy,2152,1964,188,0,0,
20171003.csv,legacy,2152,1963,189,0,0,
20171004.csv,legacy,2156,1958,198,0,0,
20171005.csv,legacy,2156,1965,191,0,0,
20171006.csv,legacy,2156,1952,204,0,0,
20171009.csv,legacy,2160,1960,200,0,0,
20171010.csv,legacy,2160,1966,194,0,0,
20171011.csv,legacy,2160,1948,212,0,0,
20171012.csv,legacy,2160,1932,228,0,0,
20171013.csv,legacy,2164,1933,231,0,0,
20171016.csv,legacy,2168,1936,232,0,0,
20171017.csv,legacy,2178,1950,228,0,0,
20171018.csv,legacy,2178,1946,232,0,0,
20171019.csv,legacy,2178,1999,179,0,0,
20171023.csv,legacy,2178,1940,238,0,0,
20171024.csv,legacy,2178,1927,251,0,0,
20171025.csv,legacy,2178,1900,278,0,0,
20171026.csv,legacy,2204,1913,291,0,0,
20171027.csv,legacy,2184,1981,203,0,0,
20171030.csv,legacy,2186,1992,194,0,0,
20171031.csv,legacy,2208,2016,192,0,0,
20171101.csv,legacy,2208,1977,231,0,0,
20171102.csv,legacy,2218,1986,232,0,0,
20171103.csv,legacy,2218,1992,226,0,0,
20171106.csv,legacy,2240,2018,222,0,0,
20171107.csv,legacy,2240,2004,236,0,0,
20171108.csv,legacy,2240,2005,235,0,0,
20171109.csv,legacy,2240,2016,224,0,0,
20171110.csv,legacy,2240,2005,235,0,0,
20171113.csv,legacy,2240,1999,241,0,0,
20171114.csv,legacy,2244,2016,228,0,0,
20171115.csv,legacy,2244,2003,241,0,0,
20171116.csv,legacy,2248,1997,251,0,0,
20171117.csv,legacy,2248,1999,249,0,0,
20171120.csv,legacy,2248,2019,229,0,0,
20171121.csv,legacy,2248,2005,243,0,0,
20171122.csv,legacy,2248,2019,229,0,0,
20171123.csv,legacy,2248,2007,241,0,0,
20171124.csv,legacy,2248,2007,241,0,0,
20171127.csv,legacy,2248,1991,257,0,0,
20171128.csv,legacy,2248,1982,266,0,0,
20171129.csv,legacy,2248,1988,260,0,0,
20171130.csv,legacy,2248,1964,284,0,0,
20171201.csv,legacy,2220,2007,213,0,0,
20171204.csv,legacy,2226,2015,211,0,0,
20171205.csv,legacy,2226,1998,228,0,0,
20171206.csv,legacy,2226,2018,208,0,0,
20171207.csv,legacy,2230,1996,234,0,0,
20171208.csv,legacy,2230,2012,218,0,0,
20171211.csv,legacy,2230,2006,224,0,0,
20171212.csv,legacy,2232,2000,232,0,0,
20171213.csv,legacy,2232,1990,242,0,0,
20171214.csv,legacy,2232,1998,234,0,0,
20171215.csv,legacy,2232,1976,256,0,0,
20171218.csv,legacy,2234,1970,264,0,0,
20171219.csv,legacy,2236,1978,258,0,0,
20171220.csv,legacy,2238,1964,274,0,0,
20171221.csv,legacy,2238,1973,265,0,0,
20171222.csv,legacy,2238,1955,283,0,0,
20171226.csv,legacy,2242,1921,321,0,0,
20171227.csv,legacy,2248,1926,322,0,0,
20171228.csv,legacy,2248,1899,349,0,0,
20171229.csv,legacy,2144,1947,197,0,0,
20180101.csv,legacy,2146,1943,203,0,0,
20180102.csv,legacy,2150,1946,204,0,0,
20180103.csv,legacy,2150,1950,200,0,0,
20180104.csv,legacy,2150,1948,202,0,0,
20180105.csv,legacy,2150,1942,208,0,0,
20180108.csv,legacy,2172,1967,205,0,0,
20180109.csv,legacy,2176,1955,221,0,0,
20180110.csv,legacy,2182,1974,208,0,0,
20180111.csv,legacy,2182,1964,218,0,0,
20180112.csv,legacy,2204,1976,228,0,0,
20180115.csv,legacy,2208,1976,232,0,0,
20180116.csv,legacy,2214,1989,225,0,0,
20180117.csv,legacy,2214,1963,251,0,0,
20180118.csv,legacy,2240,1985,255,0,0,
20180119.csv,legacy,2240,1979,261,0,0,
20180122.csv,legacy,2272,1998,274,0,0,
20180123.csv,legacy,2300,1993,307,0,0,
20180124.csv,legacy,2336,2020,316,0,0,
20180125.csv,legacy,2336,2018,318,0,0,
20180129.csv,legacy,2294,2077,217,0,0,
20180130.csv,legacy,2302,2093,209,0,0,
20180131.csv,legacy,2302,2085,217,0,0,
20180201.csv,legacy,2302,2076,226,0,0,
20180202.csv,legacy,2304,2082,222,0,0,
20180205.csv,legacy,2314,2059,255,0,0,
20180206.csv,legacy,2318,2042,276,0,0,
20180207.csv,legacy,2324,2067,257,0,0,
20180208.csv,legacy,2324,2056,268,0,0,
20180209.csv,legacy,2324,2051,273,0,0,
20180212.csv,legacy,2326,2067,259,0,0,
20180214.csv,legacy,2326,2060,266,0,0,
20180215.csv,legacy,2326,2062,264,0,0,
20180216.csv,legacy,2326,2046,280,0,0,
20180219.csv,legacy,2326,2025,301,0,0,
20180220.csv,legacy,2328,2025,303,0,0,
20180221.csv,legacy,2332,2034,298,0,0,
20180222.csv,legacy,2332,2010,322,0,0,
20180223.csv,legacy,2288,2066,222,0,0,
20180226.csv,legacy,2292,2053,239,0,0,
20180227.csv,legacy,2296,2071,225,0,0,
20180228.csv,legacy,2296,2066,230,0,0,
20180305.csv,legacy,2296,2055,241,0,0,
20180306.csv,legacy,2298,2057,241,0,0,
20180307.csv,legacy,2312,2050,262,0,0,
20180308.csv,legacy,2322,2066,256,0,0,
20180309.csv,legacy,2322,2071,251,0,0,
20180312.csv,legacy,2322,2057,265,0,0,
20180313.csv,legacy,2322,2062,260,0,0,
20180314.csv,legacy,2322,2042,280,0,0,
20180315.csv,legacy,2322,2062,260,0,0,
20180316.csv,legacy,2322,2040,282,0,0,
20180319.csv,legacy,2322,2039,283,0,0,
20180320.csv,legacy,2328,2051,277,0,0,
20180321.csv,legacy,2328,2039,289,0,0,
20180322.csv,legacy,2328,2032,296,0,0,
20180323.csv,legacy,2328,2015,313,0,0,
20180326.csv,legacy,2340,2007,333,0,0,
20180327.csv,legacy,2340,2008,332,0,0,
20180328.csv,legacy,2340,1973,367,0,0,
20180402.csv,legacy,2288,2060,228,0,0,
20180403.csv,legacy,2292,2082,210,0,0,
20180404.csv,legacy,2294,2060,234,0,0,
20180405.csv,legacy,2294,2061,233,0,0,
20180406.csv,legacy,2298,2061,237,0,0,
20180409.csv,legacy,2298,2070,228,0,0,
20180410.csv,legacy,2300,2079,221,0,0,
20180411.csv,legacy,2300,2071,229,0,0,
20180412.csv,legacy,2300,2070,230,0,0,
20180413.csv,legacy,2304,2060,244,0,0,
20180416.csv,legacy,2304,2055,249,0,0,
20180417.csv,legacy,2306,2059,247,0,0,
20180418.csv,legacy,2306,2061,245,0,0,
20180419.csv,legacy,2306,2069,237,0,0,
20180420.csv,legacy,2308,2049,259,0,0,
20180423.csv,legacy,2308,2023,285,0,0,
20180424.csv,legacy,2308,2014,294,0,0,
20180425.csv,legacy,2308,2022,286,0,0,
20180426.csv,legacy,2308,2016,292,0,0,
20180427.csv,legacy,2262,2060,202,0,0,
20180430.csv,legacy,2274,2067,207,0,0,
20180502.csv,legacy,2280,2078,202,0,0,
20180503.csv,legacy,2280,2078,202,0,0,
20180504.csv,legacy,2280,2072,208,0,0,
20180507.csv,legacy,2280,2064,216,0,0,
20180508.csv,legacy,2280,2053,227,0,0,
20180509.csv,legacy,2280,2061,219,0,0,
20180510.csv,legacy,2280,2065,215,0,0,
20180511.csv,legacy,2280,2056,224,0,0,
20180514.csv,legacy,2286,2041,245,0,0,
20180515.csv,legacy,2286,2035,251,0,0,
20180516.csv,legacy,2286,2043,243,0,0,
20180517.csv,legacy,2286,2055,231,0,0,
20180518.csv,legacy,2286,2060,226,0,0,
20180521.csv,legacy,2286,2050,236,0,0,
20180522.csv,legacy,2290,2061,229,0,0,
20180523.csv,legacy,2290,2045,245,0,0,
20180524.csv,legacy,2292,2044,248,0,0,
20180525.csv,legacy,2292,2031,261,0,0,
20180528.csv,legacy,2292,2034,258,0,0,
20180529.csv,legacy,2292,2004,288,0,0,
20180530.csv,legacy,2292,2006,286,0,0,
20180531.csv,legacy,2292,1979,313,0,0,
20180601.csv,legacy,2260,2051,209,0,0,
20180604.csv,legacy,2262,2061,201,0,0,
20180605.csv,legacy,2264,2053,211,0,0,
20180606.csv,legacy,2266,2049,217,0,0,
20180607.csv,legacy,2266,2036,230,0,0,
20180608.csv,legacy,2266,2036,230,0,0,
20180611.csv,legacy,2266,2042,224,0,0,
20180612.csv,legacy,2268,2044,224,0,0,
20180613.csv,legacy,2274,2057,217,0,0,
20180614.csv,legacy,2276,2053,223,0,0,
20180615.csv,legacy,2276,2036,240,0,0,
20180618.csv,legacy,2276,2051,225,0,0,
20180619.csv,legacy,2276,2033,243,0,0,
20180620.csv,legacy,2276,2035,241,0,0,
20180621.csv,legacy,2276,2037,239,0,0,
20180622.csv,legacy,2276,2024,252,0,0,
20180625.csv,legacy,2276,2007,269,0,0,
20180626.csv,legacy,2276,1982,294,0,0,
20180627.csv,legacy,2276,1973,303,0,0,
20180628.csv,legacy,2276,1956,320,0,0,
20180629.csv,legacy,2156,1947,209,0,0,
20180702.csv,legacy,2160,1937,223,0,0,
20180703.csv,legacy,2160,1953,207,0,0,
20180704.csv,legacy,2160,1954,206,0,0,
20180705.csv,legacy,2164,1956,208,0,0,
20180706.csv,legacy,2164,1959,205,0,0,
20180709.csv,legacy,2164,1953,211,0,0,
20180710.csv,legacy,2168,1940,228,0,0,
20180711.csv,legacy,2178,1945,233,0,0,
20180712.csv,legacy,2178,1941,237,0,0,
20180713.csv,legacy,2186,1953,233,0,0,
20180716.csv,legacy,2186,1951,235,0,0,
20180717.csv,legacy,2186,1946,240,0,0,
20180718.csv,legacy,2186,1934,252,0,0,
20180719.csv,legacy,2186,1943,243,0,0,
20180720.csv,legacy,2186,1940,246,0,0,
20180723.csv,legacy,2186,1917,269,0,0,
20180724.csv,legacy,2200,1930,270,0,0,
20180725.csv,legacy,2206,1915,291,0,0,
20180726.csv,legacy,2206,1904,302,0,0,
20180727.csv,legacy,2200,1984,216,0,0,
20180730.csv,legacy,2236,2010,226,0,0,
20180731.csv,legacy,2236,2013,223,0,0,
20180801.csv,legacy,2264,2044,220,0,0,
20180802.csv,legacy,2264,2042,222,0,0,
20180803.csv,legacy,2264,2025,239,0,0,
20180806.csv,legacy,2264,2037,227,0,0,
20180807.csv,legacy,2268,2041,227,0,0,
20180808.csv,legacy,2268,2013,255,0,0,
20180809.csv,legacy,2296,2048,248,0,0,
20180810.csv,legacy,2296,2059,237,0,0,
20180813.csv,legacy,2296,2054,242,0,0,
20180814.csv,legacy,2296,2066,230,0,0,
20180816.csv,legacy,2296,2069,227,0,0,
20180817.csv,legacy,2296,2040,256,0,0,
20180820.csv,legacy,2296,2029,267,0,0,
20180821.csv,legacy,2328,2080,248,0,0,
20180823.csv,legacy,2328,2058,270,0,0,
20180824.csv,legacy,2332,2067,265,0,0,
20180827.csv,legacy,2332,2041,291,0,0,
20180828.csv,legacy,2364,2061,303,0,0,
20180829.csv,legacy,2370,2060,310,0,0,
20180830.csv,legacy,2370,2052,318,0,0,
20180831.csv,legacy,2324,2096,228,0,0,
20180903.csv,legacy,2324,2098,226,0,0,
20180904.csv,legacy,2328,2106,222,0,0,
20180905.csv,legacy,2332,2108,224,0,0,
20180906.csv,legacy,2332,2107,225,0,0,
20180907.csv,legacy,2332,2122,210,0,0,
20180910.csv,legacy,2332,2108,224,0,0,
20180911.csv,legacy,2334,2098,236,0,0,
20180912.csv,legacy,2340,2103,237,0,0,
20180914.csv,legacy,2340,2093,247,0,0,
20180917.csv,legacy,2340,2087,253,0,0,
20180918.csv,legacy,2340,2088,252,0,0,
20180919.csv,legacy,2340,2073,267,0,0,
20180921.csv,legacy,2342,2048,294,0,0,
20180924.csv,legacy,2346,2022,324,0,0,
20180925.csv,legacy,2362,2038,324,0,0,
20180926.csv,legacy,2362,2022,340,0,0,
20180927.csv,legacy,2362,1912,450,0,0,
20180928.csv,legacy,2312,2061,251,0,0,
20181001.csv,legacy,2316,2081,235,0,0,
20181003.csv,legacy,2316,2091,225,0,0,
20181004.csv,legacy,2326,2079,247,0,0,
20181005.csv,legacy,2356,2078,278,0,0,
20181008.csv,legacy,2398,2072,326,0,0,
20181009.csv,legacy,2398,2112,286,0,0,
20181010.csv,legacy,2398,2128,270,0,0,
20181011.csv,legacy,2398,2101,297,0,0,
20181012.csv,legacy,2408,2131,277,0,0,
20181015.csv,legacy,2408,2136,272,0,0,
20181016.csv,legacy,2408,2119,289,0,0,
20181017.csv,legacy,2408,2120,288,0,0,
20181019.csv,legacy,2408,2110,298,0,0,
20181022.csv,legacy,2408,2087,321,0,0,
20181023.csv,legacy,2408,2067,341,0,0,
20181024.csv,legacy,2422,2059,363,0,0,
20181025.csv,legacy,2422,2052,370,0,0,
20181026.csv,legacy,2360,2119,241,0,0,
20181029.csv,legacy,2372,2117,255,0,0,
20181030.csv,legacy,2378,2147,231,0,0,
20181031.csv,legacy,2378,2124,254,0,0,
20181101.csv,legacy,2384,2145,239,0,0,
20181102.csv,legacy,2384,2132,252,0,0,
20181105.csv,legacy,2390,2150,240,0,0,
20181106.csv,legacy,2390,2149,241,0,0,
20181107.csv,legacy,2390,2206,184,0,0,
20181109.csv,legacy,2392,2151,241,0,0,
20181112.csv,legacy,2392,2141,251,0,0,
20181113.csv,legacy,2392,2137,255,0,0,
20181114.csv,legacy,2392,2145,247,0,0,
20181115.csv,legacy,2392,2137,255,0,0,
20181116.csv,legacy,2392,2133,259,0,0,
20181119.csv,legacy,2396,2128,268,0,0,
20181120.csv,legacy,2398,2121,277,0,0,
20181121.csv,legacy,2398,2106,292,0,0,
20181122.csv,legacy,2398,2119,279,0,0,
20181126.csv,legacy,2398,2090,308,0,0,
20181127.csv,legacy,2398,2094,304,0,0,
20181128.csv,legacy,2398,2083,315,0,0,
20181129.csv,legacy,2398,2068,330,0,0,
20181130.csv,legacy,2336,2112,224,0,0,
20181203.csv,legacy,2340,2119,221,0,0,
20181204.csv,legacy,2340,2120,220,0,0,
20181205.csv,legacy,2340,2116,224,0,0,
20181206.csv,legacy,2342,2101,241,0,0,
20181207.csv,legacy,2350,2115,235,0,0,
20181210.csv,legacy,2350,2097,253,0,0,
20181211.csv,legacy,2354,2081,273,0,0,
20181212.csv,legacy,2354,2087,267,0,0,
20181213.csv,legacy,2354,2090,264,0,0,
20181214.csv,legacy,2354,2102,252,0,0,
20181217.csv,legacy,2354,2078,276,0,0,
20181218.csv,legacy,2354,2068,286,0,0,
20181219.csv,legacy,2354,2066,288,0,0,
20181220.csv,legacy,2358,2060,298,0,0,
20181221.csv,legacy,2358,2053,305,0,0,
20181224.csv,legacy,2358,2023,335,0,0,
20181226.csv,legacy,2358,1996,362,0,0,
20181227.csv,legacy,2358,1988,370,0,0,
20181228.csv,legacy,2224,1998,226,0,0,
20181231.csv,legacy,2228,2011,217,0,0,
20190101.csv,legacy,2228,2003,225,0,0,
20190102.csv,legacy,2228,1999,229,0,0,
20190103.csv,legacy,2228,1993,235,0,0,
20190104.csv,legacy,2234,1994,240,0,0,
20190107.csv,legacy,2234,2002,232,0,0,
20190108.csv,legacy,2234,1996,238,0,0,
20190109.csv,legacy,2234,1982,252,0,0,
20190110.csv,legacy,2234,2011,223,0,0,
20190111.csv,legacy,2234,1994,240,0,0,
20190114.csv,legacy,2234,1998,236,0,0,
20190115.csv,legacy,2234,1972,262,0,0,
20190116.csv,legacy,2234,1987,247,0,0,
20190117.csv,legacy,2234,1980,254,0,0,
20190118.csv,legacy,2234,1982,252,0,0,
20190121.csv,legacy,2234,1971,263,0,0,
20190122.csv,legacy,2238,1977,261,0,0,
20190123.csv,legacy,2238,1971,267,0,0,
20190124.csv,legacy,2238,1976,262,0,0,
20190125.csv,legacy,2238,1970,268,0,0,
20190128.csv,legacy,2238,1949,289,0,0,
20190129.csv,legacy,2238,1956,282,0,0,
20190130.csv,legacy,2238,1957,281,0,0,
20190131.csv,legacy,2238,1927,311,0,0,
20190201.csv,legacy,2202,1974,228,0,0,
20190204.csv,legacy,2204,1977,227,0,0,
20190205.csv,legacy,2204,1982,222,0,0,
20190206.csv,legacy,2206,1976,230,0,0,
20190207.csv,legacy,2220,1996,224,0,0,
20190208.csv,legacy,2220,1997,223,0,0,
20190211.csv,legacy,3074,2780,294,0,0,
20190212.csv,legacy,3088,2789,299,0,0,
20190213.csv,legacy,3102,2805,297,0,0,
20190214.csv,legacy,3118,2803,315,0,0,
20190215.csv,legacy,3126,2826,300,0,0,
20190218.csv,legacy,3142,2845,297,0,0,
20190219.csv,legacy,3160,2855,305,0,0,
20190220.csv,legacy,3176,2844,332,0,0,
20190221.csv,legacy,3176,2850,326,0,0,
20190222.csv,legacy,3164,2893,271,0,0,
20190225.csv,legacy,3164,2875,289,0,0,
20190226.csv,legacy,3172,2861,311,0,0,
20190227.csv,legacy,3172,2825,347,0,0,
20190228.csv,legacy,3172,2815,357,0,0,
20190301.csv,legacy,3150,2873,277,0,0,
20190305.csv,legacy,3152,2873,279,0,0,
20190306.csv,legacy,3176,2870,306,0,0,
20190307.csv,legacy,3192,2860,332,0,0,
20190308.csv,legacy,3174,2891,283,0,0,
20190311.csv,legacy,3174,2859,315,0,0,
20190312.csv,legacy,3216,2869,347,0,0,
20190313.csv,legacy,3276,2930,346,0,0,
20190314.csv,legacy,3296,2946,350,0,0,
20190315.csv,legacy,3266,2923,343,0,0,
20190318.csv,legacy,3308,2957,351,0,0,
20190319.csv,legacy,3312,2942,370,0,0,
20190320.csv,legacy,3350,2977,373,0,0,
20190322.csv,legacy,3312,2986,326,0,0,
20190325.csv,legacy,3314,2988,326,0,0,
20190326.csv,legacy,3318,2960,358,0,0,
20190327.csv,legacy,3318,2933,385,0,0,
20190328.csv,legacy,3318,2903,415,0,0,
20190329.csv,legacy,3272,2955,317,0,0,
20190401.csv,legacy,3290,2942,348,0,0,
20190402.csv,legacy,3316,2974,342,0,0,
20190403.csv,legacy,3334,2980,354,0,0,
20190404.csv,legacy,3334,2971,363,0,0,
20190405.csv,legacy,3290,2993,297,0,0,
20190408.csv,legacy,3292,2967,325,0,0,
20190409.csv,legacy,3292,2970,322,0,0,
20190410.csv,legacy,3292,2963,329,0,0,
20190411.csv,legacy,3292,2953,339,0,0,
20190412.csv,legacy,3248,2968,280,0,0,
20190415.csv,legacy,3250,2971,279,0,0,
20190416.csv,legacy,3254,2943,311,0,0,
20190418.csv,legacy,3314,2975,339,0,0,
20190422.csv,legacy,3266,2974,292,0,0,
20190423.csv,legacy,3272,2973,299,0,0,
20190424.csv,legacy,3272,2939,333,0,0,
20190425.csv,legacy,3272,2909,363,0,0,
20190426.csv,legacy,3224,2954,270,0,0,
20190430.csv,legacy,3228,2939,289,0,0,
20190502.csv,legacy,3228,2914,314,0,0,
20190503.csv,legacy,3188,2911,277,0,0,
20190506.csv,legacy,3188,2894,294,0,0,
20190507.csv,legacy,3194,2885,309,0,0,
20190508.csv,legacy,3216,2892,324,0,0,
20190509.csv,legacy,3252,2912,340,0,0,
20190510.csv,legacy,3238,2966,272,0,0,
20190513.csv,legacy,3238,2945,293,0,0,
20190514.csv,legacy,3294,2980,314,0,0,
20190515.csv,legacy,3294,2988,306,0,0,
20190516.csv,legacy,3294,2951,343,0,0,
20190517.csv,legacy,3268,2994,274,0,0,
20190520.csv,legacy,3278,2974,304,0,0,
20190521.csv,legacy,3338,3011,327,0,0,
20190522.csv,legacy,3338,3017,321,0,0,
20190523.csv,legacy,3338,2960,378,0,0,
20190524.csv,legacy,3310,2986,324,0,0,
20190527.csv,legacy,3318,2956,362,0,0,
20190528.csv,legacy,3358,2968,390,0,0,
20190529.csv,legacy,3378,3006,372,0,0,
20190530.csv,legacy,3378,2973,405,0,0,
20190531.csv,legacy,3332,3001,331,0,0,
20190603.csv,legacy,3334,2975,359,0,0,
20190604.csv,legacy,3434,3080,354,0,0,
20190606.csv,legacy,3434,3067,367,0,0,
20190607.csv,legacy,3398,3085,313,0,0,
20190610.csv,legacy,3398,3072,326,0,0,
20190611.csv,legacy,3400,3052,348,0,0,
20190612.csv,legacy,3402,3047,355,0,0,
20190613.csv,legacy,3402,3047,355,0,0,
20190614.csv,legacy,3364,3061,303,0,0,
20190617.csv,legacy,3372,3037,335,0,0,
20190618.csv,legacy,3390,3046,344,0,0,
20190619.csv,legacy,3390,3025,365,0,0,
20190620.csv,legacy,3390,2968,422,0,0,
20190621.csv,legacy,3352,3019,333,0,0,
20190624.csv,legacy,3358,3016,342,0,0,
20190625.csv,legacy,3358,2997,361,0,0,
20190626.csv,legacy,3358,2986,372,0,0,
20190627.csv,legacy,3358,2956,402,0,0,
20190628.csv,legacy,3246,2963,283,0,0,
20190701.csv,legacy,3246,2953,293,0,0,
20190702.csv,legacy,3248,2955,293,0,0,
20190703.csv,legacy,3250,2953,297,0,0,
20190704.csv,legacy,3250,2942,308,0,0,
20190705.csv,legacy,3218,2926,292,0,0,
20190708.csv,legacy,3224,2880,344,0,0,
20190709.csv,legacy,3266,2931,335,0,0,
20190710.csv,legacy,3266,2932,334,0,0,
20190711.csv,legacy,3280,2941,339,0,0,
20190712.csv,legacy,3242,2949,293,0,0,
20190715.csv,legacy,3244,2960,284,0,0,
20190716.csv,legacy,3244,2934,310,0,0,
20190717.csv,legacy,3246,2932,314,0,0,
20190718.csv,legacy,3248,2925,323,0,0,
20190719.csv,legacy,3214,2901,313,0,0,
20190722.csv,legacy,3256,2931,325,0,0,
20190723.csv,legacy,3276,2949,327,0,0,
20190724.csv,legacy,3276,2913,363,0,0,
20190725.csv,legacy,3310,2926,384,0,0,
20190726.csv,legacy,3272,2953,319,0,0,
20190729.csv,legacy,3274,2944,330,0,0,
20190730.csv,legacy,3294,2939,355,0,0,
20190731.csv,legacy,3334,2972,362,0,0,
20190801.csv,legacy,3334,2931,403,0,0,
20190802.csv,legacy,3332,2973,359,0,0,
20190805.csv,legacy,3332,2984,348,0,0,
20190806.csv,legacy,3394,3025,369,0,0,
20190807.csv,legacy,3394,3032,362,0,0,
20190808.csv,legacy,3394,3000,394,0,0,
20190809.csv,legacy,3352,3005,347,0,0,
20190813.csv,legacy,3356,2986,370,0,0,
20190814.csv,legacy,3360,3001,359,0,0,
20190816.csv,legacy,3316,3016,300,0,0,
20190819.csv,legacy,3316,3008,308,0,0,
20190820.csv,legacy,3316,3004,312,0,0,
20190821.csv,legacy,3318,2979,339,0,0,
20190822.csv,legacy,3324,2934,390,0,0,
20190823.csv,legacy,3326,2979,347,0,0,
20190826.csv,legacy,3330,2970,360,0,0,
20190827.csv,legacy,3338,2974,364,0,0,
20190828.csv,legacy,3342,2967,375,0,0,
20190829.csv,legacy,3342,2928,414,0,0,
20190830.csv,legacy,3288,2938,350,0,0,
20190903.csv,legacy,3290,2923,367,0,0,
20190904.csv,legacy,3296,2953,343,0,0,
20190905.csv,legacy,3296,2936,360,0,0,
20190906.csv,legacy,3248,2967,281,0,0,
20190909.csv,legacy,3252,2921,331,0,0,
20190911.csv,legacy,3254,2924,330,0,0,
20190912.csv,legacy,3258,2911,347,0,0,
20190913.csv,legacy,3220,2917,303,0,0,
20190916.csv,legacy,3228,2939,289,0,0,
20190917.csv,legacy,3228,2890,338,0,0,
20190918.csv,legacy,3238,2901,337,0,0,
20190919.csv,legacy,3238,2871,367,0,0,
20190920.csv,legacy,3226,2843,383,0,0,
20190923.csv,legacy,3290,2880,410,0,0,
20190924.csv,legacy,3414,2993,421,0,0,
20190925.csv,legacy,3414,2982,432,0,0,
20190926.csv,legacy,3414,2957,457,0,0,
20190927.csv,legacy,3348,3014,334,0,0,
20190930.csv,legacy,3350,2982,368,0,0,
20191001.csv,legacy,3352,2974,378,0,0,
20191003.csv,legacy,3356,2974,382,0,0,
20191004.csv,legacy,3322,2960,362,0,0,
20191007.csv,legacy,3334,2965,369,0,0,
20191009.csv,legacy,3336,2939,397,0,0,
20191010.csv,legacy,3336,2947,389,0,0,
20191011.csv,legacy,3300,2945,355,0,0,
20191014.csv,legacy,3302,2943,359,0,0,
20191015.csv,legacy,3306,2925,381,0,0,
20191016.csv,legacy,3314,2920,394,0,0,
20191017.csv,legacy,3314,2912,402,0,0,
20191018.csv,legacy,3290,2932,358,0,0,
20191022.csv,legacy,3312,2954,358,0,0,
20191023.csv,legacy,3312,2943,369,0,0,
20191024.csv,legacy,3312,2925,387,0,0,
20191025.csv,legacy,3274,2958,316,0,0,
20191029.csv,legacy,3276,2905,371,0,0,
20191030.csv,legacy,3334,2937,397,0,0,
20191031.csv,legacy,3354,2909,445,0,0,
20191101.csv,legacy,3326,2992,334,0,0,
20191104.csv,legacy,3326,2966,360,0,0,
20191105.csv,legacy,3346,2980,366,0,0,
20191106.csv,legacy,3346,2970,376,0,0,
20191107.csv,legacy,3350,2940,410,0,0,
20191108.csv,legacy,3316,2970,346,0,0,
20191111.csv,legacy,3320,2979,341,0,0,
20191113.csv,legacy,3320,2966,354,0,0,
20191114.csv,legacy,3324,2949,375,0,0,
20191115.csv,legacy,3272,2953,319,0,0,
20191118.csv,legacy,3274,2964,310,0,0,
20191119.csv,legacy,3274,2959,315,0,0,
20191120.csv,legacy,3276,2943,333,0,0,
20191121.csv,legacy,3278,2924,354,0,0,
20191122.csv,legacy,3226,2915,311,0,0,
20191125.csv,legacy,3228,2876,352,0,0,
20191126.csv,legacy,3254,2873,381,0,0,
20191127.csv,legacy,3254,2883,371,0,0,
20191128.csv,legacy,3272,2848,424,0,0,
20191129.csv,legacy,3256,2925,331,0,0,
20191202.csv,legacy,3260,2940,320,0,0,
20191203.csv,legacy,3260,2931,329,0,0,
20191204.csv,legacy,3262,2904,358,0,0,
20191205.csv,legacy,3262,2893,369,0,0,
20191206.csv,legacy,3222,2907,315,0,0,
20191209.csv,legacy,3230,2911,319,0,0,
20191210.csv,legacy,3230,2884,346,0,0,
20191211.csv,legacy,3236,2895,341,0,0,
20191212.csv,legacy,3236,2846,390,0,0,
20191213.csv,legacy,3200,2870,330,0,0,
20191216.csv,legacy,3210,2893,317,0,0,
20191217.csv,legacy,3210,2862,348,0,0,
20191218.csv,legacy,3214,2847,367,0,0,
20191219.csv,legacy,3232,2837,395,0,0,
20191220.csv,legacy,3248,2910,338,0,0,
20191223.csv,legacy,3248,2885,363,0,0,
20191224.csv,legacy,3248,2875,373,0,0,
20191226.csv,legacy,3250,2791,459,0,0,
20191227.csv,legacy,3128,2820,308,0,0,
20191230.csv,legacy,3132,2799,333,0,0,
20191231.csv,legacy,3134,2811,323,0,0,
20200101.csv,legacy,3134,2812,322,0,0,
20200102.csv,legacy,3134,2770,364,0,0,
20200103.csv,legacy,3124,2813,311,0,0,
20200106.csv,legacy,3126,2766,360,0,0,
20200107.csv,legacy,3146,2779,367,0,0,
20200108.csv,legacy,3146,2767,379,0,0,
20200109.csv,legacy,3146,2758,388,0,0,
20200110.csv,legacy,3128,2789,339,0,0,
20200113.csv,legacy,3130,2794,336,0,0,
20200114.csv,legacy,3152,2794,358,0,0,
20200115.csv,legacy,3174,2810,364,0,0,
20200116.csv,legacy,3174,2795,379,0,0,
20200117.csv,legacy,3154,2827,327,0,0,
20200120.csv,legacy,3154,2804,350,0,0,
20200121.csv,legacy,3160,2803,357,0,0,
20200122.csv,legacy,3164,2812,352,0,0,
20200123.csv,legacy,3168,2797,371,0,0,
20200124.csv,legacy,3148,2834,314,0,0,
20200127.csv,legacy,3150,2824,326,0,0,
20200128.csv,legacy,3154,2813,341,0,0,
20200129.csv,legacy,3160,2805,355,0,0,
20200130.csv,legacy,3160,2777,383,0,0,
20200131.csv,legacy,3140,2819,321,0,0,
20200203.csv,legacy,3274,2889,385,0,0,
20200204.csv,legacy,3274,2882,392,0,0,
20200205.csv,legacy,3274,2890,384,0,0,
20200206.csv,legacy,3276,2871,405,0,0,
20200207.csv,legacy,3250,2920,330,0,0,
20200210.csv,legacy,3252,2929,323,0,0,
20200211.csv,legacy,3254,2907,347,0,0,
20200212.csv,legacy,3254,2893,361,0,0,
20200213.csv,legacy,3258,2892,366,0,0,
20200214.csv,legacy,3230,2915,315,0,0,
20200217.csv,legacy,3232,2901,331,0,0,
20200218.csv,legacy,3234,2881,353,0,0,
20200219.csv,legacy,3238,2882,356,0,0,
20200220.csv,legacy,3238,2872,366,0,0,
20200224.csv,legacy,3210,2856,354,0,0,
20200225.csv,legacy,3232,2860,372,0,0,
20200226.csv,legacy,3238,2828,410,0,0,
20200227.csv,legacy,3250,2807,443,0,0,
20200228.csv,legacy,3230,2861,369,0,0,
20200302.csv,legacy,3408,2984,424,0,0,
20200303.csv,legacy,3430,3003,427,0,0,
20200304.csv,legacy,3430,2969,461,0,0,
20200305.csv,legacy,3430,2963,467,0,0,
20200306.csv,legacy,3382,2974,408,0,0,
20200309.csv,legacy,3446,2951,495,0,0,
20200311.csv,legacy,3682,3136,546,0,0,
20200312.csv,legacy,3682,3079,603,0,0,
20200313.csv,legacy,3986,3439,547,0,0,
20200316.csv,legacy,4000,3450,550,0,0,
20200317.csv,legacy,4214,3557,657,0,0,
20200318.csv,legacy,4342,3664,678,0,0,
20200319.csv,legacy,4612,3896,716,0,0,
20200320.csv,legacy,4556,3974,582,0,0,
20200323.csv,legacy,4576,4005,571,0,0,
20200324.csv,legacy,4950,4350,600,0,0,
20200325.csv,legacy,4950,4354,596,0,0,
20200326.csv,legacy,4950,4315,635,0,0,
20200327.csv,legacy,4780,4300,480,0,0,
20200330.csv,legacy,4782,4262,520,0,0,
20200331.csv,legacy,4794,4279,515,0,0,
20200401.csv,legacy,4794,4216,578,0,0,
20200403.csv,legacy,4610,4103,507,0,0,
20200407.csv,legacy,4622,4037,585,0,0,
20200408.csv,legacy,4650,4062,588,0,0,
20200409.csv,legacy,4650,4082,568,0,0,
20200413.csv,legacy,4502,4019,483,0,0,
20200415.csv,legacy,4506,3960,546,0,0,
20200416.csv,legacy,4508,3955,553,0,0,
20200417.csv,legacy,4326,3862,464,0,0,
20200420.csv,legacy,4362,3877,485,0,0,
20200421.csv,legacy,4362,3856,506,0,0,
20200422.csv,legacy,4362,3813,549,0,0,
20200423.csv,legacy,4362,3837,525,0,0,
20200424.csv,legacy,4190,3761,429,0,0,
20200427.csv,legacy,4196,3741,455,0,0,
20200428.csv,legacy,4196,3698,498,0,0,
20200429.csv,legacy,4220,3694,526,0,0,
20200430.csv,legacy,4258,3671,587,0,0,
20200504.csv,legacy,4146,3709,437,0,0,
20200505.csv,legacy,4168,3704,464,0,0,
20200506.csv,legacy,4172,3693,479,0,0,
20200507.csv,legacy,4172,3665,507,0,0,
20200508.csv,legacy,4026,3611,415,0,0,
20200511.csv,legacy,4028,3590,438,0,0,
20200512.csv,legacy,4028,3565,463,0,0,
20200513.csv,legacy,4028,3543,485,0,0,
20200514.csv,legacy,4034,3538,496,0,0,
20200515.csv,legacy,3944,3513,431,0,0,
20200518.csv,legacy,3944,3477,467,0,0,
20200519.csv,legacy,4014,3546,468,0,0,
20200520.csv,legacy,4014,3530,484,0,0,
20200521.csv,legacy,4014,3534,480,0,0,
20200522.csv,legacy,3924,3541,383,0,0,
20200526.csv,legacy,3926,3479,447,0,0,
20200527.csv,legacy,3926,3435,491,0,0,
20200528.csv,legacy,3940,3421,519,0,0,
20200529.csv,legacy,3798,3387,411,0,0,
20200601.csv,legacy,3814,3321,493,0,0,
20200602.csv,legacy,3854,3361,493,0,0,
20200603.csv,legacy,3912,3370,542,0,0,
20200604.csv,legacy,3934,3390,544,0,0,
20200605.csv,legacy,3856,3403,453,0,0,
20200608.csv,legacy,3894,3415,479,0,0,
20200609.csv,legacy,3896,3400,496,0,0,
20200610.csv,legacy,3896,3411,485,0,0,
20200611.csv,legacy,3896,3378,518,0,0,
20200612.csv,legacy,3848,3388,460,0,0,
20200615.csv,legacy,3850,3382,468,0,0,
20200616.csv,legacy,3858,3372,486,0,0,
20200617.csv,legacy,3858,3377,481,0,0,
20200618.csv,legacy,3858,3333,525,0,0,
20200619.csv,legacy,3810,3349,461,0,0,
20200622.csv,legacy,3852,3360,492,0,0,
20200623.csv,legacy,3872,3352,520,0,0,
20200624.csv,legacy,3934,3385,549,0,0,
20200625.csv,legacy,3934,3361,573,0,0,
20200626.csv,legacy,2221,1758,463,0,0,
20200629.csv,legacy,2223,1737,486,0,0,
20200630.csv,legacy,2223,1765,458,0,0,
20200701.csv,legacy,2223,1744,479,0,0,
20200702.csv,legacy,2225,1713,512,0,0,
20200703.csv,legacy,2193,1742,451,0,0,
20200706.csv,legacy,2211,1723,488,0,0,
20200707.csv,legacy,2285,1789,496,0,0,
20200708.csv,legacy,2303,1781,522,0,0,
20200709.csv,legacy,2303,1777,526,0,0,
20200710.csv,legacy,2223,1770,453,0,0,
20200713.csv,legacy,2225,1753,472,0,0,
20200714.csv,legacy,2225,1737,488,0,0,
20200715.csv,legacy,2231,1743,488,0,0,
20200716.csv,legacy,2231,1729,502,0,0,
20200717.csv,legacy,2151,1714,437,0,0,
20200720.csv,legacy,2191,1699,492,0,0,
20200721.csv,legacy,2229,1719,510,0,0,
20200722.csv,legacy,2287,1764,523,0,0,
20200723.csv,legacy,2287,1749,538,0,0,
20200724.csv,legacy,2219,1707,512,0,0,
20200727.csv,legacy,2219,1747,472,0,0,
20200728.csv,legacy,2221,1718,503,0,0,
20200729.csv,legacy,2279,1753,526,0,0,
20200730.csv,legacy,2279,1713,566,0,0,
20200731.csv,legacy,2181,1746,435,0,0,
20200803.csv,legacy,2185,1727,458,0,0,
20200804.csv,legacy,2197,1723,474,0,0,
20200805.csv,legacy,2197,1703,494,0,0,
20200806.csv,legacy,2197,1683,514,0,0,
20200807.csv,legacy,2141,1719,422,0,0,
20200810.csv,legacy,2141,1666,475,0,0,
20200811.csv,legacy,2145,1673,472,0,0,
20200812.csv,legacy,2149,1691,458,0,0,
20200813.csv,legacy,2149,1641,508,0,0,
20200814.csv,legacy,2089,1643,446,0,0,
20200817.csv,legacy,2093,1673,420,0,0,
20200818.csv,legacy,2093,1636,457,0,0,
20200819.csv,legacy,2131,1663,468,0,0,
20200820.csv,legacy,2131,1647,484,0,0,
20200821.csv,legacy,2079,1654,425,0,0,
20200824.csv,legacy,2081,1642,439,0,0,
20200825.csv,legacy,2103,1659,444,0,0,
20200826.csv,legacy,2103,1648,455,0,0,
20200827.csv,legacy,2141,1628,513,0,0,
20200828.csv,legacy,2059,1643,416,0,0,
20200831.csv,legacy,2097,1629,468,0,0,
20200901.csv,legacy,2103,1637,466,0,0,
20200902.csv,legacy,2103,1648,455,0,0,
20200903.csv,legacy,2103,1630,473,0,0,
20200904.csv,legacy,2059,1615,444,0,0,
20200907.csv,legacy,2069,1598,471,0,0,
20200908.csv,legacy,2069,1615,454,0,0,
20200909.csv,legacy,2073,1600,473,0,0,
20200910.csv,legacy,2073,1568,505,0,0,
20200911.csv,legacy,2031,1613,418,0,0,
20200914.csv,legacy,2031,1573,458,0,0,
20200915.csv,legacy,2031,1591,440,0,0,
20200916.csv,legacy,2033,1570,463,0,0,
20200917.csv,legacy,2039,1574,465,0,0,
20200918.csv,legacy,2003,1579,424,0,0,
20200921.csv,legacy,2003,1549,454,0,0,
20200922.csv,legacy,2027,1539,488,0,0,
20200923.csv,legacy,2051,1513,538,0,0,
20200924.csv,legacy,2051,1457,594,0,0,
20200925.csv,legacy,1966,1501,465,0,0,
20200928.csv,legacy,1973,1505,468,0,0,
20200929.csv,legacy,1980,1516,464,0,0,
20200930.csv,legacy,1980,1504,476,0,0,
20201001.csv,legacy,1980,1463,517,0,0,
20201005.csv,legacy,1954,1505,449,0,0,
20201006.csv,legacy,1960,1495,465,0,0,
20201007.csv,legacy,1982,1492,490,0,0,
20201008.csv,legacy,2022,1478,544,0,0,
20201009.csv,legacy,2041,1572,469,0,0,
20201012.csv,legacy,2061,1570,491,0,0,
20201013.csv,legacy,2081,1598,483,0,0,
20201014.csv,legacy,2081,1565,516,0,0,
20201015.csv,legacy,2081,1519,562,0,0,
20201016.csv,legacy,2041,1588,453,0,0,
20201019.csv,legacy,2043,1596,447,0,0,
20201020.csv,legacy,2047,1589,458,0,0,
20201021.csv,legacy,2049,1553,496,0,0,
20201022.csv,legacy,2051,1544,507,0,0,
20201023.csv,legacy,2005,1580,425,0,0,
20201026.csv,legacy,2007,1540,467,0,0,
20201027.csv,legacy,2013,1529,484,0,0,
20201028.csv,legacy,2013,1493,520,0,0,
20201029.csv,legacy,2013,1479,534,0,0,
20201030.csv,legacy,1975,1523,452,0,0,
20201102.csv,legacy,1975,1474,501,0,0,
20201103.csv,legacy,1975,1495,480,0,0,
20201104.csv,legacy,1981,1451,530,0,0,
20201105.csv,legacy,1985,1451,534,0,0,
20201106.csv,legacy,1993,1521,472,0,0,
20201109.csv,legacy,2075,1586,489,0,0,
20201110.csv,legacy,2155,1622,533,0,0,
20201111.csv,legacy,2233,1666,567,0,0,
20201112.csv,legacy,2273,1714,559,0,0,
20201113.csv,legacy,2195,1752,443,0,0,
20201117.csv,legacy,2239,1749,490,0,0,
20201118.csv,legacy,2259,1756,503,0,0,
20201119.csv,legacy,2299,1743,556,0,0,
20201120.csv,legacy,2213,1757,456,0,0,
20201123.csv,legacy,2217,1733,484,0,0,
20201124.csv,legacy,2221,1669,552,0,0,
20201125.csv,legacy,2259,1660,599,0,0,
20201126.csv,legacy,2259,1611,648,0,0,
20201127.csv,legacy,2169,1670,499,0,0,
20201201.csv,legacy,2171,1670,501,0,0,
20201202.csv,legacy,2193,1655,538,0,0,
20201203.csv,legacy,2193,1622,571,0,0,
20201204.csv,legacy,2143,1663,480,0,0,
20201207.csv,legacy,2204,1679,525,0,0,
20201208.csv,legacy,2244,1686,558,0,0,
20201209.csv,legacy,2264,1699,565,0,0,
20201210.csv,legacy,2324,1703,621,0,0,
20201211.csv,legacy,2248,1716,532,0,0,
20201214.csv,legacy,2248,1706,542,0,0,
20201215.csv,legacy,2250,1702,548,0,0,
20201216.csv,legacy,2250,1655,595,0,0,
20201217.csv,legacy,2310,1660,650,0,0,
20201218.csv,legacy,2246,1725,521,0,0,
20201221.csv,legacy,2268,1656,612,0,0,
20201222.csv,legacy,2290,1672,618,0,0,
20201223.csv,legacy,2290,1691,599,0,0,
20201224.csv,legacy,2290,1646,644,0,0,
20201228.csv,legacy,2206,1643,563,0,0,
20201229.csv,legacy,2246,1645,601,0,0,
20201230.csv,legacy,2286,1664,622,0,0,
20201231.csv,legacy,2306,1593,713,0,0,
20210101.csv,legacy,2055,1552,503,0,0,
20210104.csv,legacy,2055,1466,589,0,0,
20210105.csv,legacy,2115,1546,569,0,0,
20210106.csv,legacy,2135,1528,607,0,0,
20210107.csv,legacy,2135,1499,636,0,0,
20210108.csv,legacy,2051,1501,550,0,0,
20210111.csv,legacy,2135,1563,572,0,0,
20210112.csv,legacy,2193,1610,583,0,0,
20210113.csv,legacy,2213,1585,628,0,0,
20210114.csv,legacy,2213,1567,646,0,0,
20210115.csv,legacy,2157,1611,546,0,0,
20210118.csv,legacy,2163,1585,578,0,0,
20210119.csv,legacy,2169,1587,582,0,0,
20210120.csv,legacy,2169,1562,607,0,0,
20210121.csv,legacy,2189,1525,664,0,0,
20210122.csv,legacy,2113,1557,556,0,0,
20210125.csv,legacy,2123,1535,588,0,0,
20210127.csv,legacy,2129,1499,630,0,0,
20210128.csv,legacy,2163,1451,712,0,0,
20210129.csv,legacy,2067,1429,638,0,0,
20210201.csv,legacy,2112,1452,660,0,0,
20210202.csv,legacy,2132,1470,662,0,0,
20210203.csv,legacy,2148,1484,664,0,0,
20210204.csv,legacy,2230,1559,671,0,0,
20210205.csv,legacy,2200,1626,574,0,0,
20210208.csv,legacy,2200,1603,597,0,0,
20210209.csv,legacy,2278,1640,638,0,0,
20210210.csv,legacy,2278,1634,644,0,0,
20210211.csv,legacy,2278,1621,657,0,0,
20210212.csv,legacy,2226,1684,542,0,0,
20210215.csv,legacy,2226,1658,568,0,0,
20210216.csv,legacy,2308,1704,604,0,0,
20210217.csv,legacy,2308,1689,619,0,0,
20210218.csv,legacy,2308,1656,652,0,0,
20210219.csv,legacy,2232,1687,545,0,0,
20210222.csv,legacy,2240,1648,592,0,0,
20210223.csv,legacy,2272,1634,638,0,0,
20210224.csv,legacy,2272,1656,616,0,0,
20210225.csv,legacy,2272,1594,678,0,0,
20210226.csv,legacy,2178,1559,619,0,0,
20210301.csv,legacy,2218,1610,608,0,0,
20210302.csv,legacy,2218,1593,625,0,0,
20210303.csv,legacy,2218,1560,658,0,0,
20210304.csv,legacy,2230,1543,687,0,0,
20210305.csv,legacy,2164,1567,597,0,0,
20210308.csv,legacy,2170,1590,580,0,0,
20210309.csv,legacy,2170,1552,618,0,0,
20210310.csv,legacy,2170,1546,624,0,0,
20210312.csv,legacy,2106,1542,564,0,0,
20210315.csv,legacy,2110,1518,592,0,0,
20210316.csv,legacy,2114,1517,597,0,0,
20210317.csv,legacy,2118,1515,603,0,0,
20210318.csv,legacy,2134,1474,660,0,0,
20210319.csv,legacy,2080,1524,556,0,0,
20210322.csv,legacy,2088,1516,572,0,0,
20210323.csv,legacy,2088,1481,607,0,0,
20210324.csv,legacy,2090,1446,644,0,0,
20210325.csv,legacy,2090,1378,712,0,0,
20210326.csv,legacy,2084,1514,570,0,0,
20210331.csv,legacy,2108,1520,588,0,0,
20210401.csv,legacy,2108,1492,616,0,0,
20210405.csv,legacy,2042,1485,557,0,0,
20210406.csv,legacy,2050,1476,574,0,0,
20210407.csv,legacy,2050,1473,577,0,0,
20210408.csv,legacy,2050,1443,607,0,0,
20210409.csv,legacy,2010,1478,532,0,0,
20210412.csv,legacy,2010,1404,606,0,0,
20210413.csv,legacy,2046,1456,590,0,0,
20210415.csv,legacy,2046,1417,629,0,0,
20210416.csv,legacy,2006,1470,536,0,0,
20210419.csv,legacy,2006,1421,585,0,0,
20210420.csv,legacy,2016,1433,583,0,0,
20210422.csv,legacy,2018,1392,626,0,0,
20210423.csv,legacy,1980,1454,526,0,0,
20210426.csv,legacy,1982,1436,546,0,0,
20210427.csv,legacy,1986,1396,590,0,0,
20210428.csv,legacy,1994,1374,620,0,0,
20210429.csv,legacy,2010,1351,659,0,0,
20210430.csv,legacy,1956,1416,540,0,0,
20210503.csv,legacy,1966,1393,573,0,0,
20210504.csv,legacy,1966,1391,575,0,0,
20210505.csv,legacy,1972,1360,612,0,0,
20210506.csv,legacy,1972,1367,605,0,0,
20210507.csv,legacy,1938,1418,520,0,0,
20210510.csv,legacy,1942,1399,543,0,0,
20210511.csv,legacy,1962,1418,544,0,0,
20210512.csv,legacy,1962,1375,587,0,0,
20210514.csv,legacy,1928,1429,499,0,0,
20210517.csv,legacy,1928,1399,529,0,0,
20210518.csv,legacy,1936,1352,584,0,0,
20210519.csv,legacy,1990,1425,565,0,0,
20210520.csv,legacy,1990,1398,592,0,0,
20210521.csv,legacy,1958,1445,513,0,0,
20210524.csv,legacy,2002,1459,543,0,0,
20210525.csv,legacy,2002,1462,540,0,0,
20210526.csv,legacy,2002,1440,562,0,0,
20210527.csv,legacy,2042,1438,604,0,0,
20210528.csv,legacy,2020,1506,514,0,0,
20210531.csv,legacy,2060,1498,562,0,0,
20210601.csv,legacy,2118,1554,564,0,0,
20210602.csv,legacy,2118,1547,571,0,0,
20210603.csv,legacy,2118,1502,616,0,0,
20210604.csv,legacy,2102,1573,529,0,0,
20210607.csv,legacy,2104,1552,552,0,0,
20210608.csv,legacy,2146,1597,549,0,0,
20210609.csv,legacy,2146,1541,605,0,0,
20210610.csv,legacy,2146,1543,603,0,0,
20210611.csv,legacy,2088,1567,521,0,0,
20210614.csv,legacy,2108,1562,546,0,0,
20210615.csv,legacy,2108,1565,543,0,0,
20210616.csv,legacy,2128,1572,556,0,0,
20210617.csv,legacy,2128,1525,603,0,0,
20210618.csv,legacy,2068,1535,533,0,0,
20210621.csv,legacy,2068,1526,542,0,0,
20210622.csv,legacy,2070,1476,594,0,0,
20210623.csv,legacy,2070,1456,614,0,0,
20210624.csv,legacy,2070,1437,633,0,0,
20210625.csv,legacy,1886,1396,490,0,0,
20210628.csv,legacy,1890,1389,501,0,0,
20210629.csv,legacy,1890,1370,520,0,0,
20210630.csv,legacy,1910,1381,529,0,0,
20210701.csv,legacy,1912,1327,585,0,0,
20210702.csv,legacy,1852,1359,493,0,0,
20210705.csv,legacy,1852,1343,509,0,0,
20210706.csv,legacy,1858,1342,516,0,0,
20210707.csv,legacy,1858,1322,536,0,0,
20210708.csv,legacy,1878,1297,581,0,0,
20210709.csv,legacy,1830,1287,543,0,0,
20210712.csv,legacy,1832,1302,530,0,0,
20210713.csv,legacy,1832,1321,511,0,0,
20210714.csv,legacy,1834,1312,522,0,0,
20210715.csv,legacy,1836,1286,550,0,0,
20210716.csv,legacy,1790,1310,480,0,0,
20210719.csv,legacy,1790,1271,519,0,0,
20210720.csv,legacy,1796,1270,526,0,0,
20210722.csv,legacy,1810,1279,531,0,0,
20210723.csv,legacy,1770,1316,454,0,0,
20210726.csv,legacy,1772,1280,492,0,0,
20210727.csv,legacy,1772,1241,531,0,0,
20210728.csv,legacy,1774,1195,579,0,0,
20210729.csv,legacy,1776,1176,600,0,0,
20210730.csv,legacy,1720,1225,495,0,0,
20210802.csv,legacy,1722,1204,518,0,0,
20210803.csv,legacy,1728,1164,564,0,0,
20210804.csv,legacy,1826,1217,609,0,0,
20210805.csv,legacy,1888,1235,653,0,0,
20210806.csv,legacy,1882,1333,549,0,0,
20210809.csv,legacy,1884,1347,537,0,0,
20210810.csv,legacy,1884,1325,559,0,0,
20210811.csv,legacy,1884,1304,580,0,0,
20210812.csv,legacy,1884,1295,589,0,0,
20210813.csv,legacy,1876,1351,525,0,0,
20210816.csv,legacy,1954,1385,569,0,0,
20210817.csv,legacy,1954,1370,584,0,0,
20210818.csv,legacy,1974,1315,659,0,0,
20210820.csv,legacy,1936,1371,565,0,0,
20210823.csv,legacy,1940,1350,590,0,0,
20210824.csv,legacy,1940,1333,607,0,0,
20210825.csv,legacy,1942,1298,644,0,0,
20210826.csv,legacy,1962,1296,666,0,0,
20210827.csv,legacy,1910,1310,600,0,0,
20210830.csv,legacy,1930,1270,660,0,0,
20210831.csv,legacy,2052,1348,704,0,0,
20210901.csv,legacy,2130,1374,756,0,0,
20210902.csv,legacy,2130,1323,807,0,0,
20210903.csv,legacy,2106,1418,688,0,0,
20210906.csv,legacy,2148,1438,710,0,0,
20210907.csv,legacy,2188,1454,734,0,0,
20210908.csv,legacy,2188,1457,731,0,0,
20210909.csv,legacy,2188,1433,755,0,0,
20210913.csv,legacy,2118,1474,644,0,0,
20210914.csv,legacy,2118,1460,658,0,0,
20210915.csv,legacy,2120,1417,703,0,0,
20210916.csv,legacy,2160,1398,762,0,0,
20210917.csv,legacy,2140,1472,668,0,0,
20210920.csv,legacy,2142,1452,690,0,0,
20210921.csv,legacy,2150,1447,703,0,0,
20210922.csv,legacy,2150,1450,700,0,0,
20210923.csv,legacy,2150,1378,772,0,0,
20210924.csv,legacy,2148,1474,674,0,0,
20210927.csv,legacy,2168,1489,679,0,0,
20210928.csv,legacy,2168,1426,742,0,0,
20210929.csv,legacy,2170,1409,761,0,0,
20210930.csv,legacy,2172,1369,803,0,0,
20211001.csv,legacy,2083,1404,679,0,0,
20211004.csv,legacy,2087,1372,715,0,0,
20211005.csv,legacy,2091,1351,740,0,0,
20211006.csv,legacy,2097,1319,778,0,0,
20211007.csv,legacy,2097,1296,801,0,0,
20211008.csv,legacy,2033,1365,668,0,0,
20211011.csv,legacy,2057,1361,696,0,0,
20211012.csv,legacy,2077,1370,707,0,0,
20211013.csv,legacy,2095,1342,753,0,0,
20211014.csv,legacy,2155,1340,815,0,0,
20211018.csv,legacy,2177,1450,727,0,0,
20211019.csv,legacy,2235,1473,762,0,0,
20211020.csv,legacy,2235,1480,755,0,0,
20211021.csv,legacy,2239,1412,827,0,0,
20211022.csv,legacy,2159,1476,683,0,0,
20211025.csv,legacy,2167,1456,711,0,0,
20211026.csv,legacy,2167,1439,728,0,0,
20211027.csv,legacy,2169,1399,770,0,0,
20211028.csv,legacy,2169,1319,850,0,0,
20211029.csv,legacy,2079,1354,725,0,0,
20211101.csv,legacy,2109,1400,709,0,0,
20211102.csv,legacy,2113,1397,716,0,0,
20211103.csv,legacy,2113,1339,774,0,0,
20211104.csv,legacy,2063,1572,491,0,0,
20211108.csv,legacy,2065,1376,689,0,0,
20211109.csv,legacy,2075,1409,666,0,0,
20211110.csv,legacy,2075,1375,700,0,0,
20211111.csv,legacy,2075,1349,726,0,0,
20211112.csv,legacy,2029,1402,627,0,0,
20211115.csv,legacy,2043,1393,650,0,0,
20211116.csv,legacy,2043,1378,665,0,0,
20211117.csv,legacy,2043,1339,704,0,0,
20211118.csv,legacy,2043,1270,773,0,0,
20211122.csv,legacy,2007,1221,786,0,0,
20211123.csv,legacy,2099,1260,839,0,0,
20211124.csv,legacy,2099,1303,796,0,0,
20211125.csv,legacy,2099,1275,824,0,0,
20211126.csv,legacy,2025,1226,799,0,0,
20211129.csv,legacy,2173,1339,834,0,0,
20211130.csv,legacy,2173,1345,828,0,0,
20211201.csv,legacy,2191,1365,826,0,0,
20211202.csv,legacy,2191,1332,859,0,0,
20211203.csv,legacy,2131,1355,776,0,0,
20211206.csv,legacy,2139,1330,809,0,0,
20211207.csv,legacy,2187,1408,779,0,0,
20211208.csv,legacy,2187,1403,784,0,0,
20211209.csv,legacy,2189,1354,835,0,0,
20211210.csv,legacy,2127,1413,714,0,0,
20211213.csv,legacy,2127,1382,745,0,0,
20211214.csv,legacy,2133,1409,724,0,0,
20211215.csv,legacy,2135,1402,733,0,0,
20211216.csv,legacy,2139,1378,761,0,0,
20211217.csv,legacy,2075,1383,692,0,0,
20211220.csv,legacy,2093,1331,762,0,0,
20211221.csv,legacy,2223,1429,794,0,0,
20211222.csv,legacy,2223,1451,772,0,0,
20211223.csv,legacy,2223,1415,808,0,0,
20211224.csv,legacy,2157,1440,717,0,0,
20211227.csv,legacy,2159,1411,748,0,0,
20211228.csv,legacy,2161,1417,744,0,0,
20211229.csv,legacy,2167,1404,763,0,0,
20211230.csv,legacy,2167,1353,814,0,0,
20211231.csv,legacy,1969,1293,676,0,0,
20220103.csv,legacy,1983,1263,720,0,0,
20220104.csv,legacy,2055,1311,744,0,0,
20220105.csv,legacy,2093,1309,784,0,0,
20220106.csv,legacy,2135,1337,798,0,0,
20220107.csv,legacy,2075,1374,701,0,0,
20220110.csv,legacy,2077,1365,712,0,0,
20220111.csv,legacy,2097,1371,726,0,0,
20220112.csv,legacy,2113,1381,732,0,0,
20220113.csv,legacy,2169,1409,760,0,0,
20220114.csv,legacy,2123,1460,663,0,0,
20220117.csv,legacy,2123,1440,683,0,0,
20220118.csv,legacy,2143,1398,745,0,0,
20220119.csv,legacy,2149,1400,749,0,0,
20220120.csv,legacy,2155,1362,793,0,0,
20220121.csv,legacy,2095,1404,691,0,0,
20220124.csv,legacy,2113,1340,773,0,0,
20220125.csv,legacy,2169,1360,809,0,0,
20220127.csv,legacy,2169,1307,862,0,0,
20220128.csv,legacy,2109,1363,746,0,0,
20220131.csv,legacy,2109,1355,754,0,0,
20220201.csv,legacy,2119,1319,800,0,0,
20220202.csv,legacy,2129,1313,816,0,0,
20220203.csv,legacy,2139,1275,864,0,0,
20220204.csv,legacy,2071,1320,751,0,0,
20220207.csv,legacy,2073,1289,784,0,0,
20220208.csv,legacy,2085,1266,819,0,0,
20220209.csv,legacy,2085,1272,813,0,0,
20220210.csv,legacy,2085,1234,851,0,0,
20220211.csv,legacy,2019,1307,712,0,0,
20220214.csv,legacy,2029,1234,795,0,0,
20220215.csv,legacy,2117,1272,845,0,0,
20220216.csv,legacy,2117,1277,840,0,0,
20220217.csv,legacy,2117,1268,849,0,0,
20220218.csv,legacy,2049,1287,762,0,0,
20220221.csv,legacy,2049,1246,803,0,0,
20220222.csv,legacy,2053,1236,817,0,0,
20220223.csv,legacy,2057,1216,841,0,0,
20220224.csv,legacy,2059,1116,943,0,0,
20220225.csv,legacy,2229,1375,854,0,0,
20220228.csv,legacy,2245,1327,918,0,0,
20220302.csv,legacy,2251,1348,903,0,0,
20220303.csv,legacy,2251,1327,924,0,0,
20220304.csv,legacy,2169,1312,857,0,0,
20220307.csv,legacy,2179,1293,886,0,0,
20220308.csv,legacy,2337,1405,932,0,0,
20220309.csv,legacy,2337,1392,945,0,0,
20220310.csv,legacy,2337,1324,1013,0,0,
20220311.csv,legacy,2243,1366,877,0,0,
20220314.csv,legacy,2247,1368,879,0,0,
20220315.csv,legacy,2265,1357,908,0,0,
20220316.csv,legacy,2265,1364,901,0,0,
20220317.csv,legacy,2283,1310,973,0,0,
20220321.csv,legacy,2221,1415,806,0,0,
20220322.csv,legacy,2229,1350,879,0,0,
20220323.csv,legacy,2229,1339,890,0,0,
20220324.csv,legacy,2229,1332,897,0,0,
20220325.csv,legacy,2151,1337,814,0,0,
20220328.csv,legacy,2153,1304,849,0,0,
20220329.csv,legacy,2153,1301,852,0,0,
20220330.csv,legacy,2169,1314,855,0,0,
20220331.csv,legacy,2205,1322,883,0,0,
20220401.csv,legacy,2105,1314,791,0,0,
20220404.csv,legacy,2153,1296,857,0,0,
20220405.csv,legacy,2307,1391,916,0,0,
20220406.csv,legacy,2307,1380,927,0,0,
20220407.csv,legacy,2307,1355,952,0,0,
20220408.csv,legacy,2219,1354,865,0,0,
20220411.csv,legacy,2225,1358,867,0,0,
20220412.csv,legacy,2225,1343,882,0,0,
20220413.csv,legacy,2229,1298,931,0,0,
20220418.csv,legacy,2143,1316,827,0,0,
20220419.csv,legacy,2183,1298,885,0,0,
20220420.csv,legacy,2219,1300,919,0,0,
20220421.csv,legacy,2219,1328,891,0,0,
20220422.csv,legacy,2131,1345,786,0,0,
20220425.csv,legacy,2141,1272,869,0,0,
20220426.csv,legacy,2149,1278,871,0,0,
20220427.csv,legacy,2149,1271,878,0,0,
20220428.csv,legacy,2149,1207,942,0,0,
20220429.csv,legacy,2061,1237,824,0,0,
20220502.csv,legacy,2067,1188,879,0,0,
20220504.csv,legacy,2069,1144,925,0,0,
20220505.csv,legacy,2143,1236,907,0,0,
20220506.csv,legacy,2055,1221,834,0,0,
20220509.csv,legacy,2159,1241,918,0,0,
20220510.csv,legacy,2195,1350,845,0,0,
20220511.csv,legacy,2213,1317,896,0,0,
20220512.csv,legacy,2249,1298,951,0,0,
20220513.csv,legacy,2285,1428,857,0,0,
20220516.csv,legacy,2285,1433,852,0,0,
20220517.csv,legacy,2287,1408,879,0,0,
20220518.csv,legacy,2303,1378,925,0,0,
20220519.csv,legacy,2303,1355,948,0,0,
20220520.csv,legacy,2213,1365,848,0,0,
20220523.csv,legacy,2231,1376,855,0,0,
20220524.csv,legacy,2231,1381,850,0,0,
20220525.csv,legacy,2231,1354,877,0,0,
20220526.csv,legacy,2231,1254,977,0,0,
20220527.csv,legacy,2141,1269,872,0,0,
20220530.csv,legacy,2157,1215,942,0,0,
20220531.csv,legacy,2193,1261,932,0,0,
20220601.csv,legacy,2193,1250,943,0,0,
20220602.csv,legacy,2193,1221,972,0,0,
20220603.csv,legacy,2103,1247,856,0,0,
20220606.csv,legacy,2105,1252,853,0,0,
20220607.csv,legacy,2107,1203,904,0,0,
20220608.csv,legacy,2113,1190,923,0,0,
20220609.csv,legacy,2115,1143,972,0,0,
20220610.csv,legacy,2035,1190,845,0,0,
20220613.csv,legacy,2053,1148,905,0,0,
20220614.csv,legacy,2119,1193,926,0,0,
20220615.csv,legacy,2119,1224,895,0,0,
20220616.csv,legacy,2139,1129,1010,0,0,
20220617.csv,legacy,2211,1278,933,0,0,
20220620.csv,legacy,2231,1297,934,0,0,
20220621.csv,legacy,2231,1282,949,0,0,
20220622.csv,legacy,2243,1299,944,0,0,
20220623.csv,legacy,2243,1218,1025,0,0,
20220624.csv,legacy,2159,1323,836,0,0,
20220627.csv,legacy,2167,1261,906,0,0,
20220628.csv,legacy,2179,1295,884,0,0,
20220629.csv,legacy,2179,1276,903,0,0,
20220630.csv,legacy,2179,1238,941,0,0,
20220701.csv,legacy,2050,1164,886,0,0,
20220704.csv,legacy,2052,1241,811,0,0,
20220705.csv,legacy,2054,1163,891,0,0,
20220706.csv,legacy,2054,1183,871,0,0,
20220707.csv,legacy,2072,1153,919,0,0,
20220708.csv,legacy,2058,1258,800,0,0,
20220711.csv,legacy,2066,1252,814,0,0,
20220712.csv,legacy,2066,1254,812,0,0,
20220713.csv,legacy,2013,1170,843,0,0,
20220714.csv,legacy,2013,1119,894,0,0,
20220715.csv,legacy,1985,1212,773,0,0,
20220718.csv,legacy,1985,1184,801,0,0,
20220719.csv,legacy,2005,1215,790,0,0,
20220720.csv,legacy,2015,1188,827,0,0,
20220721.csv,legacy,2061,1201,860,0,0,
20220722.csv,legacy,2073,1300,773,0,0,
20220725.csv,legacy,2105,1313,792,0,0,
20220726.csv,legacy,2105,1324,781,0,0,
20220727.csv,legacy,2105,1311,794,0,0,
20220728.csv,legacy,2105,1206,899,0,0,
20220729.csv,legacy,2237,1418,819,0,0,
20220801.csv,legacy,2309,1445,864,0,0,
20220802.csv,legacy,2381,1524,857,0,0,
20220803.csv,legacy,2381,1486,895,0,0,
20220804.csv,legacy,2399,1426,973,0,0,
20220805.csv,legacy,2435,1606,829,0,0,
20220808.csv,legacy,2435,1597,838,0,0,
20220810.csv,legacy,2498,1621,877,0,0,
20220811.csv,legacy,2498,1553,945,0,0,
20220812.csv,legacy,2546,1701,845,0,0,
20220816.csv,legacy,2560,1701,859,0,0,
20220817.csv,legacy,2602,1710,892,0,0,
20220818.csv,legacy,2630,1683,947,0,0,
20220819.csv,legacy,2622,1781,841,0,0,
20220822.csv,legacy,2622,1785,837,0,0,
20220823.csv,legacy,2622,1751,871,0,0,
20220824.csv,legacy,2622,1777,845,0,0,
20220825.csv,legacy,2622,1667,955,0,0,
20220826.csv,legacy,2614,1822,792,0,0,
20220829.csv,legacy,2614,1767,847,0,0,
20220830.csv,legacy,2614,1689,925,0,0,
20220901.csv,legacy,2614,1654,960,0,0,
20220902.csv,legacy,2614,1783,831,0,0,
20220905.csv,legacy,2614,1815,799,0,0,
20220906.csv,legacy,2614,1785,829,0,0,
20220907.csv,legacy,2614,1774,840,0,0,
20220908.csv,legacy,2614,1729,885,0,0,
20220909.csv,legacy,2604,1808,796,0,0,
20220912.csv,legacy,2604,1851,753,0,0,
20220913.csv,legacy,2604,1817,787,0,0,
20220914.csv,legacy,2616,1720,896,0,0,
20220915.csv,legacy,2616,1717,899,0,0,
20220916.csv,legacy,2598,1781,817,0,0,
20220919.csv,legacy,2598,1781,817,0,0,
20220920.csv,legacy,2598,1768,830,0,0,
20220921.csv,legacy,2598,1778,820,0,0,
20220922.csv,legacy,2598,1701,897,0,0,
20220923.csv,legacy,2591,1794,797,0,0,
20220926.csv,legacy,2591,1728,863,0,0,
20220927.csv,legacy,2591,1698,893,0,0,
20220928.csv,legacy,2591,1697,894,0,0,
20220929.csv,legacy,2591,1620,971,0,0,
20220930.csv,legacy,2498,1641,857,0,0,
20221003.csv,legacy,2508,1650,858,0,0,
20221004.csv,legacy,2508,1627,881,0,0,
20221006.csv,legacy,2514,1580,934,0,0,
20221007.csv,legacy,2490,1706,784,0,0,
20221010.csv,legacy,2490,1644,846,0,0,
20221011.csv,legacy,2490,1623,867,0,0,
20221012.csv,legacy,2490,1613,877,0,0,
20221013.csv,legacy,2490,1594,896,0,0,
20221014.csv,legacy,2472,1671,801,0,0,
20221017.csv,legacy,2472,1666,806,0,0,
20221018.csv,legacy,2472,1641,831,0,0,
20221019.csv,legacy,2476,1643,833,0,0,
20221020.csv,legacy,2476,1632,844,0,0,
20221021.csv,legacy,2472,1652,820,0,0,
20221024.csv,legacy,2474,1815,659,0,0,
20221025.csv,legacy,2480,1591,889,0,0,
20221027.csv,legacy,2480,1534,946,0,0,
20221028.csv,legacy,2480,1670,810,0,0,
20221031.csv,legacy,2482,1671,811,0,0,
20221101.csv,legacy,2489,1634,855,0,0,
20221102.csv,legacy,2495,1658,837,0,0,
20221103.csv,legacy,2495,1631,864,0,0,
20221104.csv,legacy,2519,1772,747,0,0,
20221107.csv,legacy,2519,1753,766,0,0,
20221109.csv,legacy,2521,1708,813,0,0,
20221110.csv,legacy,2521,1674,847,0,0,
20221111.csv,legacy,2435,1703,732,0,0,
20221114.csv,legacy,2453,1708,745,0,0,
20221115.csv,legacy,2453,1707,746,0,0,
20221116.csv,legacy,2457,1683,774,0,0,
20221117.csv,legacy,2457,1655,802,0,0,
20221118.csv,legacy,2375,1662,713,0,0,
20221121.csv,legacy,2377,1652,725,0,0,
20221122.csv,legacy,2383,1643,740,0,0,
20221123.csv,legacy,2383,1610,773,0,0,
20221124.csv,legacy,2383,1540,843,0,0,
20221125.csv,legacy,2305,1597,708,0,0,
20221128.csv,legacy,2327,1600,727,0,0,
20221129.csv,legacy,2343,1551,792,0,0,
20221130.csv,legacy,2359,1552,807,0,0,
20221201.csv,legacy,2407,1530,877,0,0,
20221202.csv,legacy,2317,1584,733,0,0,
20221205.csv,legacy,2321,1574,747,0,0,
20221206.csv,legacy,2321,1598,723,0,0,
20221207.csv,legacy,2323,1544,779,0,0,
20221208.csv,legacy,2327,1522,805,0,0,
20221209.csv,legacy,2221,1492,729,0,0,
20221212.csv,legacy,2227,1504,723,0,0,
20221213.csv,legacy,2227,1490,737,0,0,
20221214.csv,legacy,2227,1493,734,0,0,
20221215.csv,legacy,2229,1442,787,0,0,
20221216.csv,legacy,2013,1301,712,0,0,
20221219.csv,legacy,2031,1311,720,0,0,
20221220.csv,legacy,2031,1276,755,0,0,
20221221.csv,legacy,2031,1241,790,0,0,
20221222.csv,legacy,2037,1181,856,0,0,
20221223.csv,legacy,1815,1028,787,0,0,
20221226.csv,legacy,1881,1049,832,0,0,
20221227.csv,legacy,1881,1061,820,0,0,
20221228.csv,legacy,1881,1057,824,0,0,
20221229.csv,legacy,1881,993,888,0,0,
20221230.csv,legacy,1710,948,762,0,0,
20230102.csv,legacy,1714,975,739,0,0,
20230103.csv,legacy,1714,960,754,0,0,
20230104.csv,legacy,1716,914,802,0,0,
20230105.csv,legacy,1718,874,844,0,0,
20230106.csv,legacy,1478,766,712,0,0,
20230109.csv,legacy,1484,774,710,0,0,
20230110.csv,legacy,1484,772,712,0,0,
20230111.csv,legacy,1484,741,743,0,0,
20230112.csv,legacy,1484,728,756,0,0,
20230113.csv,legacy,1444,771,673,0,0,
20230116.csv,legacy,1448,742,706,0,0,
20230117.csv,legacy,1448,749,699,0,0,
20230118.csv,legacy,1452,720,732,0,0,
20230119.csv,legacy,1456,703,753,0,0,
20230120.csv,legacy,1416,759,657,0,0,
20230123.csv,legacy,1418,752,666,0,0,
20230124.csv,legacy,1418,727,691,0,0,
20230125.csv,legacy,1418,648,770,0,0,
20230127.csv,legacy,1304,614,690,0,0,
20230130.csv,legacy,1372,626,746,0,0,
20230131.csv,legacy,1372,620,752,0,0,
20230201.csv,legacy,1372,575,797,0,0,
20230202.csv,legacy,1372,571,801,0,0,
20230203.csv,legacy,1324,637,687,0,0,
20230206.csv,legacy,1334,663,671,0,0,
20230207.csv,legacy,1334,641,693,0,0,
20230208.csv,legacy,1334,637,697,0,0,
20230209.csv,legacy,1334,623,711,0,0,
20230210.csv,legacy,1294,674,620,0,0,
20230213.csv,legacy,1296,662,634,0,0,
20230214.csv,legacy,1300,646,654,0,0,
20230215.csv,legacy,1306,656,650,0,0,
20230216.csv,legacy,1312,631,681,0,0,
20230217.csv,legacy,1296,680,616,0,0,
20230220.csv,legacy,1300,654,646,0,0,
20230221.csv,legacy,1304,652,652,0,0,
20230222.csv,legacy,1304,598,706,0,0,
20230223.csv,legacy,1334,579,755,0,0,
20230224.csv,legacy,1294,613,681,0,0,
20230227.csv,legacy,1325,647,678,0,0,
20230228.csv,legacy,1339,611,728,0,0,
20230301.csv,legacy,1367,637,730,0,0,
20230302.csv,legacy,1367,628,739,0,0,
20230303.csv,legacy,1335,679,656,0,0,
20230306.csv,legacy,1351,666,685,0,0,
20230308.csv,legacy,1359,640,719,0,0,
20230309.csv,legacy,1363,637,726,0,0,
20230310.csv,legacy,1333,687,646,0,0,
20230313.csv,legacy,1341,634,707,0,0,
20230314.csv,legacy,1387,638,749,0,0,
20230315.csv,legacy,1415,618,797,0,0,
20230316.csv,legacy,1443,584,859,0,0,
20230317.csv,legacy,1399,672,727,0,0,
20230320.csv,legacy,1403,645,758,0,0,
20230321.csv,legacy,1403,652,751,0,0,
20230322.csv,legacy,1403,647,756,0,0,
20230323.csv,legacy,1405,617,788,0,0,
20230324.csv,legacy,1361,638,723,0,0,
20230327.csv,legacy,1369,630,739,0,0,
20230328.csv,legacy,1369,622,747,0,0,
20230329.csv,legacy,1369,577,792,0,0,
20230331.csv,legacy,1313,656,657,0,0,
20230403.csv,legacy,1341,650,691,0,0,
20230405.csv,legacy,1347,631,716,0,0,
20230406.csv,legacy,1365,613,752,0,0,
20230410.csv,legacy,1339,718,621,0,0,
20230411.csv,legacy,1339,686,653,0,0,
20230412.csv,legacy,1359,653,706,0,0,
20230413.csv,legacy,1381,653,728,0,0,
20230417.csv,legacy,1357,715,642,0,0,
20230418.csv,legacy,1363,726,637,0,0,
20230419.csv,legacy,1365,710,655,0,0,
20230420.csv,legacy,1367,693,674,0,0,
20230421.csv,legacy,1331,738,593,0,0,
20230424.csv,legacy,1331,708,623,0,0,
20230425.csv,legacy,1337,692,645,0,0,
20230426.csv,legacy,1337,673,664,0,0,
20230427.csv,legacy,1339,635,704,0,0,
20230428.csv,legacy,1309,668,641,0,0,
20230502.csv,legacy,1351,694,657,0,0,
20230503.csv,legacy,1379,688,691,0,0,
20230504.csv,legacy,1379,642,737,0,0,
20230505.csv,legacy,1355,715,640,0,0,
20230508.csv,legacy,1363,707,656,0,0,
20230509.csv,legacy,1363,699,664,0,0,
20230510.csv,legacy,1363,703,660,0,0,
20230511.csv,legacy,1377,687,690,0,0,
20230512.csv,legacy,1349,733,616,0,0,
20230515.csv,legacy,1349,663,686,0,0,
20230516.csv,legacy,1377,700,677,0,0,
20230517.csv,legacy,1377,700,677,0,0,
20230518.csv,legacy,1381,675,706,0,0,
20230519.csv,legacy,1351,712,639,0,0,
20230522.csv,legacy,1353,680,673,0,0,
20230523.csv,legacy,1357,666,691,0,0,
20230524.csv,legacy,1359,664,695,0,0,
20230525.csv,legacy,1359,608,751,0,0,
20230526.csv,legacy,1301,644,657,0,0,
20230529.csv,legacy,1333,630,703,0,0,
20230530.csv,legacy,1382,667,715,0,0,
20230531.csv,legacy,1396,656,740,0,0,
20230601.csv,legacy,1396,646,750,0,0,
20230602.csv,legacy,1354,709,645,0,0,
20230605.csv,legacy,1356,716,640,0,0,
20230606.csv,legacy,1358,703,655,0,0,
20230607.csv,legacy,1358,676,682,0,0,
20230608.csv,legacy,1388,665,723,0,0,
20230609.csv,legacy,1360,767,593,0,0,
20230612.csv,legacy,1364,760,604,0,0,
20230613.csv,legacy,1364,719,645,0,0,
20230614.csv,legacy,1366,716,650,0,0,
20230615.csv,legacy,1368,682,686,0,0,
20230616.csv,legacy,1344,729,615,0,0,
20230619.csv,legacy,1374,731,643,0,0,
20230620.csv,legacy,1374,723,651,0,0,
20230621.csv,legacy,1374,702,672,0,0,
20230622.csv,legacy,1374,646,728,0,0,
20230623.csv,legacy,1346,718,628,0,0,
20230626.csv,legacy,1352,692,660,0,0,
20230627.csv,legacy,1352,645,707,0,0,
20230628.csv,legacy,1354,597,757,0,0,
20230630.csv,legacy,1267,579,688,0,0,
20230703.csv,legacy,1337,565,772,0,0,
20230704.csv,legacy,1365,568,797,0,0,
20230705.csv,legacy,1393,559,834,0,0,
20230706.csv,legacy,1393,535,858,0,0,
20230707.csv,legacy,1379,624,755,0,0,
20230710.csv,legacy,1385,643,742,0,0,
20230711.csv,legacy,1385,648,737,0,0,
20230712.csv,legacy,1385,637,748,0,0,
20230713.csv,legacy,1385,579,806,0,0,
20230714.csv,legacy,1347,659,688,0,0,
20230717.csv,legacy,1387,677,710,0,0,
20230718.csv,legacy,1429,675,754,0,0,
20230719.csv,legacy,1443,650,793,0,0,
20230720.csv,legacy,1471,620,851,0,0,
20230721.csv,legacy,1459,695,764,0,0,
20230724.csv,legacy,1469,714,755,0,0,
20230725.csv,legacy,1473,685,788,0,0,
20230726.csv,legacy,1473,666,807,0,0,
20230727.csv,legacy,1473,602,871,0,0,
20230728.csv,legacy,1389,685,704,0,0,
20230731.csv,legacy,1389,675,714,0,0,
20230801.csv,legacy,1393,671,722,0,0,
20230802.csv,legacy,1393,604,789,0,0,
20230803.csv,legacy,1401,561,840,0,0,
20230804.csv,legacy,1359,670,689,0,0,
20230807.csv,legacy,1363,668,695,0,0,
20230808.csv,legacy,1367,675,692,0,0,
20230809.csv,legacy,1367,639,728,0,0,
20230810.csv,legacy,1369,610,759,0,0,
20230811.csv,legacy,1343,705,638,0,0,
20230814.csv,legacy,1347,634,713,0,0,
20230816.csv,legacy,1347,650,697,0,0,
20230817.csv,legacy,1347,608,739,0,0,
20230818.csv,legacy,1333,697,636,0,0,
20230821.csv,legacy,1343,695,648,0,0,
20230822.csv,legacy,1345,699,646,0,0,
20230823.csv,legacy,1345,671,674,0,0,
20230824.csv,legacy,1347,622,725,0,0,
20230825.csv,legacy,1319,675,644,0,0,
20230828.csv,legacy,1333,686,647,0,0,
20230829.csv,legacy,1333,688,645,0,0,
20230830.csv,legacy,1333,670,663,0,0,
20230831.csv,legacy,1333,602,731,0,0,
20230901.csv,legacy,1265,655,610,0,0,
20230904.csv,legacy,1275,670,605,0,0,
20230905.csv,legacy,1287,671,616,0,0,
20230906.csv,legacy,1287,649,638,0,0,
20230907.csv,legacy,1295,592,703,0,0,
20230908.csv,legacy,1303,677,626,0,0,
20230911.csv,legacy,1315,648,667,0,0,
20230912.csv,legacy,1363,669,694,0,0,
20230913.csv,legacy,1363,637,726,0,0,
20230914.csv,legacy,1377,621,756,0,0,
20230915.csv,legacy,1357,698,659,0,0,
20230918.csv,legacy,1385,711,674,0,0,
20230920.csv,legacy,1385,677,708,0,0,
20230921.csv,legacy,1393,627,766,0,0,
20230922.csv,legacy,1361,675,686,0,0,
20230925.csv,legacy,1373,664,709,0,0,
20230926.csv,legacy,1373,641,732,0,0,
20230927.csv,legacy,1373,591,782,0,0,
20230928.csv,legacy,1373,562,811,0,0,
20230929.csv,legacy,1336,624,712,0,0,
20231003.csv,legacy,1342,601,741,0,0,
20231004.csv,legacy,1342,522,820,0,0,
20231005.csv,legacy,1352,529,823,0,0,
20231006.csv,legacy,1314,610,704,0,0,
20231009.csv,legacy,1318,595,723,0,0,
20231010.csv,legacy,1320,594,726,0,0,
20231011.csv,legacy,1324,571,753,0,0,
20231012.csv,legacy,1334,530,804,0,0,
20231013.csv,legacy,1304,624,680,0,0,
20231016.csv,legacy,1306,628,678,0,0,
20231017.csv,legacy,1306,629,677,0,0,
20231018.csv,legacy,1306,596,710,0,0,
20231019.csv,legacy,1310,538,772,0,0,
20231020.csv,legacy,1282,618,664,0,0,
20231023.csv,legacy,1286,553,733,0,0,
20231025.csv,legacy,1326,522,804,0,0,
20231026.csv,legacy,1378,513,865,0,0,
20231027.csv,legacy,1392,642,750,0,0,
20231030.csv,legacy,1400,631,769,0,0,
20231031.csv,legacy,1404,642,762,0,0,
20231101.csv,legacy,1404,626,778,0,0,
20231102.csv,legacy,1404,572,832,0,0,
20231103.csv,legacy,1366,662,704,0,0,
20231106.csv,legacy,1374,644,730,0,0,
20231107.csv,legacy,1386,659,727,0,0,
20231108.csv,legacy,1386,661,725,0,0,
20231109.csv,legacy,1390,625,765,0,0,
20231110.csv,legacy,1352,686,666,0,0,
20231113.csv,legacy,1366,659,707,0,0,
20231115.csv,legacy,1366,591,775,0,0,
20231116.csv,legacy,1388,537,851,0,0,
20231117.csv,legacy,1358,671,687,0,0,
20231120.csv,legacy,1358,649,709,0,0,
20231121.csv,legacy,1360,642,718,0,0,
20231122.csv,legacy,1370,643,727,0,0,
20231123.csv,legacy,1370,596,774,0,0,
20231124.csv,legacy,1332,678,654,0,0,
20231128.csv,legacy,1332,593,739,0,0,
20231129.csv,legacy,1356,570,786,0,0,
20231130.csv,legacy,1404,571,833,0,0,
20231201.csv,legacy,1362,645,717,0,0,
20231204.csv,legacy,1390,592,798,0,0,
20231205.csv,legacy,1536,668,868,0,0,
20231206.csv,legacy,1578,677,901,0,0,
20231207.csv,legacy,1606,689,917,0,0,
20231208.csv,legacy,1534,734,800,0,0,
20231211.csv,legacy,1536,719,817,0,0,
20231212.csv,legacy,1550,715,835,0,0,
20231213.csv,legacy,1550,670,880,0,0,
20231214.csv,legacy,1550,615,935,0,0,
20231215.csv,legacy,1534,693,841,0,0,
20231218.csv,legacy,1604,724,880,0,0,
20231219.csv,legacy,1604,718,886,0,0,
20231220.csv,legacy,1604,666,938,0,0,
20231221.csv,legacy,1606,630,976,0,0,
20231222.csv,legacy,1536,719,817,0,0,
20231226.csv,legacy,1540,702,838,0,0,
20231227.csv,legacy,1544,657,887,0,0,
20231228.csv,legacy,1620,668,952,0,0,
20231229.csv,legacy,1500,698,802,0,0,
20240101.csv,legacy,1502,660,842,0,0,
20240102.csv,legacy,1502,650,852,0,0,
20240103.csv,legacy,1506,635,871,0,0,
20240104.csv,legacy,1510,587,923,0,0,
20240105.csv,legacy,1430,659,771,0,0,
20240108.csv,legacy,1488,676,812,0,0,
20240109.csv,legacy,1504,686,818,0,0,
20240110.csv,legacy,1504,646,858,0,0,
20240111.csv,legacy,1504,655,849,0,0,
20240112.csv,legacy,1482,716,766,0,0,
20240115.csv,legacy,1540,705,835,0,0,
20240116.csv,legacy,1596,727,869,0,0,
20240117.csv,legacy,1596,687,909,0,0,
20240118.csv,legacy,1600,644,956,0,0,
20240119.csv,legacy,1595,771,824,0,0,
20240123.csv,legacy,1601,679,922,0,0,
20240124.csv,legacy,1641,679,962,0,0,
20240125.csv,legacy,1641,671,970,0,0,
20240129.csv,legacy,1521,739,782,0,0,
20240130.csv,legacy,1543,759,784,0,0,
20240131.csv,legacy,1543,748,795,0,0,
20240201.csv,legacy,1543,676,867,0,0,
20240202.csv,legacy,1509,739,770,0,0,
20240205.csv,legacy,1523,709,814,0,0,
20240206.csv,legacy,1523,734,789,0,0,
20240207.csv,legacy,1535,725,810,0,0,
20240208.csv,legacy,1535,650,885,0,0,
20240209.csv,legacy,1501,780,721,0,0,
20240212.csv,legacy,1505,759,746,0,0,
20240213.csv,legacy,1513,760,753,0,0,
20240214.csv,legacy,1513,710,803,0,0,
20240215.csv,legacy,1515,670,845,0,0,
20240216.csv,legacy,1483,761,722,0,0,
20240219.csv,legacy,1507,758,749,0,0,
20240220.csv,legacy,1517,758,759,0,0,
20240221.csv,legacy,1545,756,789,0,0,
20240222.csv,legacy,1545,675,870,0,0,
20240223.csv,legacy,1507,798,709,0,0,
20240226.csv,legacy,1507,753,754,0,0,
20240227.csv,legacy,1511,775,736,0,0,
20240228.csv,legacy,1511,671,840,0,0,
20240229.csv,legacy,1517,682,835,0,0,
20240301.csv,legacy,1445,736,709,0,0,
20240304.csv,legacy,1507,764,743,0,0,
20240305.csv,legacy,1507,730,777,0,0,
20240306.csv,legacy,1507,693,814,0,0,
20240307.csv,legacy,1521,670,851,0,0,
20240311.csv,legacy,1499,778,721,0,0,
20240312.csv,legacy,1505,780,725,0,0,
20240313.csv,legacy,1505,673,832,0,0,
20240314.csv,legacy,1519,665,854,0,0,
20240315.csv,legacy,1483,771,712,0,0,
20240318.csv,legacy,1489,741,748,0,0,
20240319.csv,legacy,1489,709,780,0,0,
20240320.csv,legacy,1523,720,803,0,0,
20240321.csv,legacy,1523,678,845,0,0,
20240322.csv,legacy,1495,746,749,0,0,
20240326.csv,legacy,1499,733,766,0,0,
20240327.csv,legacy,1499,731,768,0,0,
20240328.csv,legacy,1499,649,850,0,0,
20240401.csv,legacy,1463,692,771,0,0,
20240402.csv,legacy,1475,658,817,0,0,
20240403.csv,legacy,1475,445,1030,0,0,
20240404.csv,legacy,1475,502,973,0,0,
20240405.csv,legacy,1475,752,723,0,0,
20240408.csv,legacy,1475,699,776,0,0,
20240409.csv,legacy,1517,683,834,0,0,
20240410.csv,legacy,1517,689,828,0,0,
20240412.csv,legacy,1507,752,755,0,0,
20240415.csv,legacy,1517,706,811,0,0,
20240416.csv,legacy,1541,692,849,0,0,
20240418.csv,legacy,1553,616,937,0,0,
20240419.csv,legacy,1533,724,809,0,0,
20240422.csv,legacy,1539,734,805,0,0,
20240423.csv,legacy,1547,720,827,0,0,
20240424.csv,legacy,1547,705,842,0,0,
20240425.csv,legacy,1549,515,1034,0,0,
20240426.csv,legacy,1499,743,756,0,0,
20240429.csv,legacy,1505,728,777,0,0,
20240430.csv,legacy,1513,696,817,0,0,
20240502.csv,legacy,1513,637,876,0,0,
20240503.csv,legacy,1483,707,776,0,0,
20240506.csv,legacy,1489,577,912,0,0,
20240507.csv,legacy,1491,629,862,0,0,
20240508.csv,legacy,1501,543,958,0,0,
20240509.csv,legacy,1501,485,1016,0,0,
20240510.csv,legacy,1505,665,840,0,0,
20240513.csv,legacy,1509,588,921,0,0,
20240514.csv,legacy,1511,615,896,0,0,
20240515.csv,legacy,1515,632,883,0,0,
20240516.csv,legacy,1515,569,946,0,0,
20240517.csv,legacy,1491,814,677,0,0,
20240521.csv,legacy,1499,807,692,0,0,
20240522.csv,legacy,1503,667,836,0,0,
20240523.csv,legacy,1507,643,864,0,0,
20240524.csv,legacy,1547,885,662,0,0,
20240527.csv,legacy,1547,847,700,0,0,
20240528.csv,legacy,1547,882,665,0,0,
20240529.csv,legacy,1549,820,729,0,0,
20240530.csv,legacy,1557,764,793,0,0,
20240531.csv,legacy,1519,793,726,0,0,
20240603.csv,legacy,1527,740,787,0,0,
20240604.csv,legacy,1663,774,889,0,0,
20240605.csv,legacy,1695,715,980,0,0,
20240606.csv,legacy,1695,704,991,0,0,
20240607.csv,legacy,1641,711,930,0,0,
20240610.csv,legacy,1673,596,1077,0,0,
20240611.csv,legacy,1673,611,1062,0,0,
20240612.csv,legacy,1673,610,1063,0,0,
20240613.csv,legacy,1673,642,1031,0,0,
20240614.csv,legacy,1641,735,906,0,0,
20240618.csv,legacy,1655,709,946,0,0,
20240619.csv,legacy,1705,699,1006,0,0,
20240620.csv,legacy,1705,725,980,0,0,
20240621.csv,legacy,1639,715,924,0,0,
20240624.csv,legacy,1641,712,929,0,0,
20240625.csv,legacy,1641,682,959,0,0,
20240626.csv,legacy,1683,745,938,0,0,
20240627.csv,legacy,1725,678,1047,0,0,
20240628.csv,legacy,1660,819,841,0,0,
20240701.csv,legacy,1662,812,850,0,0,
20240702.csv,legacy,1690,817,873,0,0,
20240703.csv,legacy,1690,778,912,0,0,
20240704.csv,legacy,1730,717,1013,0,0,
20240705.csv,legacy,1634,835,799,0,0,
20240708.csv,udiff,1634,851,783,0,0,
20240709.csv,udiff,1634,799,835,0,0,
20240710.csv,udiff,1676,738,938,0,0,
20240711.csv,udiff,1676,730,946,0,0,
20240712.csv,udiff,1610,811,799,0,0,
20240715.csv,udiff,1652,858,794,0,0,
20240716.csv,udiff,1680,836,844,0,0,
20240718.csv,udiff,1680,718,962,0,0,
20240719.csv,udiff,1680,843,837,0,0,
20240722.csv,udiff,1690,817,873,0,0,
20240723.csv,udiff,1692,671,1021,0,0,
20240724.csv,udiff,1692,645,1047,0,0,
20240725.csv,udiff,1696,641,1055,0,0,
20240726.csv,udiff,1580,724,856,0,0,
20240729.csv,udiff,1610,683,927,0,0,
20240730.csv,udiff,1610,754,856,0,0,
20240731.csv,udiff,1610,762,848,0,0,
20240801.csv,udiff,1638,704,934,0,0,
20240802.csv,udiff,1592,795,797,0,0,
20240805.csv,udiff,1606,726,880,0,0,
20240806.csv,udiff,1678,749,929,0,0,
20240807.csv,udiff,1688,776,912,0,0,
20240808.csv,udiff,1688,748,940,0,0,
20240809.csv,udiff,1648,851,797,0,0,
20240812.csv,udiff,1658,792,866,0,0,
20240813.csv,udiff,1658,778,880,0,0,
20240814.csv,udiff,1658,759,899,0,0,
20240816.csv,udiff,1618,816,802,0,0,
20240819.csv,udiff,1642,837,805,0,0,
20240820.csv,udiff,1642,821,821,0,0,
20240821.csv,udiff,1654,806,848,0,0,
20240822.csv,udiff,1658,736,922,0,0,
20240823.csv,udiff,1622,858,764,0,0,
20240826.csv,udiff,1622,792,830,0,0,
20240827.csv,udiff,1646,770,876,0,0,
20240828.csv,udiff,1646,749,897,0,0,
20240829.csv,udiff,1660,663,997,0,0,
20240830.csv,udiff,1558,784,774,0,0,
20240902.csv,udiff,1584,757,827,0,0,
20240903.csv,udiff,1598,765,833,0,0,
20240904.csv,udiff,1598,693,905,0,0,
20240905.csv,udiff,1598,709,889,0,0,
20240906.csv,udiff,1546,725,821,0,0,
20240909.csv,udiff,1570,741,829,0,0,
20240910.csv,udiff,1570,735,835,0,0,
20240911.csv,udiff,1570,702,868,0,0,
20240912.csv,udiff,1570,648,922,0,0,
20240913.csv,udiff,1552,787,765,0,0,
20240916.csv,udiff,1554,763,791,0,0,
20240917.csv,udiff,1554,742,812,0,0,
20240918.csv,udiff,1554,731,823,0,0,
20240919.csv,udiff,1554,643,911,0,0,
20240920.csv,udiff,1504,706,798,0,0,
20240923.csv,udiff,1638,777,861,0,0,
20240924.csv,udiff,1680,794,886,0,0,
20240925.csv,udiff,1680,756,924,0,0,
20240926.csv,udiff,1694,670,1024,0,0,
20240927.csv,udiff,1660,810,850,0,0,
20240930.csv,udiff,1660,773,887,0,0,
20241001.csv,udiff,1676,785,891,0,0,
20241003.csv,udiff,1676,653,1023,0,0,
20241004.csv,udiff,1652,704,948,0,0,
20241007.csv,udiff,1692,711,981,0,0,
20241008.csv,udiff,1728,762,966,0,0,
20241009.csv,udiff,1728,714,1014,0,0,
20241010.csv,udiff,1728,596,1132,0,0,
20241011.csv,udiff,1672,832,840,0,0,
20241014.csv,udiff,1674,823,851,0,0,
20241015.csv,udiff,1680,789,891,0,0,
20241016.csv,udiff,1680,774,906,0,0,
20241017.csv,udiff,1680,692,988,0,0,
20241018.csv,udiff,1638,763,875,0,0,
20241021.csv,udiff,1642,786,856,0,0,
20241022.csv,udiff,1642,756,886,0,0,
20241023.csv,udiff,1716,765,951,0,0,
20241024.csv,udiff,1716,757,959,0,0,
20241025.csv,udiff,1656,764,892,0,0,
20241028.csv,udiff,1704,798,906,0,0,
20241029.csv,udiff,1704,762,942,0,0,
20241030.csv,udiff,1706,776,930,0,0,
20241031.csv,udiff,1706,712,994,0,0,
20241101.csv,udiff,1618,950,668,0,0,
20241104.csv,udiff,1622,733,889,0,0,
20241105.csv,udiff,1678,726,952,0,0,
20241106.csv,udiff,1678,729,949,0,0,
20241107.csv,udiff,1688,730,958,0,0,
20241108.csv,udiff,1638,819,819,0,0,
20241111.csv,udiff,1640,780,860,0,0,
20241112.csv,udiff,1640,666,974,0,0,
20241113.csv,udiff,1674,648,1026,0,0,
20241114.csv,udiff,1770,672,1098,0,0,
20241118.csv,udiff,1706,661,1045,0,0,
20241119.csv,udiff,1748,758,990,0,0,
20241121.csv,udiff,1748,719,1029,0,0,
20241122.csv,udiff,1716,810,906,0,0,
20241125.csv,udiff,1752,805,947,0,0,
20241126.csv,udiff,1776,827,949,0,0,
20241127.csv,udiff,1776,804,972,0,0,
20241128.csv,udiff,1782,743,1039,0,0,
20241129.csv,udiff,1668,835,833,0,0,
20241202.csv,udiff,1678,811,867,0,0,
20241203.csv,udiff,1690,784,906,0,0,
20241204.csv,udiff,1714,785,929,0,0,
20241205.csv,udiff,1714,700,1014,0,0,
20241206.csv,udiff,1716,863,853,0,0,
20241209.csv,udiff,1716,835,881,0,0,
20241210.csv,udiff,1720,851,869,0,0,
20241211.csv,udiff,1720,843,877,0,0,
20241212.csv,udiff,1720,818,902,0,0,
20241213.csv,udiff,1668,791,877,0,0,
20241216.csv,udiff,1686,846,840,0,0,
20241217.csv,udiff,1686,694,992,0,0,
20241218.csv,udiff,1702,778,924,0,0,
20241219.csv,udiff,1714,767,947,0,0,
20241220.csv,udiff,1678,797,881,0,0,
20241223.csv,udiff,1732,804,928,0,0,
20241224.csv,udiff,1732,768,964,0,0,
20241226.csv,udiff,1732,713,1019,0,0,
20241227.csv,udiff,1559,769,790,0,0,
20241230.csv,udiff,1561,713,848,0,0,
20241231.csv,udiff,1565,704,861,0,0,
20250101.csv,udiff,1565,692,873,0,0,
20250102.csv,udiff,1565,634,931,0,0,
20250103.csv,udiff,1535,735,800,0,0,
20250106.csv,udiff,1543,685,858,0,0,
20250107.csv,udiff,1561,708,853,0,0,
20250108.csv,udiff,1561,654,907,0,0,
20250109.csv,udiff,1561,664,897,0,0,
20250110.csv,udiff,1525,737,788,0,0,
20250113.csv,udiff,1563,689,874,0,0,
20250114.csv,udiff,1657,757,900,0,0,
20250115.csv,udiff,1657,787,870,0,0,
20250116.csv,udiff,1657,757,900,0,0,
20250117.csv,udiff,1591,781,810,0,0,
20250120.csv,udiff,1595,836,759,0,0,
20250121.csv,udiff,1597,806,791,0,0,
20250122.csv,udiff,1629,799,830,0,0,
20250123.csv,udiff,1629,803,826,0,0,
20250124.csv,udiff,1581,840,741,0,0,
20250127.csv,udiff,1585,817,768,0,0,
20250128.csv,udiff,1631,835,796,0,0,
20250129.csv,udiff,1631,839,792,0,0,
20250130.csv,udiff,1631,794,837,0,0,
20250131.csv,udiff,1557,818,739,0,0,
20250203.csv,udiff,1583,799,784,0,0,
20250204.csv,udiff,1583,757,826,0,0,
20250205.csv,udiff,1621,752,869,0,0,
20250206.csv,udiff,1621,760,861,0,0,
20250207.csv,udiff,1567,797,770,0,0,
20250210.csv,udiff,1569,799,770,0,0,
20250211.csv,udiff,1575,734,841,0,0,
20250212.csv,udiff,1597,681,916,0,0,
20250213.csv,udiff,1597,674,923,0,0,
20250214.csv,udiff,1561,760,801,0,0,
20250217.csv,udiff,1573,677,896,0,0,
20250218.csv,udiff,1573,750,823,0,0,
20250219.csv,udiff,1573,711,862,0,0,
20250220.csv,udiff,1573,696,877,0,0,
20250221.csv,udiff,1543,645,898,0,0,
20250224.csv,udiff,1565,698,867,0,0,
20250225.csv,udiff,1633,714,919,0,0,
20250227.csv,udiff,1633,679,954,0,0,
20250228.csv,udiff,1545,501,1044,0,0,
20250303.csv,udiff,1688,422,1266,0,0,
20250304.csv,udiff,1688,730,958,0,0,
20250305.csv,udiff,1688,397,1291,0,0,
20250306.csv,udiff,1688,410,1278,0,0,
20250307.csv,udiff,1622,674,948,0,0,
20250310.csv,udiff,1622,724,898,0,0,
20250311.csv,udiff,1626,719,907,0,0,
20250312.csv,udiff,1626,673,953,0,0,
20250313.csv,udiff,1626,695,931,0,0,
20250317.csv,udiff,1568,726,842,0,0,
20250318.csv,udiff,1572,488,1084,0,0,
20250319.csv,udiff,1610,702,908,0,0,
20250320.csv,udiff,1616,475,1141,0,0,
20250321.csv,udiff,1626,531,1095,0,0,
20250324.csv,udiff,1656,517,1139,0,0,
20250325.csv,udiff,1716,541,1175,0,0,
20250326.csv,udiff,1716,659,1057,0,0,
20250327.csv,udiff,1716,655,1061,0,0,
20250328.csv,udiff,1628,708,920,0,0,
20250401.csv,udiff,1632,523,1109,0,0,
20250402.csv,udiff,1650,702,948,0,0,
20250403.csv,udiff,1650,684,966,0,0,
20250404.csv,udiff,1588,528,1060,0,0,
20250407.csv,udiff,1680,677,1003,0,0,
20250408.csv,udiff,1732,599,1133,0,0,
20250409.csv,udiff,1732,622,1110,0,0,
20250411.csv,udiff,1672,704,968,0,0,
20250415.csv,udiff,1690,667,1023,0,0,
20250416.csv,udiff,1714,722,992,0,0,
20250417.csv,udiff,1722,525,1197,0,0,
20250421.csv,udiff,1724,613,1111,0,0,
20250422.csv,udiff,1808,841,967,0,0,
20250423.csv,udiff,1808,748,1060,0,0,
20250424.csv,udiff,1862,824,1038,0,0,
20250425.csv,udiff,1772,612,1160,0,0,
20250428.csv,udiff,1780,834,946,0,0,
20250429.csv,udiff,1784,757,1027,0,0,
20250430.csv,udiff,1784,778,1006,0,0,
20250502.csv,udiff,1696,630,1066,0,0,
20250505.csv,udiff,1696,779,917,0,0,
20250506.csv,udiff,1724,830,894,0,0,
20250507.csv,udiff,1724,631,1093,0,0,
20250508.csv,udiff,1724,513,1211,0,0,
20250509.csv,udiff,1636,584,1052,0,0,
20250512.csv,udiff,1658,557,1101,0,0,
20250513.csv,udiff,1812,568,1244,0,0,
20250514.csv,udiff,1812,670,1142,0,0,
20250515.csv,udiff,1812,551,1261,0,0,
20250516.csv,udiff,1748,810,938,0,0,
20250519.csv,udiff,1750,833,917,0,0,
20250520.csv,udiff,1752,784,968,0,0,
20250521.csv,udiff,1762,565,1197,0,0,
20250522.csv,udiff,1762,551,1211,0,0,
20250523.csv,udiff,1718,607,1111,0,0,
20250526.csv,udiff,1728,672,1056,0,0,
20250527.csv,udiff,1734,595,1139,0,0,
20250528.csv,udiff,1734,629,1105,0,0,
20250529.csv,udiff,1734,627,1107,0,0,
20250530.csv,udiff,1616,798,818,0,0,
20250602.csv,udiff,1620,572,1048,0,0,
20250603.csv,udiff,1622,547,1075,0,0,
20250604.csv,udiff,1632,729,903,0,0,
20250605.csv,udiff,1632,542,1090,0,0,
20250606.csv,udiff,1590,669,921,0,0,
20250609.csv,udiff,1606,778,828,0,0,
20250610.csv,udiff,1626,758,868,0,0,
20250611.csv,udiff,1626,698,928,0,0,
20250612.csv,udiff,1640,566,1074,0,0,
20250613.csv,udiff,1594,681,913,0,0,
20250616.csv,udiff,1604,552,1052,0,0,
20250617.csv,udiff,1606,703,903,0,0,
20250618.csv,udiff,1606,686,920,0,0,
20250619.csv,udiff,1606,669,937,0,0,
20250620.csv,udiff,1582,540,1042,0,0,
20250623.csv,udiff,1600,523,1077,0,0,
20250624.csv,udiff,1600,495,1105,0,0,
20250625.csv,udiff,1600,608,992,0,0,
20250626.csv,udiff,1630,583,1047,0,0,
20250627.csv,udiff,1540,642,898,0,0,
20250630.csv,udiff,1568,622,946,0,0,
20250701.csv,udiff,1570,666,904,0,0,
20250702.csv,udiff,1570,471,1099,0,0,
20250703.csv,udiff,1589,584,1005,0,0,
20250704.csv,udiff,1547,701,846,0,0,
20250707.csv,udiff,1549,731,818,0,0,
20250708.csv,udiff,1549,707,842,0,0,
20250709.csv,udiff,1551,679,872,0,0,
20250710.csv,udiff,1551,568,983,0,0,
20250711.csv,udiff,1517,690,827,0,0,
20250714.csv,udiff,1541,702,839,0,0,
20250715.csv,udiff,1547,570,977,0,0,
20250716.csv,udiff,1547,697,850,0,0,
20250717.csv,udiff,1547,662,885,0,0,
20250718.csv,udiff,1509,711,798,0,0,
20250721.csv,udiff,1533,729,804,0,0,
20250722.csv,udiff,1533,737,796,0,0,
20250723.csv,udiff,1533,712,821,0,0,
20250724.csv,udiff,1537,614,923,0,0,
20250725.csv,udiff,1503,661,842,0,0,
20250728.csv,udiff,1527,646,881,0,0,
20250729.csv,udiff,1555,689,866,0,0,
20250730.csv,udiff,1555,684,871,0,0,
20250731.csv,udiff,1555,587,968,0,0,
20250801.csv,udiff,1489,683,806,0,0,
20250804.csv,udiff,1527,707,820,0,0,
20250805.csv,udiff,1527,688,839,0,0,
20250806.csv,udiff,1527,623,904,0,0,
20250807.csv,udiff,1527,403,1124,0,0,
20250808.csv,udiff,1489,654,835,0,0,
20250811.csv,udiff,1560,710,850,0,0,
20250812.csv,udiff,1560,564,996,0,0,
20250813.csv,udiff,1560,684,876,0,0,
20250814.csv,udiff,1560,708,852,0,0,
20250818.csv,udiff,1522,557,965,0,0,
20250819.csv,udiff,1548,747,801,0,0,
20250820.csv,udiff,1560,727,833,0,0,
20250821.csv,udiff,1566,707,859,0,0,
20250822.csv,udiff,1540,711,829,0,0,
20250825.csv,udiff,1550,723,827,0,0,
20250826.csv,udiff,1550,633,917,0,0,
20250828.csv,udiff,1556,541,1015,0,0,
20250829.csv,udiff,1518,660,858,0,0,
20250901.csv,udiff,1524,672,852,0,0,
20250902.csv,udiff,1530,519,1011,0,0,
20250903.csv,udiff,1500,725,775,0,0,
20250904.csv,udiff,1506,513,993,0,0,
20250905.csv,udiff,1510,539,971,0,0,
20250908.csv,udiff,1510,587,923,0,0,
20250909.csv,udiff,1510,691,819,0,0,
20250910.csv,udiff,1488,754,734,0,0,
20250911.csv,udiff,1500,779,721,0,0,
20250912.csv,udiff,1506,734,772,0,0,
20250915.csv,udiff,1518,741,777,0,0,
20250916.csv,udiff,1518,680,838,0,0,
20250917.csv,udiff,1522,775,747,0,0,
20250918.csv,udiff,1546,803,743,0,0,
20250919.csv,udiff,1558,775,783,0,0,
20250922.csv,udiff,1558,743,815,0,0,
20250923.csv,udiff,1560,690,870,0,0,
20250924.csv,udiff,1524,792,732,0,0,
20250925.csv,udiff,1532,756,776,0,0,
20250926.csv,udiff,1544,674,870,0,0,
20250929.csv,udiff,1572,684,888,0,0,
20250930.csv,udiff,1572,681,891,0,0,
20251001.csv,udiff,1522,644,878,0,0,
20251003.csv,udiff,1532,689,843,0,0,
20251006.csv,udiff,1534,682,852,0,0,
20251007.csv,udiff,1542,662,880,0,0,
20251008.csv,udiff,1510,702,808,0,0,
20251009.csv,udiff,1512,739,773,0,0,
20251010.csv,udiff,1522,712,810,0,0,
20251013.csv,udiff,1532,631,901,0,0,
20251014.csv,udiff,1532,665,867,0,0,
20251015.csv,udiff,1500,752,748,0,0,
20251016.csv,udiff,1506,681,825,0,0,
20251017.csv,udiff,1580,554,1026,0,0,
20251020.csv,udiff,1608,550,1058,0,0,
20251021.csv,udiff,1600,904,696,0,0,
20251023.csv,udiff,1600,735,865,0,0,
20251024.csv,udiff,1614,623,991,0,0,
20251027.csv,udiff,1616,579,1037,0,0,
20251028.csv,udiff,1630,519,1111,0,0,
20251029.csv,udiff,1566,531,1035,0,0,
20251030.csv,udiff,1594,468,1126,0,0,
20251031.csv,udiff,1596,639,957,0,0,
20251103.csv,udiff,1608,576,1032,0,0,
20251104.csv,udiff,1608,569,1039,0,0,
20251106.csv,udiff,1558,664,894,0,0,
20251107.csv,udiff,1570,498,1072,0,0,
20251110.csv,udiff,1570,648,922,0,0,
20251111.csv,udiff,1570,468,1102,0,0,
20251112.csv,udiff,1534,592,942,0,0,
20251113.csv,udiff,1550,537,1013,0,0,
20251114.csv,udiff,1550,449,1101,0,0,
20251117.csv,udiff,1550,456,1094,0,0,
20251118.csv,udiff,1558,620,938,0,0,
20251119.csv,udiff,1522,596,926,0,0,
20251120.csv,udiff,1532,551,981,0,0,
20251121.csv,udiff,1574,559,1015,0,0,
20251124.csv,udiff,1574,624,950,0,0,
20251125.csv,udiff,1574,614,960,0,0,
20251126.csv,udiff,1504,547,957,0,0,
20251127.csv,udiff,1516,536,980,0,0,
20251128.csv,udiff,1516,528,988,0,0,
20251201.csv,udiff,1516,500,1016,0,0,
20251202.csv,udiff,1516,467,1049,0,0,
20251203.csv,udiff,1488,522,966,0,0,
20251204.csv,udiff,1490,535,955,0,0,
20251205.csv,udiff,1490,520,970,0,0,
20251208.csv,udiff,1496,496,1000,0,0,
20251209.csv,udiff,1498,461,1037,0,0,
20251210.csv,udiff,1478,596,882,0,0,
20251211.csv,udiff,1494,538,956,0,0,
20251212.csv,udiff,1496,602,894,0,0,
20251215.csv,udiff,1502,579,923,0,0,
20251216.csv,udiff,1502,645,857,0,0,
20251217.csv,udiff,1482,688,794,0,0,
20251218.csv,udiff,1484,635,849,0,0,
20251219.csv,udiff,1484,628,856,0,0,
20251222.csv,udiff,1488,632,856,0,0,
20251223.csv,udiff,1500,570,930,0,0,
20251224.csv,udiff,1486,709,777,0,0,
20251226.csv,udiff,1488,663,825,0,0,
20251229.csv,udiff,1492,616,876,0,0,
20251230.csv,udiff,1496,586,910,0,0,
20251231.csv,udiff,1436,490,946,0,0,
20260101.csv,udiff,1444,532,912,0,0,
20260102.csv,udiff,1444,477,967,0,0,
20260105.csv,udiff,1508,461,1047,0,0,
20260106.csv,udiff,1508,453,1055,0,0,
20260107.csv,udiff,1484,508,976,0,0,
20260108.csv,udiff,1486,453,1033,0,0,
20260109.csv,udiff,1500,444,1056,0,0,
20260112.csv,udiff,1530,384,1146,0,0,
20260113.csv,udiff,1530,398,1132,0,0,
20260114.csv,udiff,1504,530,974,0,0,
20260116.csv,udiff,1518,451,1067,0,0,
20260119.csv,udiff,1518,420,1098,0,0,
20260120.csv,udiff,1530,388,1142,0,0,
20260121.csv,udiff,1580,427,1153,0,0,
20260122.csv,udiff,1608,440,1168,0,0,
20260123.csv,udiff,1610,472,1138,0,0,
20260127.csv,udiff,1638,427,1211,0,0,
20260128.csv,udiff,1586,517,1069,0,0,
20260129.csv,udiff,1594,459,1135,0,0,
20260130.csv,udiff,1598,406,1192,0,0,
20260202.csv,udiff,1660,405,1255,0,0,
20260203.csv,udiff,1694,442,1252,0,0,
20260204.csv,udiff,1634,500,1134,0,0,
20260205.csv,udiff,1636,519,1117,0,0,
20260206.csv,udiff,1640,496,1144,0,0,
20260209.csv,udiff,1640,522,1118,0,0,
20260210.csv,udiff,1648,533,1115,0,0,
20260211.csv,udiff,1610,602,1008,0,0,
20260212.csv,udiff,1610,584,1026,0,0,
20260213.csv,udiff,1616,501,1115,0,0,
20260216.csv,udiff,1638,508,1130,0,0,
20260217.csv,udiff,1638,520,1118,0,0,
20260218.csv,udiff,1594,578,1016,0,0,
20260219.csv,udiff,1596,515,1081,0,0,
20260220.csv,udiff,1608,476,1132,0,0,
20260223.csv,udiff,1608,446,1162,0,0,
20260224.csv,udiff,1608,407,1201,0,0,
20260225.csv,udiff,1554,611,943,0,0,
20260226.csv,udiff,1558,640,918,0,0,
20260227.csv,udiff,1558,568,990,0,0,
20260302.csv,udiff,1590,442,1148,0,0,
20260304.csv,udiff,1602,545,1057,0,0,
20260305.csv,udiff,1720,678,1042,0,0,
20260306.csv,udiff,1720,703,1017,0,0,
20260309.csv,udiff,2082,910,1172,0,0,
20260310.csv,udiff,2082,852,1230,0,0,
20260311.csv,udiff,2012,718,1294,0,0,
20260312.csv,udiff,2012,889,1123,0,0,
20260313.csv,udiff,2152,765,1387,0,0,
20260316.csv,udiff,2171,739,1432,0,0,
20260317.csv,udiff,2171,863,1308,0,0,
20260318.csv,udiff,2041,932,1109,0,0,
20260319.csv,udiff,2113,939,1174,0,0,
20260320.csv,udiff,2113,947,1166,0,0,
20260323.csv,udiff,2211,920,1291,0,0,
20260324.csv,udiff,2211,860,1351,0,0,
20260325.csv,udiff,2103,1031,1072,0,0,
20260327.csv,udiff,2123,979,1144,0,0,
20260330.csv,udiff,2213,961,1252,0,0,
20260401.csv,udiff,2078,1068,1010,0,0,
20260402.csv,udiff,2122,988,1134,0,0,
20260406.csv,udiff,2122,868,1254,0,0,
20260407.csv,udiff,2122,939,1183,0,0,
20260408.csv,udiff,2148,1016,1132,0,0,
20260409.csv,udiff,2150,1005,1145,0,0,
20260410.csv,udiff,2150,962,1188,0,0,
20260413.csv,udiff,2156,972,1184,0,0,
20260415.csv,udiff,2156,1075,1081,0,0,
20260416.csv,udiff,2156,1025,1131,0,0,
20260417.csv,udiff,2156,1023,1133,0,0,
20260420.csv,udiff,2156,924,1232,0,0,
20260421.csv,udiff,2156,939,1217,0,0,
20260422.csv,udiff,2038,972,1066,0,0,
20260423.csv,udiff,2046,970,1076,0,0,
20260424.csv,udiff,2056,895,1161,0,0,
20260427.csv,udiff,2066,867,1199,0,0,
20260428.csv,udiff,2066,845,1221,0,0,
20260429.csv,udiff,1902,859,1043,0,0,
